ONEWEB-0012             
1 44057U 19010A   26274.34493296  .00000145  00000+0  34694-3 0  9990
2 44057  87.9162 207.7107 0002457  74.8050 285.3353 13.16594852365536
ONEWEB-0010             
1 44058U 19010B   26274.29427356  .00000030  00000+0  44671-4 0  9999
2 44058  87.9172 207.7219 0001652  69.4507 290.6801 13.16594244365571
ONEWEB-0008             
1 44059U 19010C   26274.54759636  .00000008  00000+0 -13641-4 0  9996
2 44059  87.9173 207.6664 0002079  86.0216 274.1152 13.16594148365728
ONEWEB-0007             
1 44060U 19010D   26274.36295820  .00000183  00000+0  45276-3 0  9999
2 44060  87.9004 238.0491 0002005  72.3441 287.7908 13.15548714365339
ONEWEB-0006             
1 44061U 19010E   26274.36691720  .00000156  00000+0  37975-3 0  9996
2 44061  87.9015 238.0235 0001824  82.1146 278.0192 13.15547664365383
ONEWEB-0011             
1 44062U 19010F   26273.87888818  .00001231  00000+0  32359-2 0  9993
2 44062  87.9014 238.1322 0002372  68.3836 291.7547 13.15551877365312
ONEWEB-0013             
1 45131U 20008A   26274.61011551  .00000285  00000+0  79116-3 0  9996
2 45131  87.8589  31.3496 0002649  91.6260 268.5170 13.09467850319995
ONEWEB-0017             
1 45132U 20008B   26274.51847504  .00000304  00000+0  83426-3 0  9992
2 45132  87.8915  15.1086 0001640 106.3855 253.7452 13.10370618321874
ONEWEB-0020             
1 45133U 20008C   26274.56429817  .00000291  00000+0  79747-3 0  9997
2 45133  87.8914  15.1002 0001783 101.7246 258.4081 13.10376253322279
ONEWEB-0021             
1 45134U 20008D   26274.57956268  .00000709  00000+0  19952-2 0  9999
2 45134  87.8911  15.1069 0001774  99.2644 260.8684 13.10374478322580
ONEWEB-0023             
1 45136U 20008F   26274.51423810  .00000443  00000+0  12332-2 0  9997
2 45136  87.8917  15.1089 0001942 105.7265 254.4077 13.10370042322004
ONEWEB-0024             
1 45137U 20008G   26274.56272999  .00000158  00000+0  41557-3 0  9998
2 45137  87.8930  15.0987 0001708 100.5392 259.5928 13.10377317322171
ONEWEB-0025             
1 45138U 20008H   26274.56244530  .00000130  00000+0  33741-3 0  9995
2 45138  87.8930  15.0875 0001764 117.0249 243.1058 13.10377349322509
ONEWEB-0026             
1 45139U 20008J   26274.59269910 -.00000037  00000+0 -13938-3 0  9992
2 45139  87.8970 359.9216 0001676 102.8036 257.3279 13.11419374325052
ONEWEB-0028             
1 45140U 20008K   26274.49069708 -.00000350  00000+0 -10220-2 0  9994
2 45140  87.8960 359.9445 0002343  96.1320 264.0075 13.11415042322559
ONEWEB-0032             
1 45141U 20008L   26274.52030052  .00000223  00000+0  60237-3 0  9990
2 45141  87.8916  15.1104 0002271 100.7997 259.3386 13.10369492322228
ONEWEB-0033             
1 45142U 20008M   26274.34201086  .00000490  00000+0  13665-2 0  9996
2 45142  87.8908  15.1478 0001246 103.2515 256.8752 13.10375321322114
ONEWEB-0035             
1 45143U 20008N   26274.51522311  .00000383  00000+0  10606-2 0  9996
2 45143  87.8914  15.1094 0001710 100.3678 259.7642 13.10369416321869
ONEWEB-0036             
1 45144U 20008P   26274.34017587  .00000499  00000+0  13925-2 0  9997
2 45144  87.8934  15.1736 0001966 102.6584 257.4763 13.10374768322269
ONEWEB-0038             
1 45145U 20008Q   26274.52658067  .00000337  00000+0  91600-3 0  9990
2 45145  87.8982 359.9577 0002025  49.8119 310.3186 13.11418871324263
ONEWEB-0039             
1 45146U 20008R   26274.57446829  .00000624  00000+0  17501-2 0  9993
2 45146  87.8921  15.0971 0002251  94.9245 265.2139 13.10375584322094
ONEWEB-0040             
1 45147U 20008S   26274.33861581  .00000412  00000+0  11448-2 0  9993
2 45147  87.8910  15.1490 0002021 107.5247 252.6101 13.10374889321767
ONEWEB-0043             
1 45149U 20008U   26274.56952442  .00000480  00000+0  13396-2 0  9996
2 45149  87.8926  15.1009 0002257  96.5453 263.5932 13.10375413322116
ONEWEB-0044             
1 45150U 20008V   26274.52186584  .00000027  00000+0  41182-4 0  9993
2 45150  87.8910  15.1092 0001914 103.2930 256.8411 13.10369990322400
ONEWEB-0045             
1 45151U 20008W   26274.52135712  .00000176  00000+0  46213-3 0  9995
2 45151  87.8974 359.9341 0001887  98.1991 261.9352 13.11419443324341
ONEWEB-0047             
1 45152U 20008X   26274.51493939  .00000537  00000+0  15033-2 0  9999
2 45152  87.8923  15.1143 0001581  98.0798 262.0509 13.10369898322129
ONEWEB-0048             
1 45153U 20008Y   26274.58635627  .00000554  00000+0  15517-2 0  9995
2 45153  87.8911  15.1102 0001784  97.7146 262.4184 13.10371658321747
ONEWEB-0049             
1 45154U 20008Z   26274.58960780  .00000533  00000+0  14914-2 0  9994
2 45154  87.8910  15.0991 0002064 111.2998 248.8349 13.10369909321962
ONEWEB-0051             
1 45155U 20008AA  26274.59595040  .00000103  00000+0  25359-3 0  9998
2 45155  87.8972 359.9222 0001814 101.8609 258.2723 13.11420201325031
ONEWEB-0052             
1 45156U 20008AB  26274.53386113 -.00000425  00000+0 -12545-2 0  9993
2 45156  87.8920  15.1036 0002106 107.0691 253.0667 13.10370421321867
ONEWEB-0053             
1 45157U 20008AC  26274.33691574  .00000417  00000+0  11578-2 0  9996
2 45157  87.8910  15.1559 0002250 100.6890 259.4490 13.10376342321814
ONEWEB-0054             
1 45158U 20008AD  26274.52525548  .00000037  00000+0  68683-4 0  9994
2 45158  87.8908  15.1077 0001778 104.4546 255.6779 13.10369606321959
ONEWEB-0056             
1 45159U 20008AE  26274.57264106  .00000605  00000+0  16973-2 0  9994
2 45159  87.8926  15.0967 0001706 110.3932 249.7379 13.10374871322112
ONEWEB-0057             
1 45160U 20008AF  26274.58987924  .00000457  00000+0  12720-2 0  9998
2 45160  87.8919  15.1024 0002301 104.8480 255.2902 13.10371740322283
ONEWEB-0058             
1 45161U 20008AG  26274.57632351  .00000624  00000+0  17526-2 0  9994
2 45161  87.8905  15.1014 0001577  97.4369 262.6938 13.10375013322351
ONEWEB-0059             
1 45162U 20008AH  26274.34384638  .00000482  00000+0  13447-2 0  9992
2 45162  87.8917  15.1512 0002275 101.6718 258.4664 13.10374299322220
ONEWEB-0062             
1 45163U 20008AJ  26274.59639019  .00000212  00000+0  57066-3 0  9993
2 45163  87.8918  15.0951 0001441 100.9431 259.1859 13.10369845322120
ONEWEB-0065             
1 45164U 20008AK  26274.32488784 -.00000216  00000+0 -65423-3 0  9998
2 45164  87.8926  15.1570 0001996 108.0950 252.0395 13.10375939321787
ONEWEB-0066             
1 45424U 20020A   26274.27550741 -.00000457  00000+0 -13265-2 0  9991
2 45424  87.8967 359.9856 0001804  96.6887 263.4446 13.11418132316585
ONEWEB-0067             
1 45425U 20020B   26274.54153060  .00000597  00000+0  16482-2 0  9992
2 45425  87.8989 359.8772 0002045  99.8831 260.2527 13.11427766316676
ONEWEB-0080             
1 45426U 20020C   26274.54185655  .00000531  00000+0  14622-2 0  9990
2 45426  87.8978 359.9421 0001502 100.5193 259.6105 13.11415359316641
ONEWEB-0090             
1 45427U 20020D   26274.49434855 -.00000411  00000+0 -11965-2 0  9990
2 45427  87.8976 359.9546 0001753 101.7752 258.3573 13.11418129316609
ONEWEB-0061             
1 45428U 20020E   26274.60260672  .00000387  00000+0  10570-2 0  9999
2 45428  87.8974 359.9140 0001790 100.4527 259.6803 13.11419381316572
ONEWEB-0081             
1 45429U 20020F   26274.58408262 -.00000388  00000+0 -11306-2 0  9997
2 45429  87.8971 359.9258 0002044 100.7225 259.4133 13.11418459316682
ONEWEB-0069             
1 45430U 20020G   26274.28073201 -.00000259  00000+0 -76665-3 0  9994
2 45430  87.8976 359.9911 0001920  95.0174 265.1173 13.11418954316572
ONEWEB-0031             
1 45431U 20020H   26274.46879058  .00000516  00000+0  14209-2 0  9998
2 45431  87.8963 359.9486 0001612 101.7142 258.4167 13.11417756316582
ONEWEB-0027             
1 45432U 20020J   26274.49571883  .00000048  00000+0  89553-4 0  9993
2 45432  87.9191 344.7605 0001648 110.4861 249.6448 13.17648756320352
ONEWEB-0064             
1 45433U 20020K   26274.54339628  .00000514  00000+0  14133-2 0  9997
2 45433  87.8970 359.9319 0001650 104.4927 255.6385 13.11417293316622
ONEWEB-0018             
1 45434U 20020L   26274.57545590 -.00000477  00000+0 -13810-2 0  9999
2 45434  87.8971 359.9257 0001902  88.3317 271.8029 13.11418432316573
ONEWEB-0083             
1 45435U 20020M   26274.48928279 -.00000276  00000+0 -81486-3 0  9991
2 45435  87.8975 359.9418 0001761 100.7279 259.4048 13.11415115316608
ONEWEB-0095             
1 45436U 20020N   26274.48078786  .00000010  00000+0 -79545-5 0  9991
2 45436  87.8963 359.9453 0002019 122.1775 237.9549 13.11416197316609
ONEWEB-0092             
1 45437U 20020P   26274.58760250 -.00000294  00000+0 -86571-3 0  9997
2 45437  87.8977 359.9214 0001781  93.4887 266.6445 13.11419074316734
ONEWEB-0085             
1 45438U 20020Q   26274.56529470 -.00000311  00000+0 -91310-3 0  9990
2 45438  87.8969 359.9271 0001814 102.4911 257.6420 13.11415263316611
ONEWEB-0096             
1 45439U 20020R   26274.49097259 -.00000337  00000+0 -98762-3 0  9994
2 45439  87.8972 359.9419 0001822 105.3099 254.8231 13.11415794316593
ONEWEB-0037             
1 45440U 20020S   26274.59243232 -.00000073  00000+0 -24193-3 0  9995
2 45440  87.8985 359.9016 0001819 106.7684 253.3643 13.11419209316645
ONEWEB-0042             
1 45441U 20020T   26274.48052243  .00000151  00000+0  38950-3 0  9995
2 45441  87.8971 359.9401 0001965 101.2760 258.8589 13.11416631316595
ONEWEB-0098             
1 45442U 20020U   26274.47641934  .00000201  00000+0  53276-3 0  9990
2 45442  87.8959 359.9469 0001748 100.3317 259.8009 13.11413979316571
ONEWEB-0055             
1 45443U 20020V   26274.53140388  .00000523  00000+0  14393-2 0  9998
2 45443  87.8977 359.9399 0001864 103.0073 257.1264 13.11418182316555
ONEWEB-0093             
1 45444U 20020W   26274.60090437  .00000283  00000+0  76160-3 0  9990
2 45444  87.8975 359.9251 0002017  94.1815 265.9544 13.11419590316626
ONEWEB-0029             
1 45445U 20020X   26274.53846765  .00000632  00000+0  17466-2 0  9997
2 45445  87.8967 359.9326 0001975  95.8899 264.2454 13.11417578316595
ONEWEB-0068             
1 45446U 20020Y   26274.51104751 -.00000267  00000+0 -78848-3 0  9996
2 45446  87.8972 359.9399 0001954  96.2172 263.9179 13.11418656316530
ONEWEB-0046             
1 45447U 20020Z   26274.50270170 -.00000486  00000+0 -14070-2 0  9994
2 45447  87.8969 359.9411 0002084 102.3024 257.8338 13.11417763316540
ONEWEB-0063             
1 45448U 20020AA  26274.53166716  .00000486  00000+0  13340-2 0  9995
2 45448  87.8975 359.9430 0001986 108.9963 251.1381 13.11418522316632
ONEWEB-0019             
1 45449U 20020AB  26274.26519585 -.00000400  00000+0 -11656-2 0  9998
2 45449  87.8971 359.9766 0001593  99.0521 261.0787 13.11415989316448
ONEWEB-0094             
1 45450U 20020AC  26274.43765497  .00000094  00000+0  20788-3 0  9998
2 45450  87.9199 344.7628 0001821  92.1879 267.9461 13.17650068320305
ONEWEB-0087             
1 45451U 20020AD  26274.54162053  .00000543  00000+0  14955-2 0  9997
2 45451  87.8969 359.9190 0001959  91.6502 268.4850 13.11421497316524
ONEWEB-0082             
1 45452U 20020AE  26274.53818122  .00000507  00000+0  13948-2 0  9993
2 45452  87.8975 359.9319 0002241  94.8270 265.3114 13.11417447316616
ONEWEB-0050             
1 45453U 20020AF  26274.35127736  .00001365  00000+0  13717-3 0  9996
2 45453  88.9358 218.8000 0002454   3.0548 357.0696 14.90667647356198
ONEWEB-0034             
1 45454U 20020AG  26274.49945361 -.00000540  00000+0 -15583-2 0  9992
2 45454  87.8977 359.9495 0001863 101.4147 258.7191 13.11416189316525
ONEWEB-0060             
1 45455U 20020AH  26274.53068353  .00000477  00000+0  13086-2 0  9998
2 45455  87.8972 359.9341 0002251  75.6063 284.5315 13.11417719316482
ONEWEB-0086             
1 45456U 20020AJ  26274.58564387 -.00000350  00000+0 -10240-2 0  9993
2 45456  87.8979 359.9263 0001592  76.4773 283.6532 13.11418886316552
ONEWEB-0088             
1 45457U 20020AK  26274.25855449 -.00000217  00000+0 -64708-3 0  9991
2 45457  87.8980 359.9704 0002222 107.1123 253.0249 13.11415720316445
ONEWEB-0102             
1 47258U 20100A   26274.48481093 -.00000320  00000+0 -92589-3 0  9999
2 47258  87.8956 329.5673 0001753  93.7331 266.3998 13.12442664278674
ONEWEB-0109             
1 47259U 20100B   26274.41701452 -.00000422  00000+0 -12097-2 0  9995
2 47259  87.8965 329.5739 0001720 101.1970 258.9352 13.12444684278490
ONEWEB-0110             
1 47260U 20100C   26274.44416305  .00000368  00000+0  98625-3 0  9999
2 47260  87.8965 329.5526 0001803  88.8575 271.2760 13.12444330278668
ONEWEB-0111             
1 47261U 20100D   26274.47465957 -.00000052  00000+0 -17971-3 0  9997
2 47261  87.8955 329.5633 0001916  95.2374 264.8973 13.12442111278503
ONEWEB-0114             
1 47262U 20100E   26274.50514167 -.00000174  00000+0 -51968-3 0  9999
2 47262  87.8959 329.5575 0001609 102.9100 257.2208 13.12443584278462
ONEWEB-0117             
1 47263U 20100F   26274.42044105 -.00000330  00000+0 -95357-3 0  9995
2 47263  87.8964 329.5629 0001910  97.1587 262.9759 13.12443946278464
ONEWEB-0118             
1 47264U 20100G   26274.14938821  .00000459  00000+0  12408-2 0  9997
2 47264  87.8965 329.6196 0001987 107.5966 252.5380 13.12442009278629
ONEWEB-0119             
1 47265U 20100H   26274.17478499 -.00000195  00000+0 -57628-3 0  9994
2 47265  87.8953 329.6216 0001868  98.6878 261.4462 13.12442778278601
ONEWEB-0120             
1 47266U 20100J   26274.42734214 -.00000175  00000+0 -52141-3 0  9996
2 47266  87.8956 329.5736 0001691 101.2243 258.9075 13.12445200278662
ONEWEB-0121             
1 47267U 20100K   26274.41534915 -.00000342  00000+0 -98624-3 0  9994
2 47267  87.8966 329.5721 0002106  91.3807 268.7563 13.12444085278576
ONEWEB-0122             
1 47268U 20100L   26274.40942568 -.00000302  00000+0 -87493-3 0  9999
2 47268  87.8958 329.5765 0001710  96.9394 263.1929 13.12442458278485
ONEWEB-0123             
1 47269U 20100M   26274.48141449 -.00000262  00000+0 -76313-3 0  9991
2 47269  87.8959 329.5611 0001909 101.1718 258.9625 13.12443275278636
ONEWEB-0124             
1 47270U 20100N   26274.39502970  .00000131  00000+0  32988-3 0  9996
2 47270  87.8953 329.5788 0001820  90.2781 269.8556 13.12441829278500
ONEWEB-0125             
1 47271U 20100P   26274.44925144  .00000416  00000+0  11210-2 0  9995
2 47271  87.8966 329.5639 0002188  98.0355 262.1022 13.12443634278578
ONEWEB-0126             
1 47272U 20100Q   26274.39347222  .00000105  00000+0  25529-3 0  9999
2 47272  87.8959 329.5833 0001788 101.5425 258.5904 13.12442104278636
ONEWEB-0127             
1 47273U 20100R   26274.51192108  .00000136  00000+0  34361-3 0  9993
2 47273  87.8964 329.5547 0001752 100.1348 259.9978 13.12445631278673
ONEWEB-0128             
1 47274U 20100S   26274.45770419  .00000405  00000+0  10917-2 0  9993
2 47274  87.8953 329.5778 0001811  87.8871 272.2465 13.12443598278686
ONEWEB-0129             
1 47275U 20100T   26274.51361758  .00000126  00000+0  31601-3 0  9997
2 47275  87.8964 329.5514 0001258 133.4070 226.7164 13.12444903278626
ONEWEB-0130             
1 47276U 20100U   26274.38825333  .00000291  00000+0  77348-3 0  9998
2 47276  87.8966 329.5729 0001827  97.6966 262.4370 13.12441774278577
ONEWEB-0131             
1 47277U 20100V   26274.46110669  .00000381  00000+0  10238-2 0  9991
2 47277  87.8954 329.5650 0001807  94.3405 265.7930 13.12442228278627
ONEWEB-0132             
1 47278U 20100W   26274.41366719 -.00000421  00000+0 -12046-2 0  9992
2 47278  87.8957 329.5791 0001948  96.8118 263.3232 13.12442402278512
ONEWEB-0133             
1 47279U 20100X   26274.43047105 -.00000112  00000+0 -34551-3 0  9993
2 47279  87.8969 329.5640 0001845  93.3928 266.7411 13.12444409278678
ONEWEB-0134             
1 47280U 20100Y   26274.47634509 -.00000076  00000+0 -24753-3 0  9991
2 47280  87.8967 329.5518 0001604  95.5370 264.5941 13.12442475278653
ONEWEB-0135             
1 47281U 20100Z   26274.44755824  .00000408  00000+0  10999-2 0  9996
2 47281  87.8956 329.5674 0001653  91.2144 268.9174 13.12443378278672
ONEWEB-0136             
1 47282U 20100AA  26274.46617578  .00000257  00000+0  67782-3 0  9997
2 47282  87.8963 329.5531 0001523  95.6281 264.5021 13.12440598278606
ONEWEB-0137             
1 47283U 20100AB  26274.42382592 -.00000335  00000+0 -96618-3 0  9998
2 47283  87.8957 329.5750 0001982 100.6777 259.4575 13.12443527278500
ONEWEB-0138             
1 47284U 20100AC  26274.47803382 -.00000164  00000+0 -49237-3 0  9994
2 47284  87.8959 329.5656 0001623  98.4552 261.6761 13.12442438278596
ONEWEB-0139             
1 47285U 20100AD  26274.44261563  .00000211  00000+0  55103-3 0  9991
2 47285  87.8962 329.5597 0001831  98.7004 261.4332 13.12443545278661
ONEWEB-0140             
1 47286U 20100AE  26274.39671841 -.00000051  00000+0 -17620-3 0  9996
2 47286  87.8965 329.5619 0001878  92.8186 267.3158 13.12442261278628
ONEWEB-0141             
1 47287U 20100AF  26274.51857021  .00000251  00000+0  66135-3 0  9992
2 47287  87.8965 329.5414 0002037 104.3863 255.7492 13.12444062278624
ONEWEB-0142             
1 47288U 20100AG  26274.50696598 -.00000107  00000+0 -33316-3 0  9999
2 47288  87.8959 329.5592 0001665 111.0265 249.1042 13.12443669278611
ONEWEB-0143             
1 47289U 20100AH  26274.21205372  .00000260  00000+0  68656-3 0  9997
2 47289  87.8956 329.6174 0001861 102.2432 257.8905 13.12446090278550
ONEWEB-0144             
1 47290U 20100AJ  26274.41196187 -.00000403  00000+0 -11548-2 0  9992
2 47290  87.8966 329.5608 0001552 103.9526 256.1775 13.12442983278502
ONEWEB-0145             
1 47291U 20100AK  26274.45940745  .00000398  00000+0  10696-2 0  9998
2 47291  87.8957 329.5676 0001682 100.7080 259.4238 13.12441938278703
ONEWEB-0146             
1 47292U 20100AL  26274.15108357  .00000442  00000+0  11927-2 0  9999
2 47292  87.8960 329.6278 0002101  90.7854 269.3515 13.12442377278572
ONEWEB-0147             
1 47293U 20100AM  26274.42213700 -.00000404  00000+0 -11591-2 0  9996
2 47293  87.8965 329.5576 0001764  94.1605 265.9725 13.12443724278509
ONEWEB-0115             
1 48042U 21025A   26274.36730256  .00000366  00000+0  96702-3 0  9992
2 48042  87.8902 299.0926 0001797  90.0026 270.1310 13.13469149267530
ONEWEB-0152             
1 48043U 21025B   26274.30466043  .00000211  00000+0  54399-3 0  9992
2 48043  87.8900 299.1066 0002007  93.3378 266.7981 13.13468965267480
ONEWEB-0153             
1 48044U 21025C   26274.35882542  .00000217  00000+0  55969-3 0  9994
2 48044  87.8901 299.0942 0001811  95.8222 264.3114 13.13470745267482
ONEWEB-0154             
1 48045U 21025D   26274.35543179  .00000156  00000+0  39190-3 0  9995
2 48045  87.8898 299.0959 0001848  92.8333 267.3008 13.13471501267448
ONEWEB-0116             
1 48046U 21025E   26274.39436828 -.00000147  00000+0 -43614-3 0  9990
2 48046  87.8904 299.0861 0001920  89.7907 270.3442 13.13469470267596
ONEWEB-0150             
1 48047U 21025F   26274.37067774  .00000307  00000+0  80508-3 0  9998
2 48047  87.8903 299.0893 0001979  97.9460 262.1894 13.13470710267487
ONEWEB-0107             
1 48048U 21025G   26274.37236765  .00000166  00000+0  41966-3 0  9995
2 48048  87.8902 299.0844 0001856  99.5734 260.5605 13.13471169267468
ONEWEB-0101             
1 48049U 21025H   26274.41129465 -.00000276  00000+0 -79202-3 0  9997
2 48049  87.8899 299.0815 0001702  92.6290 267.5034 13.13471421267445
ONEWEB-0113             
1 48050U 21025J   26274.32544420 -.00000251  00000+0 -71834-3 0  9997
2 48050  87.8892 298.9961 0001986  96.8261 263.3094 13.13891732267540
ONEWEB-0112             
1 48051U 21025K   26274.37744918  .00000261  00000+0  68113-3 0  9992
2 48051  87.8904 299.0817 0001584  93.6337 266.4973 13.13469360267537
ONEWEB-0156             
1 48052U 21025L   26274.38590922  .00000086  00000+0  20182-3 0  9997
2 48052  87.8905 299.0894 0001836  97.4741 262.6597 13.13468896267516
ONEWEB-0161             
1 48053U 21025M   26274.36052459  .00000268  00000+0  70009-3 0  9999
2 48053  87.8899 299.0945 0001789 100.4441 259.6890 13.13470589267441
ONEWEB-0158             
1 48054U 21025N   26274.39605058 -.00000184  00000+0 -53885-3 0  9994
2 48054  87.8903 299.0856 0001903  84.2181 275.9165 13.13470724267578
ONEWEB-0157             
1 48055U 21025P   26274.42144566 -.00000108  00000+0 -32943-3 0  9999
2 48055  87.8893 299.0812 0001594 103.5107 256.6200 13.13471995267519
ONEWEB-0162             
1 48056U 21025Q   26274.32144598 -.00000203  00000+0 -59147-3 0  9995
2 48056  87.8902 299.1008 0001975  96.8797 263.2557 13.13469137267470
ONEWEB-0155             
1 48057U 21025R   26274.32832674 -.00000280  00000+0 -80091-3 0  9992
2 48057  87.8901 299.1001 0001857  96.9325 263.2015 13.13471349267613
ONEWEB-0149             
1 48058U 21025S   26274.35036137  .00000063  00000+0  13725-3 0  9993
2 48058  87.8895 299.0976 0002020  97.3748 262.7611 13.13470222267427
ONEWEB-0148             
1 48059U 21025T   26274.31310703 -.00002939  00000+0 -80831-2 0  9991
2 48059  87.8894 299.1060 0002545 114.1164 246.0232 13.13484146267541
ONEWEB-0160             
1 48060U 21025U   26274.33003863 -.00000292  00000+0 -83539-3 0  9990
2 48060  87.8889 299.0984 0002334  78.3358 281.8033 13.13469806267499
ONEWEB-0163             
1 48061U 21025V   26274.31480726 -.00000080  00000+0 -25472-3 0  9993
2 48061  87.8901 299.1045 0001664 100.5475 259.5841 13.13468430267612
ONEWEB-0159             
1 48062U 21025W   26274.30634959  .00000183  00000+0  46660-3 0  9996
2 48062  87.8904 299.1018 0001639  98.0718 262.0597 13.13469257267535
ONEWEB-0164             
1 48063U 21025X   26274.36390264  .00000335  00000+0  88114-3 0  9990
2 48063  87.8897 299.0949 0001866  91.0317 269.1026 13.13470605267522
ONEWEB-0167             
1 48064U 21025Y   26274.31564142 -.00000047  00000+0 -16381-3 0  9993
2 48064  87.8894 299.1063 0001211  90.6900 269.4368 13.13470505267504
ONEWEB-0166             
1 48065U 21025Z   26274.41467911 -.00000294  00000+0 -83925-3 0  9993
2 48065  87.8903 299.0668 0001883  95.0200 265.1144 13.13470148267590
ONEWEB-0151             
1 48066U 21025AA  26274.34018757 -.00000262  00000+0 -75285-3 0  9991
2 48066  87.8899 299.0952 0001760  92.0195 268.1136 13.13471031267524
ONEWEB-0170             
1 48067U 21025AB  26274.42484277 -.00000034  00000+0 -12900-3 0  9997
2 48067  87.8901 299.0812 0001885  77.2350 282.8990 13.13469256267493
ONEWEB-0168             
1 48068U 21025AC  26274.33342852 -.00000372  00000+0 -10531-2 0  9992
2 48068  87.8897 299.0999 0001799  93.3244 266.8091 13.13469632267491
ONEWEB-0173             
1 48069U 21025AD  26274.40113047 -.00000299  00000+0 -85295-3 0  9991
2 48069  87.8902 299.0849 0001512  98.4473 261.6828 13.13469908267741
ONEWEB-0171             
1 48070U 21025AE  26274.36221067  .00000374  00000+0  98800-3 0  9998
2 48070  87.8892 299.0959 0001790  91.5940 268.5394 13.13469618267555
ONEWEB-0172             
1 48071U 21025AF  26274.34188025 -.00000145  00000+0 -43084-3 0  9995
2 48071  87.8898 299.0984 0001673  93.3314 266.8007 13.13471553268447
ONEWEB-0174             
1 48072U 21025AG  26274.32327421 -.00000236  00000+0 -68034-3 0  9992
2 48072  87.8906 299.1013 0001902  97.8701 262.2644 13.13468451267760
ONEWEB-0175             
1 48073U 21025AH  26274.35374656  .00000110  00000+0  26707-3 0  9998
2 48073  87.8900 299.0818 0001643  85.1569 274.9748 13.13470363267424
ONEWEB-0177             
1 48074U 21025AJ  26274.36558198  .00000349  00000+0  91954-3 0  9995
2 48074  87.8896 299.0931 0001802 102.3759 257.7572 13.13469126267615
ONEWEB-0178             
1 48075U 21025AK  26274.07963861  .00000090  00000+0  21283-3 0  9992
2 48075  87.8892 299.1554 0001585  91.8773 268.2538 13.13470110267625
ONEWEB-0108             
1 48076U 21025AL  26274.41977496 -.00000145  00000+0 -43105-3 0  9990
2 48076  87.8903 299.0775 0002077  84.5897 275.5469 13.13473297267595
ONEWEB-0169             
1 48077U 21025AM  26274.37575545  .00000321  00000+0  84516-3 0  9990
2 48077  87.8899 299.0916 0001883  97.1468 262.9875 13.13468497266243
ONEWEB-0176             
1 48210U 21031A   26274.28606023  .00000210  00000+0  53140-3 0  9998
2 48210  87.8900 268.5320 0001793  85.7997 274.3338 13.14503198262252
ONEWEB-0184             
1 48211U 21031B   26274.33681010 -.00000075  00000+0 -23695-3 0  9997
2 48211  87.8897 268.5276 0001406  65.5741 294.5535 13.14501818262230
ONEWEB-0179             
1 48212U 21031C   26274.05704956  .00005684  00000+0  52650-3 0  9994
2 48212  87.8936 260.7534 0347923 262.0976  94.0620 14.58001417264304
ONEWEB-0180             
1 48213U 21031D   26274.34018873  .00000017  00000+0  10752-4 0  9996
2 48213  87.8901 268.5269 0001516  93.6946 266.4357 13.14505339262165
ONEWEB-0218             
1 48214U 21031E   26274.36050058  .00000195  00000+0  49173-3 0  9995
2 48214  87.8901 268.5211 0001112  84.4269 275.6987 13.14502239262326
ONEWEB-0209             
1 48215U 21031F   26274.27423208  .00000157  00000+0  38821-3 0  9993
2 48215  87.8896 268.5479 0001757  94.7194 265.4136 13.14502681262315
ONEWEB-0198             
1 48216U 21031G   26274.03080523 -.00000155  00000+0 -45177-3 0  9999
2 48216  87.8885 268.5859 0001464  92.4878 267.6420 13.14502705262390
ONEWEB-0189             
1 48217U 21031H   26274.34695948  .00000106  00000+0  25067-3 0  9997
2 48217  87.8906 268.5229 0001599  91.3287 268.8026 13.14503134262175
ONEWEB-0196             
1 48218U 21031J   26274.02220702 -.00000172  00000+0 -49776-3 0  9993
2 48218  87.8896 268.5939 0001746  92.4621 267.6708 13.14503741262134
ONEWEB-0183             
1 48219U 21031K   26274.37572166  .00000075  00000+0  16876-3 0  9991
2 48219  87.8899 268.5196 0002044  92.5898 267.5466 13.14502773262271
ONEWEB-0185             
1 48220U 21031L   26274.32582017 -.00000213  00000+0 -60909-3 0  9996
2 48220  87.8898 268.5281 0002020 102.1672 257.9685 13.14502049262192
ONEWEB-0187             
1 48221U 21031M   26274.38233215  .00000008  00000+0 -11659-4 0  9996
2 48221  87.8899 268.5269 0001805  91.1129 269.0208 13.14505051262218
ONEWEB-0192             
1 48222U 21031N   26274.27592893  .00000174  00000+0  43552-3 0  9994
2 48222  87.8894 268.5374 0001793  88.6419 271.4916 13.14502750262115
ONEWEB-0219             
1 48223U 21031P   26274.02730784  .00001698  00000+0  45462-2 0  9994
2 48223  87.8904 268.5879 0001742  92.9064 267.2265 13.14463516262280
ONEWEB-0202             
1 48224U 21031Q   26274.31312456 -.00000127  00000+0 -37670-3 0  9990
2 48224  87.8898 268.5378 0001239  79.6967 280.4303 13.14504996262303
ONEWEB-0204             
1 48225U 21031R   26273.96552571  .00000161  00000+0  39881-3 0  9997
2 48225  87.8897 268.6021 0002222  92.9559 267.1825 13.14501981262152
ONEWEB-0205             
1 48226U 21031S   26274.32327159 -.00000185  00000+0 -53319-3 0  9991
2 48226  87.8898 268.5286 0001719  94.2055 265.9271 13.14505075262218
ONEWEB-0206             
1 48227U 21031T   26274.37064691  .00000215  00000+0  54478-3 0  9995
2 48227  87.8906 268.5178 0002000  85.9735 274.1623 13.14503339262174
ONEWEB-0182             
1 48228U 21031U   26274.36556262  .00000225  00000+0  57160-3 0  9997
2 48228  87.8897 268.5225 0002052  89.3378 270.7986 13.14502067262389
ONEWEB-0186             
1 48229U 21031V   26274.37741752  .00000071  00000+0  15748-3 0  9994
2 48229  87.8902 268.5196 0001798  88.6863 271.4473 13.14502313262339
ONEWEB-0181             
1 48230U 21031W   26274.35539177  .00000215  00000+0  54539-3 0  9991
2 48230  87.8897 268.5373 0001720  98.7232 261.4093 13.14506284262189
ONEWEB-0188             
1 48231U 21031X   26274.31821693 -.00000163  00000+0 -47546-3 0  9999
2 48231  87.8898 268.5446 0001897  89.9291 270.2056 13.14503165262085
ONEWEB-0220             
1 48232U 21031Y   26274.35626182  .00000170  00000+0  42516-3 0  9998
2 48232  87.8899 268.5228 0001848  93.8743 266.2598 13.14501155262350
ONEWEB-0165             
1 48233U 21031Z   26274.38588014 -.00000054  00000+0 -17961-3 0  9992
2 48233  87.8899 268.5254 0001509  89.3069 270.8234 13.14502731262310
ONEWEB-0199             
1 48234U 21031AA  26273.98835480  .00000152  00000+0  37553-3 0  9996
2 48234  87.8908 268.5952 0002011  83.9528 276.1831 13.14503390262163
ONEWEB-0203             
1 48235U 21031AB  26274.28268534  .00000196  00000+0  49526-3 0  9992
2 48235  87.8899 268.5376 0001819  80.1370 279.9965 13.14503166262218
ONEWEB-0197             
1 48236U 21031AC  26274.33497192 -.00000067  00000+0 -21623-3 0  9990
2 48236  87.8893 268.5069 0002063  89.7443 270.3924 13.14505611262138
ONEWEB-0194             
1 48237U 21031AD  26274.01033664 -.00000117  00000+0 -34941-3 0  9999
2 48237  87.8898 268.5969 0001948  82.7857 277.3494 13.14505836262268
ONEWEB-0193             
1 48238U 21031AE  26274.02558731 -.00000115  00000+0 -34524-3 0  9993
2 48238  87.8904 268.5882 0002097  78.4823 281.6542 13.14503319262213
ONEWEB-0191             
1 48239U 21031AF  26274.34188499  .00000010  00000+0 -74604-5 0  9997
2 48239  87.8898 268.5257 0001982  90.7232 269.4125 13.14501617262114
ONEWEB-0195             
1 48240U 21031AG  26274.00957736 -.00000055  00000+0 -18037-3 0  9996
2 48240  87.8898 268.5890 0001503  90.3724 269.7578 13.15777219262052
ONEWEB-0201             
1 48241U 21031AH  26274.38261875  .00000000  00000+0 -35522-4 0  9998
2 48241  87.8899 268.5281 0002035  98.0696 262.0665 13.14503290262331
ONEWEB-0207             
1 48242U 21031AJ  26274.36133815  .00000203  00000+0  51176-3 0  9995
2 48242  87.8898 268.5213 0002259  96.2561 263.8826 13.14501269262247
ONEWEB-0208             
1 48243U 21031AK  26274.26747186  .00000058  00000+0  12096-3 0  9993
2 48243  87.8894 268.5423 0001586  91.7354 268.3958 13.14503369262248
ONEWEB-0200             
1 48244U 21031AL  26274.38417492 -.00000014  00000+0 -72859-4 0  9999
2 48244  87.8905 268.5156 0001821  96.8121 263.3216 13.14504262262183
ONEWEB-0217             
1 48245U 21031AM  26274.32497249 -.00000193  00000+0 -55521-3 0  9996
2 48245  87.8901 268.5298 0001554  87.0466 273.0841 13.14504272262121
ONEWEB-0211             
1 48767U 21045A   26274.16260074 -.00000074  00000+0 -22934-3 0  9996
2 48767  87.9007 237.9298 0001321  70.6105 289.5169 13.16198670258389
ONEWEB-0223             
1 48768U 21045B   26274.36929921  .00000090  00000+0  20600-3 0  9996
2 48768  87.9014 238.0256 0001685  70.7130 289.4183 13.15548620258362
ONEWEB-0230             
1 48769U 21045C   26274.34077709  .00000166  00000+0  40601-3 0  9990
2 48769  87.9009 238.0397 0002128  81.5029 278.6342 13.15548626258625
ONEWEB-0237             
1 48770U 21045D   26274.32967325  .00000010  00000+0 -78088-5 0  9993
2 48770  87.9007 238.0402 0001703  86.2785 273.8541 13.15550297258345
ONEWEB-0235             
1 48771U 21045E   26274.38037887  .00000003  00000+0 -26344-4 0  9990
2 48771  87.9014 238.0249 0001808  68.2723 291.8600 13.15550199258348
ONEWEB-0242             
1 48772U 21045F   26274.37404710  .00000052  00000+0  10386-3 0  9994
2 48772  87.9015 238.0247 0002024  74.9077 285.2277 13.15549382258388
ONEWEB-0241             
1 48773U 21045G   26274.36136363  .00000188  00000+0  46541-3 0  9992
2 48773  87.9012 238.0358 0001692  73.2315 286.9001 13.15549874258295
ONEWEB-0243             
1 48774U 21045H   26274.31701707 -.00000038  00000+0 -13546-3 0  9993
2 48774  87.9003 238.0557 0002172  66.5491 293.5867 13.15548929258318
ONEWEB-0222             
1 48775U 21045J   26274.37642610  .00000015  00000+0  60148-5 0  9992
2 48775  87.9012 238.0196 0001784  75.4275 284.7053 13.15549539258367
ONEWEB-0244             
1 48776U 21045K   26274.32651110 -.00000017  00000+0 -79870-4 0  9998
2 48776  87.9014 238.0306 0001926  76.9539 283.1806 13.15547786258923
ONEWEB-0247             
1 48777U 21045L   26274.32335391 -.00000067  00000+0 -21274-3 0  9998
2 48777  87.9002 238.0484 0002072  57.0509 303.0820 13.15548294258369
ONEWEB-0245             
1 48778U 21045M   26274.31857811 -.00000065  00000+0 -20714-3 0  9990
2 48778  87.9012 238.0384 0001574  79.2778 280.8530 13.15546805258333
ONEWEB-0229             
1 48779U 21045N   26274.31383999 -.00000109  00000+0 -32486-3 0  9990
2 48779  87.9012 238.0363 0002020  77.0332 283.1024 13.15548486258364
ONEWEB-0228             
1 48780U 21045P   26274.34726795  .00000195  00000+0  48456-3 0  9997
2 48780  87.9017 238.0284 0001933  78.7375 281.3973 13.15548145258286
ONEWEB-0232             
1 48781U 21045Q   26274.32177290 -.00000055  00000+0 -18068-3 0  9999
2 48781  87.9015 238.0323 0001906  80.9492 279.1854 13.15547213258608
ONEWEB-0231             
1 48782U 21045R   26274.37564649  .00000008  00000+0 -11899-4 0  9996
2 48782  87.9011 238.0287 0001795  74.5353 285.5976 13.15548387258301
ONEWEB-0234             
1 48783U 21045S   26274.33748146  .00000110  00000+0  25758-3 0  9990
2 48783  87.9018 238.0248 0001627 104.7759 255.3552 13.15547589258438
ONEWEB-0238             
1 48784U 21045T   26274.33773581  .00000086  00000+0  19376-3 0  9993
2 48784  87.9016 238.0206 0001923 100.2063 259.9284 13.15547008258336
ONEWEB-0240             
1 48785U 21045U   26274.28293108  .00000193  00000+0  47773-3 0  9991
2 48785  87.9017 238.0394 0001682  76.4780 283.6538 13.15547334258358
ONEWEB-0246             
1 48786U 21045V   26274.35345516  .00000216  00000+0  54057-3 0  9990
2 48786  87.9013 238.0277 0002002  77.7501 282.3853 13.15547732258232
ONEWEB-0210             
1 48787U 21045W   26274.32810418  .00000031  00000+0  49570-4 0  9996
2 48787  87.9013 238.0305 0002337  59.9617 300.1745 13.15548120258271
ONEWEB-0214             
1 48788U 21045X   26274.33681068  .00000085  00000+0  19268-3 0  9994
2 48788  87.9013 238.0263 0002256  77.1346 283.0036 13.15547118258241
ONEWEB-0221             
1 48789U 21045Y   26274.34394758  .00000176  00000+0  43469-3 0  9994
2 48789  87.9012 238.0323 0001841  76.0545 284.0790 13.15548681258330
ONEWEB-0213             
1 48790U 21045Z   26274.18073324  .00000010  00000+0 -64122-5 0  9990
2 48790  87.9012 238.0675 0001933  72.0777 288.0565 13.15549574258377
ONEWEB-0212             
1 48791U 21045AA  26274.38592031 -.00000042  00000+0 -14674-3 0  9995
2 48791  87.9013 238.0204 0002045  78.4069 281.7291 13.15546853258391
ONEWEB-0227             
1 48792U 21045AB  26274.38515189 -.00000003  00000+0 -42511-4 0  9994
2 48792  87.9012 238.0193 0001901  78.2972 281.8372 13.15548981258349
ONEWEB-0226             
1 48793U 21045AC  26274.37878797 -.00000008  00000+0 -55692-4 0  9990
2 48793  87.9016 238.0266 0002035  72.2583 287.8769 13.15547219258312
ONEWEB-0224             
1 48794U 21045AD  26274.34235447  .00000137  00000+0  33103-3 0  9990
2 48794  87.9003 238.0602 0001113  92.2323 267.8935 13.15549250258234
ONEWEB-0233             
1 48795U 21045AE  26274.27091970  .00000118  00000+0  27845-3 0  9999
2 48795  87.9002 238.0806 0001747  74.4308 285.7015 13.15548620258247
ONEWEB-0190             
1 48796U 21045AF  26274.33443068  .00000082  00000+0  18356-3 0  9993
2 48796  87.9010 238.0378 0001838  60.0150 300.1162 13.15549505258325
ONEWEB-0236             
1 48797U 21045AG  26274.35186280  .00000276  00000+0  69897-3 0  9997
2 48797  87.9010 238.0372 0001931  83.7774 276.3576 13.15549682258215
ONEWEB-0248             
1 48798U 21045AH  26274.36453420  .00000187  00000+0  46170-3 0  9992
2 48798  87.9014 238.0273 0001574  70.0130 290.1170 13.15550136258375
ONEWEB-0225             
1 48799U 21045AJ  26274.38672589 -.00000115  00000+0 -33829-3 0  9994
2 48799  87.9012 238.0279 0001796  63.4475 296.6839 13.15548116258383
ONEWEB-0215             
1 48800U 21045AK  26274.35660539  .00000218  00000+0  54469-3 0  9991
2 48800  87.9015 238.0212 0001644  60.2560 299.8734 13.15550452258259
ONEWEB-0216             
1 48801U 21045AL  26274.36613425  .00000139  00000+0  33581-3 0  9999
2 48801  87.9012 238.0305 0002037  79.8087 280.3273 13.15547880258262
ONEWEB-0239             
1 48802U 21045AM  26274.37086972  .00000060  00000+0  12476-3 0  9995
2 48802  87.9014 238.0333 0001311  59.9857 300.1404 13.15547052258307
ONEWEB-0249             
1 48967U 21060A   26274.29664690  .00000055  00000+0  11143-3 0  9998
2 48967  87.9172 207.7179 0001827  72.8470 287.2861 13.16593788253576
ONEWEB-0250             
1 48968U 21060B   26274.33952964  .00000103  00000+0  20377-3 0  9991
2 48968  87.9180 205.1235 0001290 103.8113 256.3167 13.25839193254282
ONEWEB-0252             
1 48970U 21060D   26274.63149434 -.00000006  00000+0 -48429-4 0  9990
2 48970  87.9171 207.6444 0002161  81.5690 278.5686 13.16597001253666
ONEWEB-0253             
1 48971U 21060E   26274.31644730 -.00000015  00000+0 -73540-4 0  9997
2 48971  87.9171 207.7120 0001802  75.1334 284.9997 13.16594307253554
ONEWEB-0254             
1 48972U 21060F   26274.32593446  .00000063  00000+0  13034-3 0  9998
2 48972  87.9171 207.7088 0001654  68.9549 291.1758 13.16594913253559
ONEWEB-0255             
1 48973U 21060G   26274.28794044  .00000061  00000+0  12538-3 0  9997
2 48973  87.9174 207.7215 0001779  69.9668 290.1654 13.16595609253621
ONEWEB-0256             
1 48974U 21060H   26274.31406684  .00000031  00000+0  48822-4 0  9995
2 48974  87.9172 207.7171 0002060  74.2999 285.8360 13.16594904253599
ONEWEB-0257             
1 48975U 21060J   26274.57452003  .00000126  00000+0  29626-3 0  9995
2 48975  87.9172 207.6563 0001913  69.6628 290.4709 13.16594562253585
ONEWEB-0258             
1 48976U 21060K   26274.57609464  .00000069  00000+0  14573-3 0  9992
2 48976  87.9162 207.6648 0001877  74.2643 285.8695 13.16595548253595
ONEWEB-0259             
1 48977U 21060L   26274.34177346  .00000143  00000+0  34146-3 0  9998
2 48977  87.9175 207.7138 0001731  74.0402 286.0919 13.16594342253598
ONEWEB-0260             
1 48978U 21060M   26274.56104683  .00000023  00000+0  26800-4 0  9993
2 48978  87.9171 207.6672 0002278  72.1173 288.0206 13.16592665253607
ONEWEB-0261             
1 48979U 21060N   26274.30296147 -.00000117  00000+0 -33966-3 0  9999
2 48979  87.9160 207.7179 0001898  64.9254 295.2074 13.16592983253623
ONEWEB-0262             
1 48980U 21060P   26274.51117391  .00000103  00000+0  23475-3 0  9994
2 48980  87.9173 207.6676 0001626  72.8551 287.2757 13.16595120253611
ONEWEB-0263             
1 48981U 21060Q   26274.31485434  .00000041  00000+0  74268-4 0  9997
2 48981  87.9161 207.7157 0001787  64.9205 295.2111 13.16594669253553
ONEWEB-0264             
1 48982U 21060R   26274.27607129  .00000222  00000+0  54784-3 0  9991
2 48982  87.9164 207.7235 0002022  71.0660 289.0690 13.16594326253554
ONEWEB-0266             
1 48984U 21060T   26274.37343724  .00000081  00000+0  17730-3 0  9995
2 48984  87.9174 207.7009 0001880  76.3899 283.7441 13.16594360253552
ONEWEB-0267             
1 48985U 21060U   26274.23252347 -.00000018  00000+0 -80649-4 0  9993
2 48985  87.9173 207.7253 0001933  68.9141 291.2197 13.16594678253542
ONEWEB-0268             
1 48986U 21060V   26274.35285487  .00000083  00000+0  18441-3 0  9998
2 48986  87.9171 207.7094 0002056  76.2586 283.8774 13.16594773253821
ONEWEB-0269             
1 48987U 21060W   26274.56183493  .00000114  00000+0  26392-3 0  9995
2 48987  87.9170 207.6661 0002082  81.7158 278.4209 13.16595656253627
ONEWEB-0270             
1 48988U 21060X   26274.57926462  .00000076  00000+0  16536-3 0  9994
2 48988  87.9163 207.6629 0001639  66.2306 293.8997 13.16594829253664
ONEWEB-0271             
1 48989U 21060Y   26274.26261412  .00000131  00000+0  30902-3 0  9993
2 48989  87.9170 207.7191 0001824  67.7335 292.3989 13.16594608253628
ONEWEB-0272             
1 48990U 21060Z   26274.58875689  .00000077  00000+0  16682-3 0  9995
2 48990  87.9172 207.6618 0002190  71.1756 288.9612 13.16594136253617
ONEWEB-0273             
1 48991U 21060AA  26274.23095025  .00000001  00000+0 -31761-4 0  9990
2 48991  87.9161 207.7322 0001823  70.6437 289.4891 13.16594532253548
ONEWEB-0274             
1 48992U 21060AB  26274.33226239  .00000190  00000+0  46451-3 0  9994
2 48992  87.9167 207.7113 0002201  71.1632 288.9738 13.16595579253598
ONEWEB-0275             
1 48993U 21060AC  26274.54916246  .00000005  00000+0 -20307-4 0  9991
2 48993  87.9175 207.6669 0002776  72.2439 287.8995 13.16596125253554
ONEWEB-0276             
1 48994U 21060AD  26274.58243523  .00000127  00000+0  29879-3 0  9993
2 48994  87.9175 207.6588 0002060  72.4155 287.7201 13.16593823253571
ONEWEB-0277             
1 48995U 21060AE  26274.36708178 -.00000007  00000+0 -52827-4 0  9991
2 48995  87.9173 207.7051 0001862  70.5983 289.5349 13.16596326253533
ONEWEB-0278             
1 48996U 21060AF  26274.58559181  .00000144  00000+0  34187-3 0  9992
2 48996  87.9174 207.6573 0001824  79.8440 280.2897 13.16594374253695
ONEWEB-0279             
1 48997U 21060AG  26274.59351957  .00000047  00000+0  90240-4 0  9990
2 48997  87.9174 207.6544 0001951  67.0403 293.0934 13.16593594253623
ONEWEB-0280             
1 48998U 21060AH  26274.30456583  .00000032  00000+0  50968-4 0  9998
2 48998  87.9174 207.7149 0001586  75.7541 284.3766 13.16595290253529
ONEWEB-0281             
1 48999U 21060AJ  26274.31010847 -.00000066  00000+0 -20752-3 0  9995
2 48999  87.9173 207.7111 0002068  75.2428 284.8933 13.16594408253591
ONEWEB-0282             
1 49000U 21060AK  26274.34017400  .00000131  00000+0  31023-3 0  9998
2 49000  87.9173 207.7108 0001796  72.3917 287.7410 13.16596408253571
ONEWEB-0283             
1 49001U 21060AL  26274.55709537  .00000077  00000+0  16746-3 0  9995
2 49001  87.9171 207.6671 0001938  69.7536 290.3804 13.16593904253619
ONEWEB-0284             
1 49002U 21060AM  26274.55075236  .00000010  00000+0 -73006-5 0  9990
2 49002  87.9172 207.6632 0001645  79.3201 280.8115 13.16594604253593
ONEWEB-0285             
1 49075U 21075A   26274.41111498 -.00000308  00000+0 -89206-3 0  9990
2 49075  87.8959 329.5752 0002073 101.6723 258.4639 13.12442577249141
ONEWEB-0286             
1 49076U 21075B   26274.46944326  .00000122  00000+0  30248-3 0  9994
2 49076  87.8953 329.5716 0002060 100.6833 259.4527 13.12441262248509
ONEWEB-0287             
1 49077U 21075C   26274.55323601  .00000062  00000+0  12732-3 0  9993
2 49077  87.9188 344.7471 0002217 106.9102 253.2273 13.17650082247630
ONEWEB-0288             
1 49078U 21075D   26274.44585745  .00000361  00000+0  96682-3 0  9999
2 49078  87.8961 329.5624 0001932 105.2464 254.8878 13.12443217249125
ONEWEB-0289             
1 49079U 21075E   26274.51609635  .00000043  00000+0  78084-4 0  9997
2 49079  87.9180 344.7700 0001517 105.5068 254.6231 13.17647325248206
ONEWEB-0290             
1 49080U 21075F   26274.48909959 -.00000071  00000+0 -21622-3 0  9995
2 49080  87.9192 344.7575 0001421 107.8996 252.2291 13.17647113247619
ONEWEB-0291             
1 49081U 21075G   26274.54979786 -.00001139  00000+0 -29671-2 0  9995
2 49081  87.9188 344.7455 0001903 110.5850 249.5486 13.17657750247610
ONEWEB-0293             
1 49082U 21075H   26274.49922347  .00000048  00000+0  89849-4 0  9992
2 49082  87.9188 344.7579 0001775 103.7333 256.3997 13.17647539247634
ONEWEB-0294             
1 49083U 21075J   26274.45263061  .00000466  00000+0  12593-2 0  9994
2 49083  87.8964 329.5661 0001551 102.0818 258.0484 13.12444619248518
ONEWEB-0295             
1 49084U 21075K   26274.49838106  .00000048  00000+0  91020-4 0  9997
2 49084  87.9190 344.7625 0002037 108.6447 251.4906 13.17647379247596
ONEWEB-0296             
1 49085U 21075L   26274.50853526 -.00000059  00000+0 -20055-3 0  9996
2 49085  87.8957 329.5592 0001914 108.2645 251.8692 13.12444965248521
ONEWEB-0297             
1 49086U 21075M   26274.46279375  .00000340  00000+0  91096-3 0  9990
2 49086  87.8953 329.5713 0001923 100.9848 259.1497 13.12443107249125
ONEWEB-0298             
1 49087U 21075N   26274.42681173 -.00000047  00000+0 -15414-3 0  9996
2 49087  87.9188 344.7745 0001975  99.2799 260.8556 13.17650346247610
ONEWEB-0299             
1 49088U 21075P   26274.42834725  .00000030  00000+0  44942-4 0  9999
2 49088  87.9198 344.7639 0002017 103.3307 256.8049 13.17650610247597
ONEWEB-0300             
1 49089U 21075Q   26274.45517361  .00000442  00000+0  11918-2 0  9999
2 49089  87.8965 329.5642 0002220  93.4995 266.6388 13.12443505249148
ONEWEB-0301             
1 49090U 21075R   26274.43910005  .00000229  00000+0  60011-3 0  9993
2 49090  87.8961 329.5632 0002107  90.8567 269.2803 13.12443745248501
ONEWEB-0302             
1 49091U 21075S   26274.42552066 -.00000243  00000+0 -70961-3 0  9995
2 49091  87.8958 329.5742 0001647 106.4670 253.6639 13.12443799248487
ONEWEB-0304             
1 49092U 21075T   26274.47897925  .00000040  00000+0  68770-4 0  9996
2 49092  87.9187 344.7664 0001980 104.5681 255.5670 13.17650691247577
ONEWEB-0305             
1 49093U 21075U   26274.54816476 -.00000019  00000+0 -81523-4 0  9996
2 49093  87.9189 344.7450 0002185 108.0865 252.0505 13.17647773247615
ONEWEB-0308             
1 49094U 21075V   26274.41873722 -.00000383  00000+0 -10996-2 0  9998
2 49094  87.8966 329.5738 0001861  97.6673 262.4667 13.12443739248490
ONEWEB-0309             
1 49095U 21075W   26273.10865014  .00014581  00000+0  37402-1 0  9992
2 49095  87.9188 345.0309 0002958 159.3827 200.7424 13.17756947247397
ONEWEB-0310             
1 49096U 21075X   26274.51023418  .00000010  00000+0 -80983-5 0  9992
2 49096  87.8956 329.5674 0001866  97.6109 262.5231 13.12444995249134
ONEWEB-0311             
1 49097U 21075Y   26274.55828762  .00000033  00000+0  53038-4 0  9996
2 49097  87.9188 344.7439 0002303 105.9198 254.2187 13.17650478247630
ONEWEB-0312             
1 49098U 21075Z   26274.49755014 -.00000014  00000+0 -68448-4 0  9991
2 49098  87.9186 344.7660 0001964 109.2232 250.9112 13.17648361247609
ONEWEB-0313             
1 49099U 21075AA  26274.50246557  .00000017  00000+0  10406-4 0  9993
2 49099  87.9189 344.7686 0001970 102.8030 257.3322 13.17650435247590
ONEWEB-0314             
1 49100U 21075AB  26274.54478717  .00000039  00000+0  66524-4 0  9991
2 49100  87.9198 344.7453 0001985 111.0598 249.0746 13.17651006247573
ONEWEB-0315             
1 49101U 21075AC  26274.48311958 -.00000291  00000+0 -84376-3 0  9994
2 49101  87.8964 329.5456 0002252 100.4101 259.7282 13.12443059249115
ONEWEB-0316             
1 49102U 21075AD  26274.38606388 -.00000013  00000+0 -64555-4 0  9998
2 49102  87.9136 314.3511 0001815  99.0587 261.0750 13.18685455251200
ONEWEB-0317             
1 49103U 21075AE  26274.48647166 -.00000357  00000+0 -10271-2 0  9994
2 49103  87.8956 329.5632 0001266  96.7086 263.4186 13.12445804249134
ONEWEB-0318             
1 49104U 21075AF  26274.38336354  .00006240  00000+0  15809-1 0  9994
2 49104  87.9137 314.3554 0001497  91.2192 268.9111 13.18579804251164
ONEWEB-0319             
1 49105U 21075AG  26274.48403489  .00000005  00000+0 -20708-4 0  9991
2 49105  87.9184 344.7625 0002355  99.0565 261.0834 13.17647801247609
ONEWEB-0323             
1 49106U 21075AH  26274.46787805  .00000201  00000+0  52259-3 0  9999
2 49106  87.8966 329.5543 0002387 104.9121 255.2272 13.12442352248494
ONEWEB-0329             
1 49107U 21075AJ  26274.49246630  .00000132  00000+0  30582-3 0  9997
2 49107  87.9187 344.7628 0001946 105.0570 255.0777 13.17651257247582
ONEWEB-0330             
1 49108U 21075AK  26274.49599870  .00000068  00000+0  14280-3 0  9990
2 49108  87.9192 344.7764 0001859 105.5257 254.6080 13.17648423247628
ONEWEB-0292             
1 49186U 21083A   26274.43331921  .00000310  00000+0  81502-3 0  9991
2 49186  87.8894 299.0892 0002013  94.7528 265.3831 13.13470767244876
ONEWEB-0303             
1 49187U 21083B   26274.37918073  .00000056  00000+0  11040-3 0  9991
2 49187  87.9140 314.3541 0002076  97.3701 262.7667 13.18685586243975
ONEWEB-0306             
1 49188U 21083C   26274.44494085  .00000045  00000+0  80468-4 0  9991
2 49188  87.9146 314.3328 0001665  95.7758 264.3564 13.18685079244020
ONEWEB-0307             
1 49189U 21083D   26274.42737464  .00000046  00000+0  91003-4 0  9999
2 49189  87.8896 299.0890 0001969  96.2935 263.8419 13.13470218244873
ONEWEB-0320             
1 49190U 21083E   26274.46515258  .00000038  00000+0  62602-4 0  9994
2 49190  87.9131 314.3356 0001852  95.3810 264.7533 13.18687838243980
ONEWEB-0321             
1 49191U 21083F   26274.41205073  .00000013  00000+0 -50971-6 0  9993
2 49191  87.9154 253.2407 0001883  78.9434 281.1911 13.20770420250857
ONEWEB-0322             
1 49192U 21083G   26274.42314612 -.00000040  00000+0 -14549-3 0  9994
2 49192  87.8892 299.0889 0001693  80.6985 279.4336 13.13471026244865
ONEWEB-0324             
1 49193U 21083H   26274.43818848  .00000042  00000+0  74842-4 0  9999
2 49193  87.9144 314.3402 0001804 100.3100 259.8235 13.18687967244006
ONEWEB-0325             
1 49194U 21083J   26274.44156400  .00000007  00000+0 -14087-4 0  9997
2 49194  87.9140 314.3382 0002007  93.0484 267.0878 13.18684221244014
ONEWEB-0326             
1 49195U 21083K   26274.45687927  .00000062  00000+0  12494-3 0  9991
2 49195  87.9139 314.3390 0002175  96.0532 264.0848 13.18686878244008
ONEWEB-0327             
1 49196U 21083L   26274.45661570  .00000058  00000+0  11361-3 0  9995
2 49196  87.9133 314.3364 0002298  92.3107 267.8288 13.18686642244027
ONEWEB-0328             
1 49197U 21083M   26274.33681515 -.00000271  00000+0 -77709-3 0  9991
2 49197  87.8902 299.0897 0001812  97.4574 262.6761 13.13469895244838
ONEWEB-0331             
1 49198U 21083N   26274.45000356  .00000042  00000+0  72885-4 0  9998
2 49198  87.9143 314.3365 0002229  99.1105 261.0279 13.18687056244013
ONEWEB-0333             
1 49199U 21083P   26274.33172851 -.00000345  00000+0 -98029-3 0  9991
2 49199  87.8895 299.1070 0001937  92.9298 267.2053 13.13470880244848
ONEWEB-0334             
1 49200U 21083Q   26274.35060236  .00000070  00000+0  14133-3 0  9996
2 49200  87.9156 253.2635 0001639  62.8883 297.2418 13.20773274250807
ONEWEB-0335             
1 49201U 21083R   26274.32665969 -.00000214  00000+0 -62164-3 0  9997
2 49201  87.8892 299.1050 0002046  95.8527 264.2836 13.13470543244859
ONEWEB-0336             
1 49202U 21083S   26274.37407197  .00000276  00000+0  72123-3 0  9992
2 49202  87.8899 299.0910 0002109  99.2600 260.8768 13.13469131244858
ONEWEB-0337             
1 49203U 21083T   26274.15555175  .00000322  00000+0  84764-3 0  9995
2 49203  87.8896 299.1403 0002135 103.9075 256.2292 13.13470178244823
ONEWEB-0338             
1 49204U 21083U   26274.32788075 -.00000014  00000+0 -65593-4 0  9992
2 49204  87.9156 253.2695 0001778  77.3001 282.8331 13.20771600250821
ONEWEB-0339             
1 49205U 21083V   26274.39267823 -.00000123  00000+0 -37170-3 0  9993
2 49205  87.8894 299.0861 0001787  88.6714 271.4620 13.13469004244832
ONEWEB-0340             
1 49206U 21083W   26274.36062850  .00000272  00000+0  65692-3 0  9997
2 49206  87.9144 314.3573 0002064  98.9208 261.2158 13.18683624243961
ONEWEB-0341             
1 49207U 21083X   26274.36735960  .00000072  00000+0  15034-3 0  9990
2 49207  87.9135 314.3553 0001833 109.9855 250.1474 13.18684613243983
ONEWEB-0342             
1 49208U 21083Y   26274.33460968  .00000075  00000+0  15201-3 0  9990
2 49208  87.9154 253.2583 0001893  83.4834 276.6515 13.20771958250796
ONEWEB-0343             
1 49209U 21083Z   26274.37578703  .00000037  00000+0  60921-4 0  9990
2 49209  87.9136 314.3527 0001522  91.2253 268.9054 13.18687760244031
ONEWEB-0344             
1 49210U 21083AA  26274.08289202  .00000080  00000+0  18450-3 0  9990
2 49210  87.8894 299.1601 0001767 106.5749 253.5574 13.13468829244795
ONEWEB-0345             
1 49211U 21083AB  26274.30296550  .00000221  00000+0  57080-3 0  9999
2 49211  87.8897 299.1062 0001702 102.8694 257.2625 13.13469121244836
ONEWEB-0346             
1 49212U 21083AC  26274.44830701  .00000031  00000+0  45184-4 0  9999
2 49212  87.9144 314.3383 0002528 100.5023 259.6394 13.18684386243988
ONEWEB-0348             
1 49213U 21083AD  26274.32452096  .00000055  00000+0  10353-3 0  9999
2 49213  87.9154 253.2656 0002205  97.2799 262.8585 13.20772935250828
ONEWEB-0350             
1 49214U 21083AE  26274.32172262 -.00000213  00000+0 -61732-3 0  9999
2 49214  87.8894 299.1043 0002312  66.6176 293.5196 13.13468976244861
ONEWEB-0351             
1 49215U 21083AF  26274.31764034  .00000008  00000+0 -12524-4 0  9990
2 49215  87.9155 253.2662 0001346  83.0445 277.0841 13.20771528250789
ONEWEB-0352             
1 49216U 21083AG  26274.36898532  .00000426  00000+0  11306-2 0  9995
2 49216  87.8893 299.0981 0001463  89.9804 270.1492 13.13469442244964
ONEWEB-0354             
1 49217U 21083AH  26274.34473046  .00000028  00000+0  36953-4 0  9998
2 49217  87.9153 253.2587 0002060  98.7956 261.3411 13.20771896250821
ONEWEB-0355             
1 49218U 21083AJ  26274.32241170 -.00000214  00000+0 -62048-3 0  9990
2 49218  87.8894 299.1084 0001662  95.8638 264.2680 13.13470396244833
ONEWEB-0357             
1 49219U 21083AK  26274.34135346  .00000075  00000+0  15355-3 0  9992
2 49219  87.9155 253.2533 0001756  88.4700 271.6635 13.20770705250820
ONEWEB-0332             
1 49279U 21090A   26274.01792766 -.00000098  00000+0 -29295-3 0  9990
2 49279  87.8896 268.5932 0001855  82.4517 277.6824 13.15786563241480
ONEWEB-0347             
1 49280U 21090B   26274.33125638  .00000077  00000+0  15765-3 0  9997
2 49280  87.9152 253.2628 0001903  77.5543 282.5803 13.20769105245057
ONEWEB-0349             
1 49281U 21090C   26274.36325382  .00000091  00000+0  19234-3 0  9990
2 49281  87.9152 253.2570 0002012  85.3346 274.8018 13.20772330243845
ONEWEB-0353             
1 49282U 21090D   26274.01541796 -.00000216  00000+0 -61767-3 0  9991
2 49282  87.8899 268.5934 0001937  81.5489 278.5861 13.14505030241486
ONEWEB-0356             
1 49283U 21090E   26274.36156863  .00000103  00000+0  22230-3 0  9992
2 49283  87.9155 253.2516 0002552  83.2065 276.9358 13.20771277243843
ONEWEB-0358             
1 49284U 21090F   26274.32199217 -.00000011  00000+0 -57925-4 0  9999
2 49284  87.9154 253.2672 0002081  88.5910 271.5462 13.20771077244565
ONEWEB-0359             
1 49285U 21090G   26274.31273630 -.00000017  00000+0 -74609-4 0  9995
2 49285  87.9154 253.2607 0002105  90.7315 269.4060 13.20770588244549
ONEWEB-0360             
1 49286U 21090H   26274.37838435  .00000064  00000+0  12589-3 0  9990
2 49286  87.9153 253.2537 0001896  87.0656 273.0694 13.20772809243860
ONEWEB-0361             
1 49287U 21090J   26274.35986089  .00000089  00000+0  18758-3 0  9999
2 49287  87.9157 253.2567 0002043  87.9256 272.2112 13.20770429244311
ONEWEB-0362             
1 49288U 21090K   26274.32073279  .00000031  00000+0  44340-4 0  9999
2 49288  87.9095 283.8228 0001666  92.0566 268.0757 13.19726825240916
ONEWEB-0363             
1 49289U 21090L   26274.37503057  .00000077  00000+0  15787-3 0  9999
2 49289  87.9152 253.2530 0002291  84.6685 275.4709 13.20772048244320
ONEWEB-0364             
1 49290U 21090M   26274.33797848 -.00000029  00000+0 -10294-3 0  9997
2 49290  87.9153 253.2679 0001953  84.3269 275.8087 13.20769757245457
ONEWEB-0365             
1 49291U 21090N   26274.33020418  .00000034  00000+0  53788-4 0  9990
2 49291  87.9096 283.8154 0001883  91.4222 268.7127 13.19723951240423
ONEWEB-0366             
1 49292U 21090P   26274.31651493 -.00000150  00000+0 -43802-3 0  9998
2 49292  87.8898 268.5342 0001929  89.1192 271.0159 13.14504479241502
ONEWEB-0367             
1 49293U 21090Q   26274.37417013  .00000125  00000+0  27442-3 0  9995
2 49293  87.9154 253.2557 0001846  82.8909 277.2434 13.20769762243840
ONEWEB-0368             
1 49294U 21090R   26274.34808978  .00000071  00000+0  14202-3 0  9997
2 49294  87.9155 253.2647 0002413  69.5448 290.5944 13.20773028244994
ONEWEB-0369             
1 49295U 21090S   26274.32547549 -.00000013  00000+0 -64173-4 0  9991
2 49295  87.9093 283.8186 0002262  84.6720 275.4670 13.19726956240413
ONEWEB-0370             
1 49296U 21090T   26274.38344491  .00000036  00000+0  57706-4 0  9996
2 49296  87.9151 253.2517 0001795  92.6544 267.4795 13.20772432243886
ONEWEB-0371             
1 49297U 21090U   26274.33337486 -.00000020  00000+0 -82871-4 0  9994
2 49297  87.9095 283.8141 0002098  86.8951 273.2422 13.19726790240456
ONEWEB-0372             
1 49298U 21090V   26274.37320152  .00000069  00000+0  13753-3 0  9994
2 49298  87.9154 253.2565 0001983  83.9116 276.2243 13.20771306243853
ONEWEB-0373             
1 49299U 21090W   26274.32282669  .00000002  00000+0 -26623-4 0  9999
2 49299  87.9154 253.2657 0002015  87.3332 272.8032 13.20770418245034
ONEWEB-0374             
1 49300U 21090X   26274.37910510  .00000060  00000+0  12628-3 0  9992
2 49300  87.8908 268.5174 0002481  91.2893 268.8521 13.14503509241514
ONEWEB-0375             
1 49301U 21090Y   26274.38681639  .00000032  00000+0  47205-4 0  9990
2 49301  87.9153 253.2451 0002524  90.4825 269.6597 13.20773480244543
ONEWEB-0376             
1 49302U 21090Z   26274.33179141  .00000018  00000+0  12239-4 0  9999
2 49302  87.9098 283.8138 0001798  84.9433 275.1905 13.19724574240457
ONEWEB-0377             
1 49303U 21090AA  26274.37347181  .00000072  00000+0  14572-3 0  9996
2 49303  87.9152 253.2500 0002281  86.1049 274.0345 13.20772699244530
ONEWEB-0378             
1 49304U 21090AB  26274.31791655 -.00000014  00000+0 -66731-4 0  9993
2 49304  87.9154 253.2641 0002109  83.8007 276.3367 13.20772925243794
ONEWEB-0379             
1 49305U 21090AC  26274.37403912  .00000132  00000+0  32112-3 0  9990
2 49305  87.8899 268.5242 0002035  85.6101 274.5261 13.14503166241512
ONEWEB-0380             
1 49306U 21090AD  26274.10117778  .00000006  00000+0 -17759-4 0  9996
2 49306  87.9093 283.8606 0001971  96.1296 264.0062 13.19723384240393
ONEWEB-0381             
1 49307U 21090AE  26274.36996602  .00000090  00000+0  18819-3 0  9995
2 49307  87.9152 253.2559 0002219  87.9976 272.1411 13.20772713243840
ONEWEB-0382             
1 49308U 21090AF  26274.35648726  .00000106  00000+0  22834-3 0  9996
2 49308  87.9155 253.2528 0002290  84.5987 275.5407 13.20773724243838
ONEWEB-0383             
1 49309U 21090AG  26274.36725461  .00000207  00000+0  52350-3 0  9998
2 49309  87.8899 268.5191 0002075  87.3072 272.8296 13.14502644241541
ONEWEB-0384             
1 49310U 21090AH  26274.34157703  .00000060  00000+0  11623-3 0  9991
2 49310  87.9153 253.2979 0002504  81.4182 278.7236 13.20818916243849
ONEWEB-0385             
1 49311U 21090AJ  26274.34976739  .00000071  00000+0  14236-3 0  9995
2 49311  87.9154 253.2584 0002157  85.9561 274.1819 13.20771123243819
ONEWEB-0386             
1 49312U 21090AK  26274.36659412  .00000111  00000+0  24215-3 0  9997
2 49312  87.9156 253.2496 0002183  82.3445 277.7936 13.20773198243830
ONEWEB-0387             
1 49313U 21090AL  26274.35144082  .00000087  00000+0  18211-3 0  9990
2 49313  87.9157 253.2673 0002217  92.1777 267.9610 13.20773338243830
ONEWEB-0388             
1 49314U 21090AM  26274.32389526 -.00000004  00000+0 -42229-4 0  9990
2 49314  87.9100 283.8142 0002045  89.7817 270.3550 13.19724099240415
ONEWEB-0389             
1 50469U 21132A   26274.43341288  .00000051  00000+0  97243-4 0  9991
2 50469  87.9189 344.7742 0002130  96.3202 263.8172 13.17651749232074
ONEWEB-0390             
1 50470U 21132B   26274.20730696  .00001281  00000+0  32648-2 0  9995
2 50470  87.9187 344.8198 0001739 107.2029 252.9293 13.17643948232045
ONEWEB-0391             
1 50471U 21132C   26274.51272926  .00000035  00000+0  57131-4 0  9999
2 50471  87.9184 344.7681 0002507 115.5148 244.6243 13.17648059232082
ONEWEB-0392             
1 50472U 21132D   26274.46716773  .00000099  00000+0  22192-3 0  9995
2 50472  87.9195 344.7543 0002268 105.1265 255.0117 13.17647361232116
ONEWEB-0393             
1 50473U 21132E   26274.51864097  .00000056  00000+0  11103-3 0  9998
2 50473  87.9189 344.7525 0002033 102.3227 257.8132 13.17649065232117
ONEWEB-0394             
1 50474U 21132F   26274.40110665  .00000069  00000+0  14154-3 0  9995
2 50474  87.9141 314.3379 0002051  94.2660 265.8707 13.18686618235594
ONEWEB-0395             
1 50475U 21132G   26274.60117737  .00000279  00000+0  75115-3 0  9992
2 50475  87.8969 359.9180 0001734 105.9207 254.2112 13.11419844229662
ONEWEB-0396             
1 50476U 21132H   26274.47022360  .00000051  00000+0  97269-4 0  9998
2 50476  87.9138 314.3354 0002130  96.1836 263.9538 13.18687930235644
ONEWEB-0397             
1 50477U 21132J   26274.40954219  .00001767  00000+0  44481-2 0  9990
2 50477  87.9139 314.3481 0002142  97.2870 262.8506 13.18678855235616
ONEWEB-0398             
1 50478U 21132K   26274.49252708 -.00000334  00000+0 -97736-3 0  9997
2 50478  87.8972 359.9377 0001664 110.8126 249.3180 13.11416657229540
ONEWEB-0399             
1 50479U 21132L   26274.47895321  .00000147  00000+0  37965-3 0  9998
2 50479  87.8966 359.9460 0002343 104.3369 255.8019 13.11416456229538
ONEWEB-0400             
1 50480U 21132M   26274.38761492  .00000033  00000+0  49892-4 0  9998
2 50480  87.9141 314.3438 0001814  99.3557 260.7781 13.18686369235605
ONEWEB-0401             
1 50481U 21132N   26274.43314592  .00000017  00000+0  11604-4 0  9992
2 50481  87.9144 314.3332 0001966  88.9644 271.1714 13.18685708235610
ONEWEB-0402             
1 50482U 21132P   26274.39603342  .00000073  00000+0  15120-3 0  9990
2 50482  87.9147 314.3281 0002113  83.8759 276.2614 13.18685256235638
ONEWEB-0403             
1 50483U 21132Q   26274.34545954  .00000014  00000+0  28881-5 0  9995
2 50483  87.9140 314.3612 0002016  97.8504 262.2857 13.18685350235588
ONEWEB-0404             
1 50484U 21132R   26274.53661920  .00000565  00000+0  15580-2 0  9999
2 50484  87.8971 359.9345 0002076 107.8593 252.2762 13.11417623229636
ONEWEB-0405             
1 50485U 21132S   26274.43482546  .00000029  00000+0  40101-4 0  9998
2 50485  87.9146 314.3324 0001589 106.2429 253.8878 13.18687021235992
ONEWEB-0406             
1 50486U 21132T   26274.35051026  .00000073  00000+0  15303-3 0  9999
2 50486  87.9141 314.3591 0002358 103.4438 256.6957 13.18688186235619
ONEWEB-0407             
1 50487U 21132U   26274.34375328 -.00000042  00000+0 -13940-3 0  9996
2 50487  87.9144 314.3569 0001746  91.3844 268.7488 13.18687641235555
ONEWEB-0409             
1 50488U 21132V   26274.53492136  .00000583  00000+0  16102-2 0  9995
2 50488  87.8972 359.9265 0001969 109.1327 251.0014 13.11418051229523
ONEWEB-0412             
1 50489U 21132W   26274.40785029 -.00000268  00000+0 -71204-3 0  9995
2 50489  87.9141 314.3473 0002190  90.9898 269.1485 13.18687659235658
ONEWEB-0413             
1 50490U 21132X   26274.41290007  .00000029  00000+0  41119-4 0  9991
2 50490  87.9142 314.3460 0001870  86.1313 274.0033 13.18684706235597
ONEWEB-0414             
1 50491U 21132Y   26274.39772913  .00000014  00000+0  38521-5 0  9998
2 50491  87.9142 314.3345 0002066  92.7810 267.3559 13.18686717235629
ONEWEB-0417             
1 50492U 21132Z   26274.10264089 -.00000021  00000+0 -87134-4 0  9991
2 50492  87.9142 314.4073 0001893 104.0004 256.1339 13.18684095235560
ONEWEB-0418             
1 50493U 21132AA  26274.41614780  .00000878  00000+0  21941-2 0  9993
2 50493  87.9137 314.3461 0001992 106.6322 253.5029 13.18682926235665
ONEWEB-0419             
1 50494U 21132AB  26274.38172077  .00000097  00000+0  21375-3 0  9993
2 50494  87.9142 314.3677 0001923 104.1834 255.9512 13.18676330235571
ONEWEB-0420             
1 50495U 21132AC  26274.39940630 -.00000016  00000+0 -73625-4 0  9992
2 50495  87.9134 314.3473 0001728  92.1775 267.9555 13.18687331235573
ONEWEB-0421             
1 50496U 21132AD  26274.46853907  .00000048  00000+0  89101-4 0  9990
2 50496  87.9145 314.3350 0002233  89.8129 270.3259 13.18687665235623
ONEWEB-0424             
1 50497U 21132AE  26274.42975443  .00000010  00000+0 -80663-5 0  9992
2 50497  87.9140 314.3434 0001707 110.8193 249.3123 13.18684584235648
ONEWEB-0426             
1 50498U 21132AF  26274.38254273  .00000033  00000+0  50722-4 0  9995
2 50498  87.9144 314.3435 0002624  99.6018 260.5411 13.18685138235587
ONEWEB-0427             
1 50499U 21132AG  26274.42808600 -.00000001  00000+0 -34971-4 0  9995
2 50499  87.9145 314.3268 0002088  99.4964 260.6404 13.18686536235615
ONEWEB-0429             
1 50500U 21132AH  26274.33870785 -.00000024  00000+0 -92887-4 0  9996
2 50500  87.9136 314.3608 0001828  92.3680 267.7662 13.18684625235570
ONEWEB-0430             
1 50501U 21132AJ  26274.17513541 -.00000045  00000+0 -14796-3 0  9998
2 50501  87.9134 314.3923 0001654  92.3852 267.7469 13.18686995235596
ONEWEB-0432             
1 50502U 21132AK  26274.15815640  .00000059  00000+0  11662-3 0  9994
2 50502  87.9142 314.3874 0001529 104.4290 255.7012 13.18686988235541
ONEWEB-0440             
1 50503U 21132AL  26274.34713877  .00000071  00000+0  14812-3 0  9999
2 50503  87.9140 314.3595 0001968  86.4826 273.6531 13.18684671235565
ONEWEB-0450             
1 50504U 21132AM  26274.41640447 -.00000003  00000+0 -41311-4 0  9992
2 50504  87.9146 314.3438 0001750  92.3252 267.8081 13.18687905235609
ONEWEB-0410             
1 51622U 22012A   26274.52792147  .00000025  00000+0  30474-4 0  9999
2 51622  87.9187 344.7500 0003135 110.9533 249.1934 13.17647794227704
ONEWEB-0411             
1 51623U 22012B   26274.53203129 -.00000454  00000+0 -13358-2 0  9996
2 51623  87.8910  15.1093 0001265 106.3349 253.7918 13.10370385223217
ONEWEB-0415             
1 51624U 22012C   26274.60500255 -.00000312  00000+0 -92998-3 0  9996
2 51624  87.8920  15.0920 0001631 115.3200 244.8097 13.10370092223225
ONEWEB-0416             
1 51625U 22012D   26274.54052972 -.00000637  00000+0 -18625-2 0  9992
2 51625  87.8909  15.1154 0001634 114.8777 245.2520 13.10372801223258
ONEWEB-0422             
1 51626U 22012E   26274.46211248  .00000080  00000+0  17416-3 0  9995
2 51626  87.9188 344.7611 0001676  81.3216 278.8105 13.17648661227803
ONEWEB-0423             
1 51627U 22012F   26274.45536301  .00000024  00000+0  29550-4 0  9996
2 51627  87.9188 344.7661 0001995 100.2121 259.9236 13.17649035227697
ONEWEB-0425             
1 51628U 22012G   26274.55069110 -.00000358  00000+0 -10615-2 0  9999
2 51628  87.8921  15.1015 0002113 109.3160 250.8196 13.10374032223258
ONEWEB-0428             
1 51629U 22012H   26274.53034187 -.00000333  00000+0 -98893-3 0  9992
2 51629  87.8908  15.1080 0001766 102.4299 257.7026 13.10371971223219
ONEWEB-0431             
1 51630U 22012J   26274.57603438  .00000573  00000+0  16054-2 0  9991
2 51630  87.8921  15.0967 0001164 106.1129 254.0127 13.10373631223277
ONEWEB-0434             
1 51631U 22012K   26274.55424541 -.00000214  00000+0 -65019-3 0  9996
2 51631  87.8920  15.1268 0002407 108.6318 251.5071 13.10375817223256
ONEWEB-0435             
1 51632U 22012L   26274.33180777  .00000077  00000+0  18465-3 0  9991
2 51632  87.8913  15.1513 0001532  92.9273 267.2030 13.10377561223218
ONEWEB-0436             
1 51633U 22012M   26274.52284855  .00000030  00000+0  43675-4 0  9996
2 51633  87.9199 344.7425 0001869  92.1998 267.9348 13.17650802227681
ONEWEB-0438             
1 51634U 22012N   26274.54561664 -.00000569  00000+0 -16663-2 0  9999
2 51634  87.8911  15.1128 0001897 105.8271 254.3066 13.10375880223270
ONEWEB-0439             
1 51635U 22012P   26274.54899919 -.00000551  00000+0 -16157-2 0  9996
2 51635  87.8922  15.1032 0001906 100.9353 259.1989 13.10375137223255
ONEWEB-0442             
1 51636U 22012Q   26274.51525323  .00000071  00000+0  14910-3 0  9990
2 51636  87.9189 344.7674 0002414 108.0691 252.0703 13.17647584227675
ONEWEB-0443             
1 51637U 22012R   26274.53466706  .00000041  00000+0  72388-4 0  9993
2 51637  87.9185 344.7636 0002122  92.9970 267.1405 13.17647717227727
ONEWEB-0444             
1 51638U 22012S   26274.53880641 -.00000599  00000+0 -17531-2 0  9999
2 51638  87.8919  15.1044 0001836  97.0555 263.0782 13.10370768223260
ONEWEB-0445             
1 51639U 22012T   26274.33012160  .00000006  00000+0 -19224-4 0  9996
2 51639  87.8922  15.1382 0001714 105.9895 254.1422 13.10375577223244
ONEWEB-0446             
1 51640U 22012U   26274.53712300 -.00000517  00000+0 -15163-2 0  9997
2 51640  87.8909  15.1169 0001737 113.8762 246.2547 13.10372156223251
ONEWEB-0448             
1 51641U 22012V   26274.54222384 -.00000621  00000+0 -18144-2 0  9995
2 51641  87.8912  15.1113 0001784 102.7653 257.3674 13.10373396223221
ONEWEB-0449             
1 51642U 22012W   26274.54730110 -.00000522  00000+0 -15325-2 0  9995
2 51642  87.8920  15.1033 0002170 110.8344 249.3016 13.10374439223230
ONEWEB-0451             
1 51643U 22012X   26274.51947790  .00000023  00000+0  25850-4 0  9997
2 51643  87.9199 344.7419 0002112 101.2897 258.8472 13.17649831227662
ONEWEB-0452             
1 51644U 22012Y   26274.51780996 -.00000020  00000+0 -84500-4 0  9997
2 51644  87.9182 344.7662 0002276  96.6880 263.4510 13.17648902227679
ONEWEB-0456             
1 51646U 22012AA  26274.55578424 -.00000320  00000+0 -95318-3 0  9995
2 51646  87.8923  15.0947 0001690  97.5199 262.6121 13.10375953223276
ONEWEB-0457             
1 51647U 22012AB  26274.60997306  .00000186  00000+0  49518-3 0  9995
2 51647  87.8917  15.0938 0001653 118.0932 242.0363 13.10372616223287
ONEWEB-0458             
1 51648U 22012AC  26274.54138819 -.00000571  00000+0 -16727-2 0  9990
2 51648  87.8918  15.0903 0001950  98.2010 261.9338 13.10368952223232
ONEWEB-0461             
1 51649U 22012AD  26274.53971723 -.00000213  00000+0 -58217-3 0  9993
2 51649  87.9189 344.7463 0001908 104.1282 256.0061 13.17648282227896
ONEWEB-0463             
1 51650U 22012AE  26274.44523615  .00000052  00000+0  10125-3 0  9993
2 51650  87.9185 344.7805 0001757 106.3992 253.7333 13.17648372227669
ONEWEB-0464             
1 51651U 22012AF  26274.55240319 -.00000330  00000+0 -98241-3 0  9999
2 51651  87.8911  15.1107 0001855  92.2207 267.9133 13.10375672223250
ONEWEB-0468             
1 51652U 22012AG  26274.32841577 -.00000024  00000+0 -10635-3 0  9999
2 51652  87.8913  15.1485 0001762  94.3984 265.7345 13.10377469223206
ONEWEB-0473             
1 51653U 22012AH  26274.54400120 -.00010694  00000+0 -30746-1 0  9996
2 51653  87.8925  15.1107 0002654  77.7202 282.4222 13.10280433223237
ONEWEB-0474             
1 51654U 22012AJ  26274.53542424 -.00000465  00000+0 -13685-2 0  9999
2 51654  87.8919  15.1038 0001802  96.9232 263.2101 13.10370724223229
ONEWEB-0475             
1 51655U 22012AK  26274.22924686  .00000013  00000+0  51530-6 0  9992
2 51655  87.9189 344.8197 0002093  82.6941 277.4428 13.17649169227659
ONEWEB-0490             
1 54113U 22138A   26274.35391153  .00000087  00000+0  18419-3 0  9991
2 54113  87.9095 283.8099 0001791  85.2757 274.8581 13.19724660190830
ONEWEB-0492             
1 54114U 22138B   26274.30337498  .00000749  00000+0  18380-2 0  9990
2 54114  87.9103 283.8204 0001594  89.9327 270.1989 13.19722378190839
ONEWEB-0495             
1 54115U 22138C   26274.35707408 -.00000018  00000+0 -76900-4 0  9993
2 54115  87.9091 283.8079 0001663  70.4855 289.6457 13.19725713190824
ONEWEB-0497             
1 54116U 22138D   26274.36969012  .00000094  00000+0  20167-3 0  9991
2 54116  87.9101 283.8051 0001853  88.2582 271.8763 13.19727283190818
ONEWEB-0499             
1 54117U 22138E   26274.27730857  .00000067  00000+0  13559-3 0  9992
2 54117  87.9097 283.8262 0001883  83.9107 276.2240 13.19724563190812
ONEWEB-0500             
1 54118U 22138F   26274.35550183  .00000049  00000+0  89213-4 0  9995
2 54118  87.9102 283.8100 0001795  90.3128 269.8210 13.19726275190837
ONEWEB-0501             
1 54119U 22138G   26274.38550436  .00000053  00000+0  10048-3 0  9994
2 54119  87.9096 283.8041 0001744  78.1855 281.9474 13.19726411190816
ONEWEB-0502             
1 54120U 22138H   26274.37127678  .00000138  00000+0  31315-3 0  9997
2 54120  87.9106 283.7983 0001945  82.7155 277.4199 13.19723692190835
ONEWEB-0503             
1 54121U 22138J   26274.36022201  .00000059  00000+0  11406-3 0  9994
2 54121  87.9107 283.8070 0002160  89.8391 270.2989 13.19723911190826
ONEWEB-0504             
1 54122U 22138K   26274.04433532  .00000057  00000+0  10887-3 0  9993
2 54122  87.9097 283.8722 0001933  83.5410 276.5942 13.19725993190795
ONEWEB-0505             
1 54123U 22138L   26274.04116419 -.00000019  00000+0 -78742-4 0  9991
2 54123  87.9094 283.8722 0001825  76.3745 283.7591 13.19726734190776
ONEWEB-0506             
1 54124U 22138M   26274.31916928 -.00000004  00000+0 -41297-4 0  9994
2 54124  87.9097 283.8170 0001797  80.6166 279.5170 13.19726429190801
ONEWEB-0507             
1 54125U 22138N   26274.33967822  .00000040  00000+0  67960-4 0  9999
2 54125  87.9091 283.8164 0001778  84.5635 275.5700 13.19727008190856
ONEWEB-0508             
1 54126U 22138P   26274.33653851 -.00000017  00000+0 -75926-4 0  9991
2 54126  87.9098 283.8171 0001704  80.8973 279.2353 13.19724137190838
ONEWEB-0509             
1 54127U 22138Q   26274.08381609 -.00000020  00000+0 -82737-4 0  9995
2 54127  87.9099 283.8658 0001780  89.2319 270.9018 13.19724798190773
ONEWEB-0510             
1 54128U 22138R   26274.34303647  .00000043  00000+0  73388-4 0  9996
2 54128  87.9156 253.2558 0002214  94.4024 265.7362 13.20771088193292
ONEWEB-0511             
1 54129U 22138S   26274.30809551  .00001068  00000+0  26351-2 0  9992
2 54129  87.9097 283.8195 0002099  87.1390 272.9983 13.19733313190832
ONEWEB-0512             
1 54130U 22138T   26274.30020818 -.00000049  00000+0 -15435-3 0  9997
2 54130  87.9098 283.8221 0001853  80.7756 279.3586 13.19723690190801
ONEWEB-0513             
1 54131U 22138U   26274.03500226 -.00000021  00000+0 -84133-4 0  9996
2 54131  87.9094 283.8032 0002289  66.6602 293.4772 13.20261141190685
ONEWEB-0514             
1 54132U 22138V   26274.31598807 -.00001541  00000+0 -38809-2 0  9995
2 54132  87.9097 283.8180 0002009  88.1864 271.9499 13.19731511190826
ONEWEB-0515             
1 54133U 22138W   26274.32957183  .00000026  00000+0  31680-4 0  9990
2 54133  87.9157 253.2575 0001717 112.3492 247.7823 13.20772908193311
ONEWEB-0516             
1 54134U 22138X   26274.29072067 -.00000005  00000+0 -45111-4 0  9999
2 54134  87.9093 283.8241 0001747  89.6714 270.4619 13.19726405190824
ONEWEB-0517             
1 54135U 22138Y   26274.04275216  .00000018  00000+0  11626-4 0  9990
2 54135  87.9102 283.8725 0002180  89.4798 270.6584 13.19726566190792
ONEWEB-0518             
1 54136U 22138Z   26274.28915401  .00000035  00000+0  55504-4 0  9996
2 54136  87.9095 283.8260 0001694  91.1091 269.0236 13.19724721190824
ONEWEB-0519             
1 54137U 22138AA  26274.39022263  .00000040  00000+0  67389-4 0  9994
2 54137  87.9095 283.8021 0002092  90.5102 269.6270 13.19727762190843
ONEWEB-0520             
1 54138U 22138AB  26274.34917930  .00000020  00000+0  18181-4 0  9998
2 54138  87.9098 283.8123 0001756  83.0750 277.0583 13.19726034190821
ONEWEB-0521             
1 54139U 22138AC  26274.30652923  .00000000  00000+0 -32910-4 0  9998
2 54139  87.9102 283.8134 0002129  92.0274 268.1103 13.19726280190761
ONEWEB-0522             
1 54140U 22138AD  26274.28598065  .00000027  00000+0  35986-4 0  9997
2 54140  87.9101 283.8189 0001894  85.5509 274.5840 13.19727133190800
ONEWEB-0523             
1 54141U 22138AE  26274.31608086 -.00000012  00000+0 -61135-4 0  9998
2 54141  87.9155 253.2672 0002298 104.9785 255.1603 13.20773742193319
ONEWEB-0524             
1 54142U 22138AF  26274.38174304  .00000059  00000+0  11433-3 0  9991
2 54142  87.9153 253.2502 0001472 109.1046 251.0247 13.20769628193328
ONEWEB-0525             
1 54143U 22138AG  26274.30494844  .00000042  00000+0  71716-4 0  9991
2 54143  87.9097 283.8203 0001632  80.9521 279.1797 13.19724261190820
ONEWEB-0526             
1 54144U 22138AH  26274.33811952  .00000013  00000+0  24935-6 0  9999
2 54144  87.9097 283.8135 0001748  88.7582 271.3751 13.19724661190802
ONEWEB-0529             
1 54145U 22138AJ  26274.03800811  .00000038  00000+0  62213-4 0  9995
2 54145  87.9092 283.8760 0001755  84.2829 275.8504 13.19726400190780
ONEWEB-0531             
1 54146U 22138AK  26274.36827759  .00000096  00000+0  20409-3 0  9996
2 54146  87.9154 253.2505 0002159 100.9440 259.1936 13.20773613193329
ONEWEB-0535             
1 54147U 22138AL  26274.37443942  .00000099  00000+0  21480-3 0  9999
2 54147  87.9105 283.8023 0002104  97.5326 262.6046 13.19727194190840
ONEWEB-0536             
1 54148U 22138AM  26274.35481166  .00000141  00000+0  31410-3 0  9990
2 54148  87.9154 253.2674 0002002 113.7175 246.4169 13.20770232193312
ONEWEB-0527             
1 54642U 22166A   26274.53009400  .00000018  00000+0  12165-4 0  9997
2 54642  87.9300 222.8321 0001961  75.6784 284.4567 13.21826979185585
ONEWEB-0528             
1 54643U 22166B   26274.37954121  .00000077  00000+0  15592-3 0  9990
2 54643  87.9301 222.8658 0001858  71.9990 288.1346 13.21826611185571
ONEWEB-0539             
1 54644U 22166C   26274.34168311  .00000097  00000+0  20248-3 0  9992
2 54644  87.9308 222.8518 0002190  75.4865 284.6512 13.21828104185568
ONEWEB-0540             
1 54645U 22166D   26274.34854864 -.00000359  00000+0 -90009-3 0  9993
2 54645  87.9298 222.8730 0002070  78.5816 281.5551 13.21826509185555
ONEWEB-0542             
1 54646U 22166E   26274.35178911  .00000115  00000+0  24648-3 0  9991
2 54646  87.9306 222.8499 0002279  75.7126 284.4261 13.21824689185560
ONEWEB-0545             
1 54647U 22166F   26274.31645420  .00000002  00000+0 -26144-4 0  9992
2 54647  87.9299 222.8605 0002604  81.4444 278.6985 13.21824040185525
ONEWEB-0580             
1 54648U 22166G   26274.59403197  .00000078  00000+0  15649-3 0  9995
2 54648  87.9301 222.8050 0002352  81.7030 278.4370 13.21825490185603
ONEWEB-0582             
1 54649U 22166H   26274.33328184  .00000087  00000+0  17810-3 0  9992
2 54649  87.9305 222.8523 0002444  77.5730 282.5677 13.21824701185548
ONEWEB-0583             
1 54650U 22166J   26274.34506983  .00000067  00000+0  12959-3 0  9997
2 54650  87.9300 222.8703 0002113  77.1974 282.9396 13.21826017185559
ONEWEB-0584             
1 54651U 22166K   26274.59233934  .00000993  00000+0  23727-2 0  9990
2 54651  87.9297 222.8044 0002099  78.8074 281.3296 13.21831231185573
ONEWEB-0585             
1 54652U 22166L   26274.31309694  .00000051  00000+0  92667-4 0  9994
2 54652  87.9305 222.8534 0001843  75.3429 284.7910 13.21824165185545
ONEWEB-0586             
1 54653U 22166M   26274.32657310  .00000060  00000+0  11277-3 0  9994
2 54653  87.9301 222.8726 0002293  77.1693 282.9697 13.21825535185542
ONEWEB-0587             
1 54654U 22166N   26274.33665136  .00000032  00000+0  46111-4 0  9996
2 54654  87.9312 222.8545 0001659  76.3530 283.7789 13.21827212185703
ONEWEB-0589             
1 54655U 22166P   26274.32318881 -.00000008  00000+0 -51895-4 0  9998
2 54655  87.9300 222.8563 0002847  81.9436 278.2020 13.21827002185566
ONEWEB-0590             
1 54656U 22166Q   26274.34829712  .00000101  00000+0  21199-3 0  9996
2 54656  87.9308 222.8515 0001978  89.9895 270.1466 13.21825308185554
ONEWEB-0591             
1 54657U 22166R   26274.36018154 -.00002304  00000+0 -56100-2 0  9997
2 54657  87.9299 222.8545 0001962  80.1306 280.0049 13.21840036185585
ONEWEB-0592             
1 54658U 22166S   26274.36357218  .00000098  00000+0  20565-3 0  9998
2 54658  87.9306 222.8418 0002021  75.9645 284.1714 13.21826700185462
ONEWEB-0593             
1 54659U 22166T   26274.38543307  .00000008  00000+0 -13326-4 0  9997
2 54659  87.9304 222.8436 0002126  74.7909 285.3460 13.21827027185573
ONEWEB-0594             
1 54660U 22166U   26274.32992460  .00000054  00000+0  99606-4 0  9996
2 54660  87.9297 222.8670 0001868  74.1310 286.0030 13.21824835185584
ONEWEB-0595             
1 54661U 22166V   26274.38205976  .00000053  00000+0  97433-4 0  9997
2 54661  87.9308 222.8462 0001773  78.2907 281.8426 13.21828206185565
ONEWEB-0596             
1 54662U 22166W   26274.35683671  .00000107  00000+0  22803-3 0  9995
2 54662  87.9297 222.8559 0001945  77.3018 282.8333 13.21824579185561
ONEWEB-0597             
1 54663U 22166X   26274.33832653  .00000087  00000+0  17906-3 0  9995
2 54663  87.9299 222.8609 0002101  77.2738 282.8631 13.21827588185567
ONEWEB-0600             
1 54664U 22166Y   26274.31982027  .00000067  00000+0  13157-3 0  9997
2 54664  87.9303 222.8572 0002080  71.5072 288.6288 13.21827578185535
ONEWEB-0601             
1 54665U 22166Z   26274.31142870  .00000154  00000+0  34129-3 0  9991
2 54665  87.9298 222.8727 0002298  76.8707 283.2683 13.21826470185726
ONEWEB-0602             
1 54666U 22166AA  26274.35263068  .00000111  00000+0  23808-3 0  9994
2 54666  87.9296 222.8698 0002084  70.5656 289.5703 13.21824855185579
ONEWEB-0603             
1 54667U 22166AB  26274.35852874  .00000105  00000+0  22334-3 0  9990
2 54667  87.9310 222.8369 0002095  75.2303 284.9063 13.21824942185503
ONEWEB-0604             
1 54668U 22166AC  26274.34672655  .00000119  00000+0  25663-3 0  9990
2 54668  87.9301 222.8525 0001940  75.4453 284.6896 13.21828128185460
ONEWEB-0605             
1 54669U 22166AD  26274.34001922  .00000065  00000+0  12591-3 0  9990
2 54669  87.9301 222.8614 0002443  88.2657 271.8757 13.21825722185536
ONEWEB-0606             
1 54670U 22166AE  26274.36188770  .00000106  00000+0  22415-3 0  9993
2 54670  87.9299 222.8688 0001868  74.1761 285.9579 13.21825654185593
ONEWEB-0607             
1 54671U 22166AF  26274.32822361  .00000023  00000+0  24824-4 0  9996
2 54671  87.9305 222.8533 0002066  78.0685 282.0681 13.21826931185568
ONEWEB-0608             
1 54672U 22166AG  26274.33496408  .00000107  00000+0  22756-3 0  9991
2 54672  87.9309 222.8525 0002460  81.9394 278.2019 13.21824650185571
ONEWEB-0610             
1 54673U 22166AH  26274.31477103 -.00000304  00000+0 -76688-3 0  9995
2 54673  87.9297 222.8599 0002672  76.4025 283.7406 13.21826292185478
ONEWEB-0611             
1 54674U 22166AJ  26274.30807393 -.00002503  00000+0 -60964-2 0  9995
2 54674  87.9300 222.8548 0001515  54.9977 305.1299 13.21803819185468
ONEWEB-0612             
1 54675U 22166AK  26274.32150206  .00000010  00000+0 -78333-5 0  9994
2 54675  87.9307 222.8590 0002139  77.1078 283.0295 13.21827094185455
ONEWEB-0615             
1 54676U 22166AL  26274.37702814  .00000097  00000+0  20444-3 0  9990
2 54676  87.9299 222.8544 0001796  71.1144 289.0185 13.21825006185478
ONEWEB-0655             
1 54677U 22166AM  26274.35346681  .00000085  00000+0  17324-3 0  9995
2 54677  87.9301 222.8597 0002135  71.6891 288.4475 13.21827615185465
ONEWEB-0659             
1 54678U 22166AN  26274.59737799  .00000087  00000+0  17857-3 0  9999
2 54678  87.9298 222.8101 0001849  80.0337 280.1006 13.21827798185586
ONEWEB-0685             
1 54679U 22166AP  26274.37215603  .00000071  00000+0  13777-3 0  9991
2 54679  87.9297 222.8098 0002356  90.0384 270.1021 13.23189419185453
ONEWEB-0712             
1 54680U 22166AQ  26274.30377727  .00000022  00000+0  23520-4 0  9996
2 54680  87.9174 207.7140 0002144  61.9400 298.1948 13.16594762186025
ONEWEB-0714             
1 54681U 22166AR  26274.37533595  .00000123  00000+0  26597-3 0  9999
2 54681  87.9305 222.8469 0002009  68.2209 291.9139 13.21827198185560
ONEWEB-0532             
1 55140U 23004A   26274.26720527  .00000053  00000+0  10245-3 0  9998
2 55140  87.9188 344.8018 0001983 109.8997 250.2348 13.17648220181558
ONEWEB-0533             
1 55141U 23004B   26274.42707926 -.00000192  00000+0 -56997-3 0  9995
2 55141  87.8959 329.5775 0002128  98.4061 261.7309 13.12443756181995
ONEWEB-0541             
1 55142U 23004C   26274.54002454  .00000585  00000+0  16156-2 0  9999
2 55142  87.8972 359.9287 0001680 108.2290 251.9021 13.11417645179886
ONEWEB-0543             
1 55143U 23004D   26274.46684783  .00000067  00000+0  13698-3 0  9996
2 55143  87.9132 314.3431 0001812  88.8573 271.2766 13.18687925183700
ONEWEB-0544             
1 55144U 23004E   26274.46009557 -.00000136  00000+0 -37778-3 0  9991
2 55144  87.9135 314.3443 0001713  94.2050 265.9278 13.18685220183702
ONEWEB-0560             
1 55145U 23004F   26274.45337470  .00000014  00000+0  21547-5 0  9991
2 55145  87.9133 314.3354 0001657  91.8298 268.3024 13.18686788183713
ONEWEB-0565             
1 55146U 23004G   26274.44662490  .00000055  00000+0  10714-3 0  9991
2 55146  87.9129 314.3552 0001672 105.1811 254.9506 13.18685101183709
ONEWEB-0567             
1 55147U 23004H   26274.36400391  .00000074  00000+0  15557-3 0  9994
2 55147  87.9133 314.3647 0001634 101.4492 258.6824 13.18687583183690
ONEWEB-0569             
1 55148U 23004J   26274.35204754  .00000055  00000+0  11686-3 0  9997
2 55148  87.8898 299.0968 0001035  80.9888 279.1359 13.13471183184119
ONEWEB-0570             
1 55149U 23004K   26274.43144454 -.00000023  00000+0 -92080-4 0  9992
2 55149  87.9134 314.3487 0002196 106.5846 253.5527 13.18687491183690
ONEWEB-0571             
1 55150U 23004L   26274.34883172  .00000029  00000+0  40647-4 0  9997
2 55150  87.9132 314.3644 0000909 129.6500 230.4712 13.18687440183692
ONEWEB-0572             
1 55151U 23004M   26274.52622986  .00000037  00000+0  62865-4 0  9997
2 55151  87.9190 344.7525 0001840 104.5771 255.5565 13.17647835181481
ONEWEB-0573             
1 55152U 23004N   26274.41795177 -.00000063  00000+0 -19327-3 0  9994
2 55152  87.9133 314.3533 0001289 118.8709 241.2553 13.18687635183694
ONEWEB-0588             
1 55153U 23004P   26274.41122299 -.00000204  00000+0 -54998-3 0  9994
2 55153  87.9128 314.3523 0002165 107.9008 252.2361 13.18685454183699
ONEWEB-0598             
1 55154U 23004Q   26274.59426165  .00000014  00000+0  38031-5 0  9992
2 55154  87.8971 359.9228 0001122 109.1160 251.0089 13.11419849179849
ONEWEB-0599             
1 55155U 23004R   26274.25962248 -.00000003  00000+0 -39924-4 0  9994
2 55155  87.9188 344.8036 0001671  94.1439 265.9883 13.17640473181453
ONEWEB-0614             
1 55156U 23004S   26274.58917575 -.00000218  00000+0 -65034-3 0  9992
2 55156  87.8962 359.9280 0002176 108.3829 251.7536 13.11418265179780
ONEWEB-0616             
1 55157U 23004T   26274.45366831  .00000080  00000+0  17262-3 0  9997
2 55157  87.9189 344.7705 0001825  71.0717 289.0612 13.17647987181692
ONEWEB-0617             
1 55158U 23004U   26274.50100912 -.00000501  00000+0 -14508-2 0  9999
2 55158  87.8963 359.9439 0002094 111.0045 249.1307 13.11417064179793
ONEWEB-0618             
1 55159U 23004V   26274.36853002  .00002229  00000+0  12095-3 0  9996
2 55159  86.9069 134.5054 0009541 257.9164 102.1007 15.13979266198323
ONEWEB-0619             
1 55160U 23004W   26274.48572650  .00000050  00000+0  95959-4 0  9999
2 55160  87.9196 344.7537 0002261  96.1183 264.0206 13.17647727181590
ONEWEB-0620             
1 55161U 23004X   26274.49590811 -.00000466  00000+0 -13520-2 0  9995
2 55161  87.8963 359.9464 0001621 108.7621 251.3683 13.11417252179761
ONEWEB-0621             
1 55162U 23004Y   26274.52304707  .00000281  00000+0  75582-3 0  9997
2 55162  87.8967 359.9392 0002062 103.3094 256.8264 13.11419877179749
ONEWEB-0622             
1 55163U 23004Z   26274.52813703  .00000480  00000+0  13189-2 0  9994
2 55163  87.8962 359.9389 0002324 121.9300 238.2054 13.11419251179734
ONEWEB-0623             
1 55164U 23004AA  26274.48066655 -.00000004  00000+0 -44121-4 0  9992
2 55164  87.9186 344.7729 0002622 109.6478 250.4936 13.17649771181583
ONEWEB-0624             
1 55165U 23004AB  26274.12529858 -.00000011  00000+0 -66393-4 0  9996
2 55165  87.8957 329.5349 0001972 103.5828 256.5520 13.12932215181979
ONEWEB-0625             
1 55166U 23004AC  26274.47054020  .00000032  00000+0  50184-4 0  9991
2 55166  87.9185 344.7735 0001638  93.9029 266.2290 13.17649793181575
ONEWEB-0626             
1 55167U 23004AD  26274.46042796  .00000051  00000+0  97435-4 0  9999
2 55167  87.9190 344.7744 0001542 101.8534 258.2770 13.17649504181570
ONEWEB-0627             
1 55168U 23004AE  26274.52454370  .00000052  00000+0  99688-4 0  9995
2 55168  87.9190 344.7626 0002351 104.5144 255.6248 13.17650658181580
ONEWEB-0628             
1 55169U 23004AF  26274.45094162  .00000432  00000+0  11659-2 0  9999
2 55169  87.8963 329.5591 0002514 100.8488 259.2923 13.12443180181979
ONEWEB-0629             
1 55170U 23004AG  26274.47386495  .00001648  00000+0  41284-2 0  9993
2 55170  87.9199 344.7557 0003992 190.8311 169.2736 13.18971696181582
ONEWEB-0631             
1 55171U 23004AH  26274.40447983 -.00000947  00000+0 -24354-2 0  9999
2 55171  87.9144 314.3302 0001716 107.4689 252.6631 13.18677985183675
ONEWEB-0709             
1 55172U 23004AJ  26274.48575112 -.00000194  00000+0 -58199-3 0  9993
2 55172  87.8961 359.9505 0000996 119.1575 240.9653 13.11414446179803
ONEWEB-0710             
1 55173U 23004AK  26274.43847777  .00000047  00000+0  88940-4 0  9991
2 55173  87.9190 344.7703 0001993 104.3177 255.8176 13.17651344181571
ONEWEB-0711             
1 55174U 23004AL  26274.53322851  .00000537  00000+0  14803-2 0  9993
2 55174  87.8971 359.9332 0002398 113.2699 246.8681 13.11417996179779
ONEWEB-0713             
1 55175U 23004AM  26274.55187107  .00000246  00000+0  65706-3 0  9995
2 55175  87.8970 359.9324 0002116 109.4078 250.7279 13.11415585179764
ONEWEB-0715             
1 55176U 23004AN  26274.54679225  .00000402  00000+0  10998-2 0  9998
2 55176  87.8969 359.9329 0001372 121.6902 238.4360 13.11415751179807
ONEWEB-0716             
1 55177U 23004AP  26274.50766542  .00000036  00000+0  60552-4 0  9990
2 55177  87.9189 344.7597 0001834  93.1040 267.0302 13.17651189181586
ONEWEB-0717             
1 55178U 23004AQ  26274.49078892  .00000034  00000+0  54401-4 0  9997
2 55178  87.9191 344.7584 0002206 114.1376 245.9987 13.17647383181637
ONEWEB-0719             
1 55179U 23004AR  26274.50091982  .00000083  00000+0  18178-3 0  9999
2 55179  87.9200 344.7386 0001988  95.0476 265.0883 13.17648551181583
ONEWEB-0530             
1 55796U 23029A   26274.37669661  .00000075  00000+0  15240-3 0  9999
2 55796  87.9143 253.2717 0002352  91.6644 268.4759 13.20769576175162
ONEWEB-0534             
1 55797U 23029B   26274.36489273  .00001239  00000+0  30145-2 0  9991
2 55797  87.9130 253.2782 0002223  81.6395 278.4990 13.20790043175161
ONEWEB-0556             
1 55798U 23029C   26274.37165776  .00000106  00000+0  22917-3 0  9993
2 55798  87.9144 253.2731 0002704  72.9228 287.2202 13.20772620175168
ONEWEB-0562             
1 55799U 23029D   26274.35819113  .00000122  00000+0  26897-3 0  9992
2 55799  87.9155 253.2641 0002826  86.0393 274.1063 13.20772615175169
ONEWEB-0563             
1 55800U 23029E   26274.35313682  .00000101  00000+0  21596-3 0  9993
2 55800  87.9144 253.2887 0001877  78.7370 281.3974 13.20770404175154
ONEWEB-0564             
1 55801U 23029F   26274.34640698  .00000084  00000+0  17344-3 0  9999
2 55801  87.9153 253.2685 0002352  87.3549 272.7854 13.20772756175168
ONEWEB-0638             
1 55802U 23029G   26274.34865906  .00000122  00000+0  29422-3 0  9994
2 55802  87.8886 268.5625 0002409  82.7236 277.4167 13.14503065173344
ONEWEB-0639             
1 55803U 23029H   26274.32705722 -.00000100  00000+0 -28255-3 0  9993
2 55803  87.9091 283.8194 0001413  52.0152 308.1108 13.19726114172901
ONEWEB-0640             
1 55804U 23029J   26274.35711801  .00000132  00000+0  32118-3 0  9998
2 55804  87.8885 268.5506 0002404  78.4314 281.7085 13.14502532173364
ONEWEB-0641             
1 55805U 23029K   26274.32232180 -.00000022  00000+0 -88218-4 0  9997
2 55805  87.9097 283.8163 0001865  86.7549 273.3797 13.19723867172910
ONEWEB-0642             
1 55806U 23029L   26274.31758325 -.00000002  00000+0 -37408-4 0  9994
2 55806  87.9093 283.8229 0001164  75.0106 285.1155 13.19726316172902
ONEWEB-0643             
1 55807U 23029M   26274.32836667 -.00000168  00000+0 -48670-3 0  9997
2 55807  87.8892 268.5453 0001250  82.7954 277.3318 13.14502271173339
ONEWEB-0644             
1 55808U 23029N   26274.31283914  .00000071  00000+0  14382-3 0  9992
2 55808  87.9094 283.8237 0001580  86.7267 273.4046 13.19727666172901
ONEWEB-0645             
1 55809U 23029P   26274.33496452 -.00000030  00000+0 -10757-3 0  9997
2 55809  87.9092 283.8172 0001824  76.7753 283.3583 13.19726089172902
ONEWEB-0646             
1 55810U 23029Q   26274.35231555  .00000043  00000+0  74436-4 0  9999
2 55810  87.9093 283.8138 0001635  87.7611 272.3709 13.19723500172893
ONEWEB-0648             
1 55811U 23029R   26274.37232076  .00000144  00000+0  35350-3 0  9994
2 55811  87.8900 268.5206 0001674  61.0349 299.0948 13.14503404173348
ONEWEB-0649             
1 55812U 23029S   26274.37760635  .00000069  00000+0  13990-3 0  9994
2 55812  87.9094 283.8070 0001775  82.9934 277.1401 13.19726787172938
ONEWEB-0650             
1 55813U 23029T   26274.37285437  .00000074  00000+0  15144-3 0  9996
2 55813  87.9094 283.8096 0001376  78.8550 281.2738 13.19723684172901
ONEWEB-0652             
1 55814U 23029U   26274.35373387  .00000169  00000+0  42054-3 0  9992
2 55814  87.8895 268.5297 0001990  91.4481 268.6877 13.14503068173315
ONEWEB-0653             
1 55815U 23029V   26274.03401355  .00000013  00000+0 -75933-6 0  9999
2 55815  87.8892 268.5919 0001992  87.3275 272.8083 13.14505756173302
ONEWEB-0654             
1 55816U 23029W   26274.33342507 -.00000027  00000+0 -10687-3 0  9994
2 55816  87.8895 268.5282 0002266  90.1748 269.9642 13.14504420173362
ONEWEB-0656             
1 55817U 23029X   26274.33966882  .00000040  00000+0  65280-4 0  9996
2 55817  87.9160 253.2536 0002330  91.6266 268.5134 13.20770714175164
ONEWEB-0657             
1 55818U 23029Y   26274.29231965  .00000047  00000+0  85549-4 0  9996
2 55818  87.9097 283.8252 0002254 109.9119 250.2257 13.19726200172905
ONEWEB-0658             
1 55819U 23029Z   26274.36339490  .00000108  00000+0  23755-3 0  9995
2 55819  87.9101 283.7957 0001507  85.7529 274.3776 13.19726203172927
ONEWEB-0660             
1 55820U 23029AA  26274.00695590 -.00000084  00000+0 -26211-3 0  9999
2 55820  87.8901 268.5938 0001938  80.7584 279.3765 13.14505204173307
ONEWEB-0661             
1 55821U 23029AB  26274.34528254  .00000024  00000+0  29666-4 0  9999
2 55821  87.8887 268.5549 0002066  82.1045 278.0319 13.14503056173337
ONEWEB-0662             
1 55822U 23029AC  26274.38070203 -.00000003  00000+0 -42961-4 0  9992
2 55822  87.8890 268.5536 0001180  79.6188 280.5075 13.14342556173381
ONEWEB-0663             
1 55823U 23029AD  26274.36525293  .00000102  00000+0  21878-3 0  9996
2 55823  87.9156 253.3163 0001805  72.1950 287.9380 13.20875315175164
ONEWEB-0664             
1 55824U 23029AE  26274.32619585 -.00000008  00000+0 -50643-4 0  9991
2 55824  87.9147 253.2960 0002263  80.1589 279.9799 13.20771616175158
ONEWEB-0665             
1 55825U 23029AF  26274.34274674  .00000067  00000+0  14697-3 0  9991
2 55825  87.8898 268.5399 0001867  80.3327 279.8014 13.14502878173351
ONEWEB-0666             
1 55826U 23029AG  26274.24369861 -.00000007  00000+0 -49348-4 0  9992
2 55826  87.9145 253.3020 0001942 106.3296 253.8051 13.20773403175153
ONEWEB-0667             
1 55827U 23029AH  26274.31440496 -.00000019  00000+0 -77454-4 0  9997
2 55827  87.9157 253.2605 0001968  81.1746 278.9610 13.20769873175158
ONEWEB-0669             
1 55828U 23029AJ  26274.38510768  .00000067  00000+0  13331-3 0  9999
2 55828  87.9152 253.2523 0002500  89.5060 270.6360 13.20773432175165
ONEWEB-0670             
1 55829U 23029AK  26274.01711548 -.00000194  00000+0 -55781-3 0  9997
2 55829  87.8886 268.6178 0002203  81.7537 278.3843 13.14504108173331
ONEWEB-0671             
1 55830U 23029AL  26274.35866087  .00000172  00000+0  39675-3 0  9993
2 55830  87.9094 283.8130 0001875  84.6457 275.4889 13.19725309172902
ONEWEB-0672             
1 55831U 23029AM  26274.38008650  .00000032  00000+0  47727-4 0  9994
2 55831  87.9155 253.2473 0002073  92.3480 267.7891 13.20770978175167
ONEWEB-0673             
1 55832U 23029AN  26274.33574220  .00000042  00000+0  72908-4 0  9991
2 55832  87.9095 283.8146 0001946  87.0743 273.0613 13.19726504172903
ONEWEB-0674             
1 55833U 23029AP  26274.28776926  .00000249  00000+0  63659-3 0  9994
2 55833  87.8896 268.5457 0002251  82.2135 277.9250 13.14502531173356
ONEWEB-0675             
1 55834U 23029AQ  26274.35073760 -.00000485  00000+0 -12433-2 0  9996
2 55834  87.9090 283.8159 0001757 100.6436 259.4895 13.19725320172922
ONEWEB-0720             
1 55835U 23029AR  26274.11541276  .00000051  00000+0  95749-4 0  9993
2 55835  87.9090 283.8630 0001696  84.1221 276.0105 13.19726050172815
ONEWEB-0537             
1 56046U 23043A   26274.51434700  .00000123  00000+0  28812-3 0  9997
2 56046  87.9174 207.6686 0001876  79.9137 280.2206 13.16595103172950
ONEWEB-0538             
1 56047U 23043B   26274.58400839  .00000067  00000+0  14147-3 0  9994
2 56047  87.9173 207.6575 0001656  75.2468 284.8847 13.16595039172970
ONEWEB-0546             
1 56048U 23043C   26274.57133006 -.00000104  00000+0 -30552-3 0  9995
2 56048  87.9173 207.6598 0002060  94.7892 265.3474 13.16593504172967
ONEWEB-0547             
1 56049U 23043D   26274.37448040 -.00000067  00000+0 -19412-3 0  9991
2 56049  87.9302 222.8457 0001825  73.2351 286.8983 13.21827151172254
ONEWEB-0548             
1 56050U 23043E   26274.36788506  .00000042  00000+0  75188-4 0  9990
2 56050  87.9175 207.6948 0002375  73.1796 286.9596 13.16594652172930
ONEWEB-0549             
1 56051U 23043F   26274.36860735  .00000058  00000+0  10816-3 0  9999
2 56051  87.9302 222.8480 0001664  77.9703 282.1618 13.21824924172255
ONEWEB-0550             
1 56052U 23043G   26274.35516315  .00000092  00000+0  19246-3 0  9995
2 56052  87.9304 222.8509 0002172  72.8680 287.2692 13.21826827172255
ONEWEB-0551             
1 56053U 23043H   26274.33127562  .00000005  00000+0 -21733-4 0  9996
2 56053  87.9002 238.0607 0001639  76.8828 283.2486 13.15548273170359
ONEWEB-0552             
1 56054U 23043J   26274.35011251  .00000134  00000+0  29251-3 0  9990
2 56054  87.9299 222.8535 0001987  70.5904 289.5445 13.21826778172252
ONEWEB-0553             
1 56055U 23043K   26274.57766520  .00000134  00000+0  31747-3 0  9994
2 56055  87.9174 207.6587 0002060  86.4200 273.7167 13.16592987172972
ONEWEB-0554             
1 56056U 23043L   26274.33701004  .00000100  00000+0  22678-3 0  9991
2 56056  87.9165 207.7136 0002440  72.0462 288.0935 13.16593480172923
ONEWEB-0555             
1 56057U 23043M   26274.29902245 -.00000019  00000+0 -82986-4 0  9997
2 56057  87.9172 207.7112 0002097  89.2400 270.8971 13.16595018172924
ONEWEB-0557             
1 56058U 23043N   26274.31325882  .00002400  00000+0  62438-2 0  9999
2 56058  87.9172 207.7194 0001819  89.0912 271.0427 13.16579782172921
ONEWEB-0558             
1 56059U 23043P   26274.34338996  .00000152  00000+0  33618-3 0  9994
2 56059  87.9302 222.8521 0001688  81.3034 278.8291 13.21826844172264
ONEWEB-0559             
1 56060U 23043Q   26274.33161123  .00000058  00000+0  10881-3 0  9993
2 56060  87.9304 222.8524 0001817  73.4499 286.6834 13.21825149172270
ONEWEB-0566             
1 56061U 23043R   26274.32486750  .00000084  00000+0  17108-3 0  9997
2 56061  87.9306 222.8524 0001731  71.0117 289.1204 13.21827686172254
ONEWEB-0568             
1 56062U 23043S   26274.55865689  .00000064  00000+0  13317-3 0  9991
2 56062  87.9172 207.6589 0001953  82.3257 277.8096 13.16595691172978
ONEWEB-0574             
1 56063U 23043T   26274.31814492  .00000008  00000+0 -11952-4 0  9995
2 56063  87.9305 222.8587 0002171  77.4471 282.6905 13.21827608172290
ONEWEB-0575             
1 56064U 23043U   26274.32435143  .00000044  00000+0  81512-4 0  9997
2 56064  87.9169 207.7013 0002233  77.2028 282.9352 13.16593344172931
ONEWEB-0576             
1 56065U 23043V   26274.30533705  .00000007  00000+0 -14935-4 0  9994
2 56065  87.9175 207.7150 0002126  76.9881 283.1487 13.16596390172920
ONEWEB-0577             
1 56066U 23043W   26274.31168907 -.00000004  00000+0 -43543-4 0  9999
2 56066  87.9174 207.7116 0002713  75.7874 284.3558 13.16595631172955
ONEWEB-0578             
1 56067U 23043X   26274.38039161  .00000101  00000+0  21268-3 0  9991
2 56067  87.9304 222.8421 0002076  85.3300 274.8071 13.21827108172262
ONEWEB-0579             
1 56068U 23043Y   26274.37198630  .00000135  00000+0  29436-3 0  9990
2 56068  87.9308 222.8460 0001970  69.3558 290.7788 13.21826825172277
ONEWEB-0581             
1 56069U 23043Z   26274.31801618  .00000098  00000+0  22405-3 0  9999
2 56069  87.9165 207.7153 0002499  73.2666 286.8739 13.16595826172923
ONEWEB-0609             
1 56070U 23043AA  26274.28135043  .00000199  00000+0  49386-3 0  9998
2 56070  87.9002 238.0544 0001903  81.0569 279.0776 13.15549220170383
ONEWEB-0613             
1 56071U 23043AB  26274.35504421  .00000181  00000+0  44671-3 0  9990
2 56071  87.9002 238.0527 0001762  75.6380 284.4945 13.15547938170391
ONEWEB-0630             
1 56072U 23043AC  26274.35028154  .00000184  00000+0  45525-3 0  9997
2 56072  87.9011 238.0326 0001872  74.5129 285.6208 13.15549565170382
ONEWEB-0632             
1 56073U 23043AD  26274.34553868  .00000188  00000+0  46598-3 0  9997
2 56073  87.9003 238.0461 0002122  79.6550 280.4819 13.15548766170380
ONEWEB-0633             
1 56074U 23043AE  26274.33918096  .00000149  00000+0  36086-3 0  9993
2 56074  87.9012 238.0312 0001617  73.4725 286.6583 13.15549437170360
ONEWEB-0634             
1 56075U 23043AF  26274.32493628  .00000019  00000+0  17212-4 0  9999
2 56075  87.9001 238.0658 0001890  89.4824 270.6523 13.15548191170354
ONEWEB-0635             
1 56076U 23043AG  26274.32017974 -.00000065  00000+0 -20572-3 0  9991
2 56076  87.9013 238.0381 0002249  79.5182 280.6202 13.15548124170381
ONEWEB-0636             
1 56077U 23043AH  26274.31225629 -.00000077  00000+0 -23800-3 0  9999
2 56077  87.9010 238.0432 0002179  80.5564 279.5813 13.15548435170362
ONEWEB-0637             
1 56078U 23043AJ  26274.38198462 -.00000045  00000+0 -15473-3 0  9993
2 56078  87.9004 238.0389 0002162  86.3602 273.7776 13.15548857170391
ONEWEB-0647             
1 56079U 23043AK  26274.37723151  .00000016  00000+0  76522-5 0  9992
2 56079  87.9005 238.0524 0002119  77.6114 282.5254 13.15548786170386
ONEWEB-0651             
1 56080U 23043AL  26274.60063632  .00000072  00000+0  15782-3 0  9992
2 56080  87.9005 238.0004 0002189  85.1885 274.9496 13.15549214171614
ONEWEB-0718             
1 56081U 23043AM  26274.36769986  .00000134  00000+0  32286-3 0  9998
2 56081  87.9012 238.0335 0001640  92.2645 267.8673 13.15550005170396
ONEWEB-0561             
1 56710U 23068A   26274.33293645  .00000014  00000+0  36656-5 0  9999
2 56710  87.9155 253.2655 0002212  78.6725 281.4657 13.20771013163510
ONEWEB-0668             
1 56711U 23068B   26274.36868319  .00000031  00000+0  48777-4 0  9994
2 56711  87.9173 207.6984 0001906  90.6425 269.4925 13.16595734165750
ONEWEB-0676             
1 56712U 23068C   26274.30059465  .00000012  00000+0 -13161-5 0  9993
2 56712  87.9169 207.7192 0002271  74.4828 285.6553 13.16596610165662
ONEWEB-0677             
1 56713U 23068D   26274.32114724 -.00000163  00000+0 -43297-3 0  9995
2 56713  87.9155 253.2587 0002305  91.5313 268.6084 13.20771832163810
ONEWEB-0678             
1 56714U 23068E   26274.33602451  .00000116  00000+0  27468-3 0  9994
2 56714  87.9012 238.0362 0001947  73.0376 287.0967 13.15548349163241
ONEWEB-0679             
1 56715U 23068F   26274.56342420  .00000095  00000+0  21545-3 0  9993
2 56715  87.9171 207.6577 0002262  86.5766 273.5624 13.16594949165724
ONEWEB-0680             
1 56716U 23068G   26274.37366253  .00000041  00000+0  67681-4 0  9996
2 56716  87.9308 222.8472 0002121  92.6239 267.5138 13.21826825165121
ONEWEB-0681             
1 56717U 23068H   26274.37666320 -.00000030  00000+0 -10509-3 0  9991
2 56717  87.9306 222.8552 0002907  73.2541 286.8911 13.21302372165110
ONEWEB-0682             
1 56718U 23068J   26274.35979107  .00000202  00000+0  50238-3 0  9992
2 56718  87.9012 238.0299 0002085  94.6220 265.5149 13.15548918163419
ONEWEB-0683             
1 56719U 23068K   26274.38355352 -.00000043  00000+0 -14747-3 0  9996
2 56719  87.9015 238.0280 0001902  87.5152 272.6196 13.15549313163382
ONEWEB-0684             
1 56720U 23068L   26274.31542136 -.00000071  00000+0 -22308-3 0  9992
2 56720  87.9011 238.0287 0001372  38.1151 322.0076 13.15549727163206
ONEWEB-0686             
1 56721U 23068M   26274.59983968  .00000050  00000+0  96534-4 0  9993
2 56721  87.9165 207.6639 0001615  77.7809 282.3502 13.16594686165714
ONEWEB-0694             
1 56722U 23068N   26274.30217802 -.00000009  00000+0 -58325-4 0  9992
2 56722  87.9173 207.7034 0001938  88.3399 271.7954 13.16596027165730
ONEWEB-0696             
1 56723U 23068P   26274.34868672  .00000170  00000+0  41786-3 0  9993
2 56723  87.9003 238.0531 0002004  67.0908 293.0434 13.15549836163325
ONEWEB-0703             
1 56724U 23068Q   26274.35820776  .00000214  00000+0  53376-3 0  9995
2 56724  87.9011 238.0360 0002417  60.6513 299.4858 13.15548455163218
ONEWEB-0721             
1 56725U 23068R   26274.36513125  .00000037  00000+0  54896-4 0  9996
2 56725  86.6764  51.5920 0001621  96.9341 263.1977 13.22476156171975
ONEWEB-0015             
1 61594U 24188A   26274.51456696 -.00000127  00000+0 -39437-3 0  9991
2 61594  87.8963 359.9585 0002370 102.2935 257.8459 13.11419955 98394
ONEWEB-0687             
1 61595U 24188B   26274.54141634  .00000044  00000+0  80885-4 0  9998
2 61595  87.9184 344.7565 0002241 110.6108 249.5264 13.17647819 99901
ONEWEB-0688             
1 61596U 24188C   26274.49417649  .00000037  00000+0  63137-4 0  9998
2 61596  87.9185 344.7665 0003157 100.5606 259.5881 13.17647698 99891
ONEWEB-0689             
1 61597U 24188D   26274.54847907  .00000377  00000+0  10280-2 0  9995
2 61597  87.8972 359.9219 0001800 112.3843 247.7476 13.11416430 98390
ONEWEB-0690             
1 61598U 24188E   26274.48236290 -.00000002  00000+0 -41119-4 0  9990
2 61598  87.8971 359.9447 0001824  82.6682 277.4653 13.11415419 98561
ONEWEB-0691             
1 61599U 24188F   26274.24839515  .00000164  00000+0  42720-3 0  9999
2 61599  87.8982 359.9100 0002181 105.3508 254.7861 13.11414988 98386
ONEWEB-0692             
1 61600U 24188G   26274.49761763 -.00000500  00000+0 -14478-2 0  9992
2 61600  87.8962 359.9541 0001163 118.4493 241.6752 13.11416295 98403
ONEWEB-0693             
1 61601U 24188H   26274.20222472  .00000064  00000+0  13044-3 0  9993
2 61601  87.9179 344.8381 0002129  78.8354 281.3017 13.17652441 99843
ONEWEB-0695             
1 61602U 24188J   26274.47387680  .00000329  00000+0  89319-3 0  9998
2 61602  87.8960 359.9504 0001574 118.4472 241.6815 13.11416753 98392
ONEWEB-0697             
1 61603U 24188K   26274.50607745 -.00000472  00000+0 -13679-2 0  9996
2 61603  87.8968 359.9377 0001114 113.8522 246.2723 13.11418748 98388
ONEWEB-0698             
1 61604U 24188L   26274.56034934 -.00000117  00000+0 -36641-3 0  9998
2 61604  87.8960 359.9381 0001002  68.2512 291.8723 13.11415564 98417
ONEWEB-0699             
1 61605U 24188M   26274.58125969  .00000700  00000+0  19680-2 0  9999
2 61605  87.8918  15.0945 0001109 107.6812 252.4436 13.10373113 97242
ONEWEB-0700             
1 61606U 24188N   26274.58295563  .00000641  00000+0  18004-2 0  9991
2 61606  87.8931  15.0190 0001212 107.1542 252.9718 13.10372795 97232
ONEWEB-0701             
1 61607U 24188P   26274.59990340  .00000014  00000+0  46628-5 0  9998
2 61607  87.8919  15.0934 0001020 108.3079 251.8160 13.10369007 97242
ONEWEB-0702             
1 61608U 24188Q   26274.52984539  .00000475  00000+0  13036-2 0  9990
2 61608  87.8981 359.8694 0001132 141.4066 218.7143 13.11417598 98426
ONEWEB-0704             
1 61609U 24188R   26274.20625236  .00000505  00000+0  14100-2 0  9999
2 61609  87.8918  15.1625 0001156 136.8902 223.2316 13.10371616 97179
ONEWEB-0705             
1 61610U 24188S   26274.59313575  .00000315  00000+0  86596-3 0  9991
2 61610  87.8918  15.0919 0001942 133.7349 226.3939 13.10369342 89393
ONEWEB-0706             
1 61611U 24188T   26274.57787153  .00000660  00000+0  18542-2 0  9995
2 61611  87.8921  15.0966 0001469 120.1652 239.9621 13.10373373 97319
ONEWEB-0707             
1 61612U 24188U   26274.58465615  .00000647  00000+0  18182-2 0  9998
2 61612  87.8920  15.0924 0001449 119.8977 240.2294 13.10371386 97252
ONEWEB-0708             
1 61613U 24188V   26274.52695339 -.00000210  00000+0 -63749-3 0  9999
2 61613  87.8909  15.1134 0002151 115.7718 244.3631 13.10370348 97227
