ONEWEB-0012             
1 44057U 19010A   26260.58948166  .00000002  00000+0 -27756-4 0  9997
2 44057  87.9141 210.4351 0002455  85.0003 275.1408 13.16593876363727
ONEWEB-0010             
1 44058U 19010B   26260.84280563  .00000063  00000+0  13061-3 0  9996
2 44058  87.9143 210.3852 0001850  69.3652 290.7677 13.16592768363807
ONEWEB-0008             
1 44059U 19010C   26260.86814111  .00000066  00000+0  13944-3 0  9994
2 44059  87.9148 210.3750 0001973  90.2406 269.8951 13.16594139363925
ONEWEB-0007             
1 44060U 19010D   26260.36840658 -.00000052  00000+0 -17139-3 0  9993
2 44060  87.8982 240.8382 0002172  78.5872 281.5502 13.15547947363498
ONEWEB-0006             
1 44061U 19010E   26260.37235563 -.00000279  00000+0 -77509-3 0  9996
2 44061  87.8990 240.8112 0001884  83.9828 276.1517 13.15547325363541
ONEWEB-0011             
1 44062U 19010F   26260.94913161  .00000129  00000+0  30810-3 0  9993
2 44062  87.8991 240.7074 0001850  83.7290 276.4051 13.15549431363617
ONEWEB-0013             
1 45131U 20008A   26260.39773241 -.00000539  00000+0 -16019-2 0  9993
2 45131  87.8556  34.2102 0002693 104.4600 255.6826 13.09461071318134
ONEWEB-0017             
1 45132U 20008B   26260.39234457  .00000817  00000+0  23046-2 0  9990
2 45132  87.8899  17.9099 0001624 102.2932 257.8377 13.10374028320028
ONEWEB-0020             
1 45133U 20008C   26260.36178423 -.00000585  00000+0 -17123-2 0  9991
2 45133  87.8901  17.9194 0001786 100.2898 259.8431 13.10373241320419
ONEWEB-0021             
1 45134U 20008D   26260.68249269  .00000033  00000+0  57790-4 0  9996
2 45134  87.8902  17.8644 0001781  95.5814 264.5516 13.10376645320765
ONEWEB-0023             
1 45136U 20008F   26260.31174456  .00000557  00000+0  15599-2 0  9993
2 45136  87.8907  17.9263 0001838 106.1846 253.9484 13.10375728320146
ONEWEB-0024             
1 45137U 20008G   26260.58929961 -.00000612  00000+0 -17900-2 0  9994
2 45137  87.8916  17.8699 0001739  98.9941 261.1384 13.10373841320349
ONEWEB-0025             
1 45138U 20008H   26260.35994135 -.00000606  00000+0 -17729-2 0  9997
2 45138  87.8910  17.9039 0001413 114.5332 245.5943 13.10373366320643
ONEWEB-0026             
1 45139U 20008J   26260.32519865 -.00000292  00000+0 -85853-3 0  9993
2 45139  87.8972   2.7500 0001677  99.2611 260.8706 13.11418148323186
ONEWEB-0028             
1 45140U 20008K   26260.52838483 -.00000026  00000+0 -10775-3 0  9993
2 45140  87.8975   2.7134 0002367 104.6244 255.5146 13.11413903320724
ONEWEB-0032             
1 45141U 20008L   26260.31781223  .00000667  00000+0  18750-2 0  9999
2 45141  87.8907  17.9275 0002197 109.0848 251.0517 13.10374532320360
ONEWEB-0033             
1 45142U 20008M   26260.36857139 -.00000389  00000+0 -11493-2 0  9995
2 45142  87.8903  17.9211 0001358  87.0311 273.0972 13.10375085320289
ONEWEB-0035             
1 45143U 20008N   26260.38908326  .00000603  00000+0  16920-2 0  9990
2 45143  87.8903  17.9119 0001723  98.3371 261.7952 13.10375801320013
ONEWEB-0036             
1 45144U 20008P   26260.36672804 -.00000532  00000+0 -15589-2 0  9991
2 45144  87.8922  17.9439 0001904 104.1900 255.9440 13.10374946320437
ONEWEB-0038             
1 45145U 20008Q   26260.56427183 -.00000019  00000+0 -88018-4 0  9991
2 45145  87.8972   2.7236 0002826  67.3229 292.8197 13.11418772322436
ONEWEB-0039             
1 45146U 20008R   26260.60103885 -.00000252  00000+0 -75912-3 0  9994
2 45146  87.8908  17.8693 0002299 102.1400 257.9985 13.10376439320261
ONEWEB-0040             
1 45147U 20008S   26260.28880742 -.00000479  00000+0 -14096-2 0  9999
2 45147  87.8897  17.9376 0001822 109.6074 250.5250 13.10375950319920
ONEWEB-0043             
1 45149U 20008U   26260.59607836 -.00000504  00000+0 -14815-2 0  9994
2 45149  87.8912  17.8726 0002281 103.7089 256.4293 13.10375723320280
ONEWEB-0044             
1 45150U 20008V   26260.62481508  .00000646  00000+0  18130-2 0  9995
2 45150  87.8899  17.8668 0001884 103.1458 256.9880 13.10373073320589
ONEWEB-0045             
1 45151U 20008W   26260.55904343 -.00000179  00000+0 -54224-3 0  9993
2 45151  87.8964   2.7010 0001932  99.9562 260.1785 13.11418637322512
ONEWEB-0047             
1 45152U 20008X   26260.38880020  .00000615  00000+0  17265-2 0  9996
2 45152  87.8915  17.9159 0001603  92.6865 267.4446 13.10375823320275
ONEWEB-0048             
1 45153U 20008Y   26260.68928486  .00000364  00000+0  10055-2 0  9990
2 45153  87.8901  17.8680 0001879  97.0001 263.1340 13.10375617319922
ONEWEB-0049             
1 45154U 20008Z   26260.76889324  .00000435  00000+0  12094-2 0  9991
2 45154  87.8904  17.8419 0001810 113.0188 247.1130 13.10375760320151
ONEWEB-0051             
1 45155U 20008AA  26260.55734796 -.00000301  00000+0 -88595-3 0  9995
2 45155  87.8953   2.7046 0001775 101.9834 258.1493 13.11419159323192
ONEWEB-0052             
1 45156U 20008AB  26260.56045827  .00000467  00000+0  13021-2 0  9999
2 45156  87.8902  17.8752 0001838 111.6604 248.4719 13.10372395320033
ONEWEB-0053             
1 45157U 20008AC  26260.36347804 -.00000582  00000+0 -17026-2 0  9997
2 45157  87.8900  17.9293 0001751 104.1641 255.9681 13.10373971319989
ONEWEB-0054             
1 45158U 20008AD  26260.78093199  .00000751  00000+0  21141-2 0  9998
2 45158  87.8909  17.8360 0001757 103.6415 256.4908 13.10374786320156
ONEWEB-0056             
1 45159U 20008AE  26260.37012170 -.00000279  00000+0 -83537-3 0  9999
2 45159  87.8909  17.9133 0001550 106.3966 253.7332 13.10376792320259
ONEWEB-0057             
1 45160U 20008AF  26260.76918016  .00000456  00000+0  12692-2 0  9996
2 45160  87.8904  17.8437 0002137 110.6379 249.4978 13.10375987320477
ONEWEB-0058             
1 45161U 20008AG  26260.37381369 -.00000119  00000+0 -37621-3 0  9997
2 45161  87.8900  17.9210 0001680  91.2775 268.8545 13.10375433320493
ONEWEB-0059             
1 45162U 20008AH  26260.37039866 -.00000269  00000+0 -80692-3 0  9992
2 45162  87.8902  17.9243 0002072 105.4843 254.6513 13.10377302320396
ONEWEB-0062             
1 45163U 20008AJ  26260.39390111  .00000728  00000+0  20500-2 0  9997
2 45163  87.8906  17.9122 0001567  92.6207 267.5099 13.10372695320264
ONEWEB-0065             
1 45164U 20008AK  26260.35145665 -.00000541  00000+0 -15864-2 0  9998
2 45164  87.8904  17.9281 0001816 110.6998 249.4325 13.10370768319958
ONEWEB-0066             
1 45424U 20020A   26260.31319471 -.00000469  00000+0 -13600-2 0  9990
2 45424  87.8966   2.7535 0001920  97.5220 262.6126 13.11415905314759
ONEWEB-0067             
1 45425U 20020B   26260.35044607  .00000531  00000+0  14613-2 0  9994
2 45425  87.8988   2.6868 0001997 104.9727 255.1623 13.11427795314817
ONEWEB-0080             
1 45426U 20020C   26260.35064424  .00000488  00000+0  13400-2 0  9998
2 45426  87.8979   2.7536 0001530  92.6064 267.5239 13.11415811314783
ONEWEB-0090             
1 45427U 20020D   26260.30316407 -.00000159  00000+0 -48343-3 0  9997
2 45427  87.8975   2.7664 0001778  99.6101 260.5228 13.11416481314746
ONEWEB-0061             
1 45428U 20020E   26260.56399502  .00000062  00000+0  13873-3 0  9994
2 45428  87.8974   2.6962 0001828  99.4997 260.6338 13.11418755314731
ONEWEB-0081             
1 45429U 20020F   26260.54547203 -.00000470  00000+0 -13612-2 0  9991
2 45429  87.8971   2.7083 0001982 104.4768 255.6580 13.11416503314842
ONEWEB-0069             
1 45430U 20020G   26260.54731320 -.00000579  00000+0 -16684-2 0  9990
2 45430  87.8979   2.7127 0002016  98.3041 261.8316 13.11416416314776
ONEWEB-0031             
1 45431U 20020H   26260.58279107  .00000590  00000+0  16283-2 0  9991
2 45431  87.8969   2.7020 0001663  97.3437 262.7880 13.11417643314761
ONEWEB-0027             
1 45432U 20020J   26260.52345433 -.00000011  00000+0 -60996-4 0  9994
2 45432  87.9204 347.5302 0001539 103.7682 256.3621 13.17647327318513
ONEWEB-0064             
1 45433U 20020K   26260.27590650  .00000675  00000+0  18673-2 0  9997
2 45433  87.8965   2.7597 0001587 100.0946 260.0361 13.11417574314757
ONEWEB-0018             
1 45434U 20020L   26260.30797460 -.00000415  00000+0 -12076-2 0  9995
2 45434  87.8972   2.7536 0002134  93.1167 267.0205 13.11416728314704
ONEWEB-0083             
1 45435U 20020M   26260.29808243  .00000026  00000+0  37306-4 0  9997
2 45435  87.8974   2.7535 0001753  98.3907 261.7420 13.11414277314742
ONEWEB-0095             
1 45436U 20020N   26260.28960318  .00000312  00000+0  84384-3 0  9994
2 45436  87.8946   2.7586 0001492 122.8742 237.2530 13.11415760314746
ONEWEB-0092             
1 45437U 20020P   26260.32010536 -.00000462  00000+0 -13383-2 0  9996
2 45437  87.8975   2.7486 0001959  94.2081 265.9271 13.11417262314866
ONEWEB-0085             
1 45438U 20020Q   26260.37409427  .00000014  00000+0  38004-5 0  9994
2 45438  87.8970   2.7400 0001786 101.3717 258.7612 13.11414072314755
ONEWEB-0096             
1 45439U 20020R   26260.29977379 -.00000084  00000+0 -27348-3 0  9998
2 45439  87.8972   2.7545 0001706 104.2793 255.8525 13.11414116314734
ONEWEB-0037             
1 45440U 20020S   26260.55382129 -.00000389  00000+0 -11341-2 0  9995
2 45440  87.8959   2.6818 0001661 105.6662 254.4649 13.11417869314801
ONEWEB-0042             
1 45441U 20020T   26260.28933677  .00000335  00000+0  90980-3 0  9992
2 45441  87.8977   2.7530 0001868  99.7517 260.3822 13.11416376314738
ONEWEB-0098             
1 45442U 20020U   26260.28522277  .00000322  00000+0  87350-3 0  9996
2 45442  87.8984   2.7635 0001410  84.5577 275.5712 13.11417008314711
ONEWEB-0055             
1 45443U 20020V   26260.56908976  .00000225  00000+0  59877-3 0  9997
2 45443  87.8979   2.7066 0001784 103.4522 256.6805 13.11418189314724
ONEWEB-0093             
1 45444U 20020W   26260.56229718 -.00000063  00000+0 -21289-3 0  9996
2 45444  87.8973   2.7072 0002119  99.1871 260.9497 13.11418927314788
ONEWEB-0029             
1 45445U 20020X   26260.34726441  .00000538  00000+0  14814-2 0  9998
2 45445  87.8968   2.7455 0002003  99.5228 260.6127 13.11416997314737
ONEWEB-0068             
1 45446U 20020Y   26260.31984282 -.00000506  00000+0 -14643-2 0  9992
2 45446  87.8973   2.7529 0002003  99.5496 260.5859 13.11416700314679
ONEWEB-0046             
1 45447U 20020Z   26260.31150050 -.00000527  00000+0 -15221-2 0  9997
2 45447  87.8968   2.7539 0002015 106.8051 253.3298 13.11415662314681
ONEWEB-0063             
1 45448U 20020AA  26260.34046871  .00000277  00000+0  74709-3 0  9993
2 45448  87.8975   2.7550 0001811 110.6655 249.4667 13.11419030314778
ONEWEB-0019             
1 45449U 20020AB  26260.30288662 -.00000250  00000+0 -74110-3 0  9995
2 45449  87.8974   2.7441 0001635  93.9959 266.1356 13.11415174314610
ONEWEB-0094             
1 45450U 20020AC  26260.31351942 -.00000881  00000+0 -23036-2 0  9990
2 45450  87.9182 347.5611 0002261  93.2508 266.8882 13.17640898318447
ONEWEB-0087             
1 45451U 20020AD  26260.35038041  .00000478  00000+0  13135-2 0  9996
2 45451  87.8974   2.7313 0002073  96.2916 263.8448 13.11417070314665
ONEWEB-0082             
1 45452U 20020AE  26260.34698250  .00000400  00000+0  10919-2 0  9992
2 45452  87.8977   2.7438 0002297 101.8047 258.3339 13.11416883314752
ONEWEB-0050             
1 45453U 20020AF  26260.85806195  .00001568  00000+0  15803-3 0  9992
2 45453  88.9335 220.6244 0004533  36.3650 323.7887 14.90626235354184
ONEWEB-0034             
1 45454U 20020AG  26260.30825036 -.00000230  00000+0 -68493-3 0  9998
2 45454  87.8968   2.7603 0001808 100.2692 259.8639 13.11415411314669
ONEWEB-0060             
1 45455U 20020AH  26260.56836731  .00000290  00000+0  78277-3 0  9996
2 45455  87.8972   2.7012 0002682  86.5988 273.5447 13.11420135314652
ONEWEB-0086             
1 45456U 20020AJ  26260.31814723 -.00000485  00000+0 -14044-2 0  9996
2 45456  87.8980   2.7532 0002090  80.3064 279.8300 13.11416974314685
ONEWEB-0088             
1 45457U 20020AK  26260.37254577  .00000073  00000+0  17061-3 0  9992
2 45457  87.8983   2.7212 0002016 112.2850 247.8492 13.11414844314625
ONEWEB-0102             
1 47258U 20100A   26260.45717277 -.00000286  00000+0 -82934-3 0  9991
2 47258  87.8978 332.3527 0001885  93.6057 266.5287 13.12443276276837
ONEWEB-0109             
1 47259U 20100B   26260.46563100 -.00000387  00000+0 -11112-2 0  9998
2 47259  87.8987 332.3433 0001739  99.0174 261.1152 13.12444580276664
ONEWEB-0110             
1 47260U 20100C   26260.49276352 -.00002342  00000+0 -65458-2 0  9998
2 47260  87.9004 332.3226 0002059  95.6147 264.5217 13.12456197276830
ONEWEB-0111             
1 47261U 20100D   26260.44701827 -.00000152  00000+0 -45655-3 0  9999
2 47261  87.8984 332.3490 0002013  98.4762 261.6594 13.12441217276668
ONEWEB-0114             
1 47262U 20100E   26260.47749504 -.00000025  00000+0 -10392-3 0  9996
2 47262  87.8981 332.3427 0001603  97.1505 262.9806 13.12443241276626
ONEWEB-0117             
1 47263U 20100F   26260.24033068 -.00000284  00000+0 -82534-3 0  9997
2 47263  87.8981 332.3769 0001978  98.1421 261.9932 13.12443531276608
ONEWEB-0118             
1 47264U 20100G   26260.19797647  .00000398  00000+0  10721-2 0  9994
2 47264  87.8981 332.3888 0001815 108.8108 251.3218 13.12441546276796
ONEWEB-0119             
1 47265U 20100H   26260.22338454 -.00000281  00000+0 -81732-3 0  9990
2 47265  87.8978 332.3921 0001893  99.3874 260.7469 13.12442158276771
ONEWEB-0120             
1 47266U 20100J   26260.47594752 -.00000120  00000+0 -36788-3 0  9996
2 47266  87.8977 332.3442 0001706  98.5973 261.5349 13.12444341276832
ONEWEB-0121             
1 47267U 20100K   26260.46395088 -.00000393  00000+0 -11265-2 0  9991
2 47267  87.8988 332.3415 0002217  97.6462 262.4919 13.12443261276749
ONEWEB-0122             
1 47268U 20100L   26260.22930878 -.00000358  00000+0 -10307-2 0  9995
2 47268  87.8979 332.3912 0001735  95.3523 264.7804 13.12441922276626
ONEWEB-0123             
1 47269U 20100M   26260.45378042 -.00000266  00000+0 -77425-3 0  9993
2 47269  87.8986 332.3461 0001892 102.7282 257.4058 13.12442994276791
ONEWEB-0124             
1 47270U 20100N   26260.21491363 -.00000076  00000+0 -24620-3 0  9999
2 47270  87.8973 332.3947 0002036  92.4211 267.7150 13.12441232276641
ONEWEB-0125             
1 47271U 20100P   26260.95527294  .00000419  00000+0  11281-2 0  9991
2 47271  87.8987 332.2423 0002184 103.9740 256.1632 13.12443046276804
ONEWEB-0126             
1 47272U 20100Q   26260.44206828  .00000010  00000+0 -71888-5 0  9993
2 47272  87.8989 332.3536 0001784 100.7384 259.3946 13.12441164276809
ONEWEB-0127             
1 47273U 20100R   26260.48429184  .00000170  00000+0  43736-3 0  9995
2 47273  87.8979 332.3394 0001765  98.3820 261.7509 13.12444602276832
ONEWEB-0128             
1 47274U 20100S   26260.50631338  .00000410  00000+0  11050-2 0  9995
2 47274  87.8975 332.3487 0002027  90.8582 269.2779 13.12443349276857
ONEWEB-0129             
1 47275U 20100T   26260.94340230  .00000076  00000+0  17544-3 0  9995
2 47275  87.8980 332.2448 0000834 107.7415 252.3805 13.12443552276845
ONEWEB-0130             
1 47276U 20100U   26260.20813453  .00000223  00000+0  58395-3 0  9990
2 47276  87.8986 332.3875 0001849  97.5563 262.5776 13.12441297276714
ONEWEB-0131             
1 47277U 20100V   26260.43346331  .00000351  00000+0  94028-3 0  9997
2 47277  87.8985 332.3506 0001931  97.0882 263.0467 13.12441635276782
ONEWEB-0132             
1 47278U 20100W   26260.46226188 -.00000423  00000+0 -12104-2 0  9994
2 47278  87.8978 332.3495 0001992  99.6227 260.5127 13.12442608276685
ONEWEB-0133             
1 47279U 20100X   26260.93649337 -.00000111  00000+0 -34406-3 0  9996
2 47279  87.8989 332.2420 0001943  94.9843 265.1507 13.12443649276907
ONEWEB-0134             
1 47280U 20100Y   26260.21999637 -.00000217  00000+0 -63796-3 0  9991
2 47280  87.8995 332.3813 0001670  91.6204 268.5116 13.12441823276786
ONEWEB-0135             
1 47281U 20100Z   26260.49615191  .00000448  00000+0  12102-2 0  9990
2 47281  87.8966 332.3373 0001878  89.9462 270.1882 13.12442604276846
ONEWEB-0136             
1 47282U 20100AA  26260.43854641  .00000122  00000+0  30274-3 0  9990
2 47282  87.8995 332.3379 0001719  92.0712 268.0613 13.12441476276767
ONEWEB-0137             
1 47283U 20100AB  26260.24371201 -.00000209  00000+0 -61621-3 0  9994
2 47283  87.8980 332.3898 0001933 102.5434 257.5911 13.12443185276644
ONEWEB-0138             
1 47284U 20100AC  26260.22168560 -.00000190  00000+0 -56282-3 0  9991
2 47284  87.8983 332.3963 0001743  94.3156 265.8171 13.12442694276722
ONEWEB-0139             
1 47285U 20100AD  26260.94863438  .00000239  00000+0  62976-3 0  9996
2 47285  87.8985 332.2383 0001880  98.8663 261.2678 13.12443175276899
ONEWEB-0140             
1 47286U 20100AE  26260.21660702 -.00000052  00000+0 -17984-3 0  9990
2 47286  87.8985 332.3762 0002042  95.5154 264.6208 13.12441903276761
ONEWEB-0141             
1 47287U 20100AF  26260.18598171  .00000369  00000+0  99147-3 0  9997
2 47287  87.8986 332.3865 0001889 107.7727 252.3608 13.12443052276740
ONEWEB-0142             
1 47288U 20100AG  26260.25061033  .00000000  00000+0 -35783-4 0  9998
2 47288  87.8984 332.3900 0001488 105.2823 254.8470 13.12443046276741
ONEWEB-0143             
1 47289U 20100AH  26260.26066641  .00000342  00000+0  91488-3 0  9991
2 47289  87.8975 332.3875 0001883 103.0537 257.0802 13.12445089276721
ONEWEB-0144             
1 47290U 20100AJ  26260.46056173 -.00000397  00000+0 -11401-2 0  9992
2 47290  87.8993 332.3300 0001549  96.0149 264.1156 13.12442977276673
ONEWEB-0145             
1 47291U 20100AK  26260.20304767  .00000276  00000+0  73125-3 0  9996
2 47291  87.8980 332.3983 0001625  97.9021 262.2293 13.12441092276837
ONEWEB-0146             
1 47292U 20100AL  26260.19967718  .00000447  00000+0  12083-2 0  9991
2 47292  87.8981 332.3975 0002214  97.1579 262.9801 13.12442327276749
ONEWEB-0147             
1 47293U 20100AM  26260.24204704 -.00003431  00000+0 -95787-2 0  9997
2 47293  87.8990 332.3725 0002371  98.5149 261.6248 13.12419862276643
ONEWEB-0115             
1 48042U 21025A   26260.19825266  .00000164  00000+0  41329-3 0  9995
2 48042  87.8921 301.9179 0002033  99.3542 260.7817 13.13467223265674
ONEWEB-0152             
1 48043U 21025B   26260.13561364 -.00000126  00000+0 -38099-3 0  9996
2 48043  87.8924 301.9322 0002016  97.8151 262.3207 13.13468823265621
ONEWEB-0153             
1 48044U 21025C   26260.18979386  .00000148  00000+0  36914-3 0  9995
2 48044  87.8927 301.9196 0001855  95.9617 264.1723 13.13468350265628
ONEWEB-0154             
1 48045U 21025D   26260.11022924  .00000453  00000+0  12068-2 0  9998
2 48045  87.8925 301.9368 0001762  91.1556 268.9775 13.13470266265577
ONEWEB-0116             
1 48046U 21025E   26260.37768893 -.00000284  00000+0 -81264-3 0  9998
2 48046  87.8927 301.8809 0002051  93.4477 266.6887 13.13470064265753
ONEWEB-0150             
1 48047U 21025F   26260.12546849  .00000037  00000+0  65154-4 0  9992
2 48047  87.8937 301.9305 0001775  98.6899 261.4431 13.13469903265617
ONEWEB-0107             
1 48048U 21025G   26260.12715975  .00000087  00000+0  20314-3 0  9994
2 48048  87.8934 301.9247 0001734  97.0744 263.0583 13.13470404265598
ONEWEB-0101             
1 48049U 21025H   26260.39462742 -.00000040  00000+0 -14416-3 0  9992
2 48049  87.8918 301.8774 0001790  92.1815 267.9519 13.13470805265601
ONEWEB-0113             
1 48050U 21025J   26260.38941737 -.00000106  00000+0 -32389-3 0  9991
2 48050  87.8915 301.7787 0001967 100.0431 260.0920 13.13892078265714
ONEWEB-0112             
1 48051U 21025K   26260.13223239 -.00000112  00000+0 -34159-3 0  9999
2 48051  87.8927 301.9221 0001680  90.1394 269.9928 13.13468970265662
ONEWEB-0156             
1 48052U 21025L   26260.36922100 -.00000226  00000+0 -65516-3 0  9995
2 48052  87.8928 301.8840 0001832  98.1334 262.0003 13.13469000265675
ONEWEB-0161             
1 48053U 21025M   26260.19148817  .00000285  00000+0  74458-3 0  9990
2 48053  87.8920 301.9201 0001702  98.5563 261.5759 13.13469319265589
ONEWEB-0158             
1 48054U 21025N   26260.37938461 -.00000316  00000+0 -89947-3 0  9999
2 48054  87.8923 301.8801 0002128  89.3928 270.7445 13.13470831265736
ONEWEB-0157             
1 48055U 21025P   26260.17624955  .00000225  00000+0  58145-3 0  9991
2 48055  87.8915 301.9232 0001517  98.6985 261.4316 13.13471126265646
ONEWEB-0162             
1 48056U 21025Q   26260.15240726 -.00000325  00000+0 -92370-3 0  9991
2 48056  87.8913 301.9252 0001737  97.6359 262.4968 13.13469367265610
ONEWEB-0155             
1 48057U 21025R   26260.15930773 -.00000108  00000+0 -33054-3 0  9993
2 48057  87.8927 301.9259 0001810  97.1592 262.9743 13.13471282265759
ONEWEB-0149             
1 48058U 21025S   26260.18132411  .00000296  00000+0  77546-3 0  9990
2 48058  87.8921 301.9243 0001960 103.0964 257.0384 13.13469312265569
ONEWEB-0148             
1 48059U 21025T   26260.37260763 -.00000202  00000+0 -58892-3 0  9996
2 48059  87.8916 301.8869 0001960 112.3407 247.7930 13.13470146265719
ONEWEB-0160             
1 48060U 21025U   26260.84660298 -.00000313  00000+0 -89255-3 0  9997
2 48060  87.8914 301.7888 0002595  88.7709 271.3718 13.13469817265726
ONEWEB-0163             
1 48061U 21025V   26260.37429610 -.00000259  00000+0 -74386-3 0  9995
2 48061  87.8926 301.8846 0001599  96.9312 263.1999 13.13468980265785
ONEWEB-0159             
1 48062U 21025W   26260.36584236 -.00000133  00000+0 -39843-3 0  9991
2 48062  87.8928 301.8815 0001666  94.5778 265.5541 13.13469372265706
ONEWEB-0164             
1 48063U 21025X   26260.34722484  .00000218  00000+0  56200-3 0  9997
2 48063  87.8935 301.8902 0001970  95.6532 264.4822 13.13469275265689
ONEWEB-0167             
1 48064U 21025Y   26260.90838941 -.00000266  00000+0 -76274-3 0  9994
2 48064  87.8919 301.7813 0001572  79.4592 280.6714 13.13470475265747
ONEWEB-0166             
1 48065U 21025Z   26260.16947011  .00000068  00000+0  15222-3 0  9996
2 48065  87.8927 301.9075 0001879  97.4459 262.6884 13.13469986265722
ONEWEB-0151             
1 48066U 21025AA  26260.17116289  .00000162  00000+0  40738-3 0  9998
2 48066  87.8921 301.9214 0001862  91.0480 269.0863 13.13470964265667
ONEWEB-0170             
1 48067U 21025AB  26260.17962207  .00000282  00000+0  73694-3 0  9998
2 48067  87.8926 301.9222 0002184  82.5354 277.6023 13.13468491265626
ONEWEB-0168             
1 48068U 21025AC  26260.39292613 -.00000064  00000+0 -21053-3 0  9992
2 48068  87.8922 301.8803 0001844  93.6363 266.4977 13.13470098265666
ONEWEB-0173             
1 48069U 21025AD  26260.38445528 -.00000291  00000+0 -83112-3 0  9993
2 48069  87.8927 301.8803 0001531  91.7570 268.3735 13.13470100265908
ONEWEB-0171             
1 48070U 21025AE  26260.11698804  .00000176  00000+0  44589-3 0  9998
2 48070  87.8919 301.9377 0001841  91.3826 268.7514 13.13468221265687
ONEWEB-0172             
1 48071U 21025AF  26260.17286230  .00000148  00000+0  37107-3 0  9998
2 48071  87.8923 301.9247 0001689  91.1098 269.0225 13.13470988266584
ONEWEB-0174             
1 48072U 21025AG  26260.15422904 -.00000243  00000+0 -70161-3 0  9992
2 48072  87.8927 301.9267 0001860  99.5372 260.5967 13.13469206265904
ONEWEB-0175             
1 48073U 21025AH  26260.41324304  .00000287  00000+0  75170-3 0  9998
2 48073  87.8928 301.8619 0001963  85.5669 274.5684 13.13468856265590
ONEWEB-0177             
1 48074U 21025AJ  26260.19655944  .00000128  00000+0  31616-3 0  9992
2 48074  87.8922 301.9195 0001696  99.5948 260.5373 13.13468529265758
ONEWEB-0178             
1 48075U 21025AK  26260.36767194 -.00000157  00000+0 -46461-3 0  9991
2 48075  87.8918 301.8911 0001739  88.7021 271.4308 13.13470188265820
ONEWEB-0108             
1 48076U 21025AL  26260.86015591  .00000058  00000+0  12272-3 0  9995
2 48076  87.8922 301.7813 0002116  99.5359 260.6010 13.13470774265810
ONEWEB-0169             
1 48077U 21025AM  26260.13052660 -.00000113  00000+0 -34460-3 0  9991
2 48077  87.8928 301.9322 0001822  97.7900 262.3436 13.13467649264377
ONEWEB-0176             
1 48210U 21031A   26260.43261982 -.00000083  00000+0 -25965-3 0  9995
2 48210  87.8893 271.3009 0001859  87.2596 272.8746 13.14502112260433
ONEWEB-0184             
1 48211U 21031B   26260.40726968  .00000230  00000+0  58673-3 0  9997
2 48211  87.8896 271.3118 0001872  69.4796 290.6534 13.14503942260409
ONEWEB-0179             
1 48212U 21031C   26260.94823151 -.00000011  00000+0 -34691-5 0  9994
2 48212  87.8937 264.0903 0348339 307.4923  49.5079 14.57919081262394
ONEWEB-0180             
1 48213U 21031D   26260.94347984  .00000249  00000+0  63647-3 0  9992
2 48213  87.8900 271.2041 0001512  86.4373 273.6930 13.14504246260401
ONEWEB-0218             
1 48214U 21031E   26260.43093438 -.00000080  00000+0 -25071-3 0  9993
2 48214  87.8901 271.3045 0001408  70.4848 289.6434 13.14501328260495
ONEWEB-0209             
1 48215U 21031F   26260.42078748  .00000161  00000+0  39949-3 0  9997
2 48215  87.8901 271.3170 0001653  93.0928 267.0391 13.14501979260491
ONEWEB-0198             
1 48216U 21031G   26260.40572118  .00000207  00000+0  52482-3 0  9994
2 48216  87.8886 271.3108 0001491  85.4238 274.7062 13.14501578260602
ONEWEB-0189             
1 48217U 21031H   26260.95022863  .00000034  00000+0  56624-4 0  9993
2 48217  87.8940 271.1981 0001825  99.3545 260.7791 13.14501752260414
ONEWEB-0196             
1 48218U 21031J   26260.39713123  .00000021  00000+0  21932-4 0  9998
2 48218  87.8896 271.3176 0001690  91.2477 268.8847 13.14502020260340
ONEWEB-0183             
1 48219U 21031K   26260.97898292 -.00000084  00000+0 -26190-3 0  9995
2 48219  87.8914 271.1980 0001662  96.8334 263.2985 13.14501241260510
ONEWEB-0185             
1 48220U 21031L   26260.39648426  .00000084  00000+0  19147-3 0  9997
2 48220  87.8896 271.3125 0001719 103.8200 256.3121 13.14502660260362
ONEWEB-0187             
1 48221U 21031M   26260.07220703 -.00000157  00000+0 -45880-3 0  9993
2 48221  87.8898 271.3873 0001784  91.4235 268.7099 13.14503990260332
ONEWEB-0192             
1 48222U 21031N   26260.42248286  .00000225  00000+0  57264-3 0  9992
2 48222  87.8901 271.3063 0001795  87.6682 272.4654 13.14502643260292
ONEWEB-0219             
1 48223U 21031P   26260.40219166  .00000256  00000+0  65472-3 0  9990
2 48223  87.8901 271.3109 0001710  96.9355 263.1969 13.14502378260494
ONEWEB-0202             
1 48224U 21031Q   26260.30747016 -.00000018  00000+0 -84065-4 0  9998
2 48224  87.8894 271.3374 0001584  70.9124 289.2177 13.14504305260464
ONEWEB-0204             
1 48225U 21031R   26260.41655372  .00000190  00000+0  47811-3 0  9990
2 48225  87.8906 271.3091 0002165 102.8412 257.2960 13.14502466260377
ONEWEB-0205             
1 48226U 21031S   26260.39373723  .00000165  00000+0  40929-3 0  9990
2 48226  87.8894 271.3131 0001661  93.0671 267.0649 13.14504109260387
ONEWEB-0206             
1 48227U 21031T   26260.06049865 -.00000172  00000+0 -49863-3 0  9998
2 48227  87.8896 271.3789 0002007  89.7144 270.4216 13.14501275260290
ONEWEB-0182             
1 48228U 21031U   26260.96884557 -.00000051  00000+0 -17218-3 0  9998
2 48228  87.8896 271.2001 0002038  95.0641 265.0722 13.14502137260620
ONEWEB-0186             
1 48229U 21031V   26260.98067819 -.00000226  00000+0 -64409-3 0  9993
2 48229  87.8895 271.1973 0001833  89.0098 271.1242 13.14501456260570
ONEWEB-0181             
1 48230U 21031W   26260.42586429  .00000072  00000+0  16024-3 0  9994
2 48230  87.8898 271.3215 0001561  95.7275 264.4033 13.14504876260353
ONEWEB-0188             
1 48231U 21031X   26260.38866246  .00000015  00000+0  47497-5 0  9995
2 48231  87.8894 271.3291 0001866  92.3510 267.7834 13.14501653260251
ONEWEB-0220             
1 48232U 21031Y   26260.42669730 -.00000029  00000+0 -11168-3 0  9991
2 48232  87.8902 271.3068 0001776  98.0056 262.1275 13.14500008260523
ONEWEB-0165             
1 48233U 21031Z   26260.07573171 -.00000191  00000+0 -54841-3 0  9991
2 48233  87.8899 271.3860 0001559  83.4153 276.7154 13.14501782260431
ONEWEB-0199             
1 48234U 21031AA  26260.05880111 -.00000169  00000+0 -49119-3 0  9992
2 48234  87.8899 271.3790 0002160  88.4822 271.6555 13.14503120260337
ONEWEB-0203             
1 48235U 21031AB  26260.42924335  .00000041  00000+0  76512-4 0  9996
2 48235  87.8903 271.3064 0001990  82.7508 277.3848 13.14502241260393
ONEWEB-0197             
1 48236U 21031AC  26260.40544306  .00000180  00000+0  45033-3 0  9998
2 48236  87.8891 271.2917 0002028  94.4625 265.6737 13.14504035260300
ONEWEB-0194             
1 48237U 21031AD  26260.08080818 -.00000023  00000+0 -95636-4 0  9999
2 48237  87.8893 271.3818 0002054  86.6604 273.4760 13.14504591260437
ONEWEB-0193             
1 48238U 21031AE  26260.85721382  .00000154  00000+0  38105-3 0  9993
2 48238  87.8905 271.2193 0002250  85.0036 275.1351 13.14502579260481
ONEWEB-0191             
1 48239U 21031AF  26260.41234859  .00000060  00000+0  12711-3 0  9995
2 48239  87.8896 271.3090 0001976  98.8843 261.2510 13.14502979260285
ONEWEB-0195             
1 48240U 21031AG  26260.31339213  .00000021  00000+0  22988-4 0  9991
2 48240  87.8896 271.3291 0001541  85.3981 274.7325 13.14503985260250
ONEWEB-0201             
1 48241U 21031AH  26260.07247614 -.00000189  00000+0 -54368-3 0  9991
2 48241  87.8900 271.3887 0001818 101.7456 258.3877 13.14502878260457
ONEWEB-0207             
1 48242U 21031AJ  26260.96460654 -.00000022  00000+0 -94224-4 0  9993
2 48242  87.8899 271.1987 0002042 100.3264 259.8096 13.14501327260486
ONEWEB-0208             
1 48243U 21031AK  26260.94685995  .00000212  00000+0  53787-3 0  9996
2 48243  87.8896 271.2054 0001608  86.3556 273.7758 13.14502114260490
ONEWEB-0200             
1 48244U 21031AL  26260.98745558 -.00000193  00000+0 -55605-3 0  9994
2 48244  87.8904 271.1927 0001678  96.7436 263.3885 13.14503250260429
ONEWEB-0217             
1 48245U 21031AM  26260.77601891  .00000115  00000+0  27560-3 0  9994
2 48245  87.8899 271.2377 0001666  83.4504 276.6816 13.14503444260346
ONEWEB-0211             
1 48767U 21045A   26260.40301568  .00000159  00000+0  38552-3 0  9997
2 48767  87.8983 240.6746 0001646  64.9425 295.1876 13.16198194256579
ONEWEB-0223             
1 48768U 21045B   26260.37474601  .00000067  00000+0  14496-3 0  9992
2 48768  87.8982 240.8133 0002030  73.9057 286.2297 13.15547514256526
ONEWEB-0230             
1 48769U 21045C   26260.65045583  .00000041  00000+0  74234-4 0  9996
2 48769  87.8991 240.7672 0002087  86.8286 273.3084 13.15548415256828
ONEWEB-0237             
1 48770U 21045D   26260.41119774  .00000148  00000+0  35994-3 0  9993
2 48770  87.8986 240.8135 0001653  84.6863 275.4456 13.15549814256510
ONEWEB-0235             
1 48771U 21045E   26260.69007263  .00000173  00000+0  42490-3 0  9990
2 48771  87.8985 240.7522 0002086  72.8638 287.2721 13.15549869256548
ONEWEB-0242             
1 48772U 21045F   26260.37950156  .00000025  00000+0  31737-4 0  9993
2 48772  87.8987 240.8122 0002147  81.1060 279.0314 13.15548221256546
ONEWEB-0241             
1 48773U 21045G   26260.36682033 -.00000114  00000+0 -33782-3 0  9991
2 48773  87.8989 240.8243 0001910  74.4773 285.6569 13.15548553256459
ONEWEB-0243             
1 48774U 21045H   26260.39852455  .00000282  00000+0  71624-3 0  9993
2 48774  87.8977 240.8299 0002389  77.2839 282.8559 13.15548678256482
ONEWEB-0222             
1 48775U 21045J   26260.68611493  .00000034  00000+0  55543-4 0  9999
2 48775  87.8984 240.7470 0001911  77.6943 282.4401 13.15549093256564
ONEWEB-0244             
1 48776U 21045K   26260.40803528  .00000243  00000+0  61155-3 0  9999
2 48776  87.8992 240.8026 0002021  80.3880 279.7479 13.15551425257091
ONEWEB-0247             
1 48777U 21045L   26260.40485960  .00000075  00000+0  16596-3 0  9998
2 48777  87.8981 240.8220 0002461  68.3284 291.8109 13.15547545256539
ONEWEB-0245             
1 48778U 21045M   26260.40010704  .00000249  00000+0  62782-3 0  9990
2 48778  87.8986 240.8110 0001791  81.3139 278.8195 13.15550106256506
ONEWEB-0229             
1 48779U 21045N   26260.39534128  .00000216  00000+0  53939-3 0  9998
2 48779  87.8987 240.8093 0002064  81.9153 278.2211 13.15547709256535
ONEWEB-0228             
1 48780U 21045P   26260.65694003 -.00000090  00000+0 -27344-3 0  9991
2 48780  87.9005 240.7550 0001991  81.7751 278.3605 13.15547441256481
ONEWEB-0232             
1 48781U 21045Q   26260.40326798  .00000241  00000+0  60677-3 0  9990
2 48781  87.8986 240.8046 0001889  83.6791 276.4554 13.15547447256771
ONEWEB-0231             
1 48782U 21045R   26260.38109256  .00000101  00000+0  23400-3 0  9994
2 48782  87.8991 240.8172 0002020  76.5867 283.5488 13.15547755256464
ONEWEB-0234             
1 48783U 21045S   26260.95137858  .00000065  00000+0  13901-3 0  9991
2 48783  87.8994 240.6905 0001357  98.2798 261.8487 13.15547484256676
ONEWEB-0238             
1 48784U 21045T   26260.64743050  .00000137  00000+0  32968-3 0  9999
2 48784  87.8992 240.7470 0001614  89.7028 270.4288 13.15548461256536
ONEWEB-0240             
1 48785U 21045U   26260.36444190 -.00000101  00000+0 -30148-3 0  9993
2 48785  87.8985 240.8117 0001837  75.7707 284.3627 13.15549636256529
ONEWEB-0246             
1 48786U 21045V   26260.66312619 -.00000078  00000+0 -24021-3 0  9993
2 48786  87.8991 240.7550 0002092  82.5185 277.6183 13.15547647256439
ONEWEB-0210             
1 48787U 21045W   26260.40960772  .00000180  00000+0  44288-3 0  9994
2 48787  87.8992 240.8027 0002699  73.7342 286.4085 13.15547514256444
ONEWEB-0214             
1 48788U 21045X   26260.95072366  .00000049  00000+0  96005-4 0  9997
2 48788  87.8991 240.6926 0002354  84.9275 275.2124 13.15547215256489
ONEWEB-0221             
1 48789U 21045Y   26260.88179779 -.00000016  00000+0 -75384-4 0  9999
2 48789  87.8990 240.7139 0001976  78.3091 281.8261 13.15548090256564
ONEWEB-0213             
1 48790U 21045Z   26260.41436168  .00000172  00000+0  42203-3 0  9992
2 48790  87.8986 240.8095 0002089  77.4851 282.6513 13.15549236256565
ONEWEB-0212             
1 48791U 21045AA  26260.92378308  .00000090  00000+0  20470-3 0  9991
2 48791  87.8983 240.7024 0002086  83.9897 276.1471 13.15550178256628
ONEWEB-0227             
1 48792U 21045AB  26260.92300597  .00000074  00000+0  16213-3 0  9999
2 48792  87.8983 240.7016 0001961  80.8474 279.2878 13.15547893256577
ONEWEB-0226             
1 48793U 21045AC  26260.91666226  .00000022  00000+0  24210-4 0  9993
2 48793  87.8988 240.7083 0002211  79.0980 281.0400 13.15548194256542
ONEWEB-0224             
1 48794U 21045AD  26260.88021017  .00000121  00000+0  28851-3 0  9997
2 48794  87.8978 240.7433 0001219  71.2382 288.8880 13.15549087256468
ONEWEB-0233             
1 48795U 21045AE  26260.96088519 -.00000171  00000+0 -48848-3 0  9992
2 48795  87.8979 240.7332 0001899  75.2526 284.8815 13.15546649256494
ONEWEB-0190             
1 48796U 21045AF  26260.41594607  .00000097  00000+0  22433-3 0  9990
2 48796  87.9003 240.8083 0002348  71.0714 289.0671 13.15548659256491
ONEWEB-0236             
1 48797U 21045AG  26260.88971524 -.00000066  00000+0 -20909-3 0  9993
2 48797  87.8987 240.7193 0001897  86.4380 273.6967 13.15548141256448
ONEWEB-0248             
1 48798U 21045AH  26260.67422580 -.00000065  00000+0 -20586-3 0  9994
2 48798  87.8996 240.7544 0001894  69.9226 290.2108 13.15549419256576
ONEWEB-0225             
1 48799U 21045AJ  26260.92457127  .00000077  00000+0  17011-3 0  9998
2 48799  87.8986 240.7098 0002122  68.3655 291.7702 13.15546906256613
ONEWEB-0215             
1 48800U 21045AK  26260.89447041 -.00000126  00000+0 -36951-3 0  9992
2 48800  87.8993 240.7026 0002100  64.6859 295.4489 13.15549368256489
ONEWEB-0216             
1 48801U 21045AL  26260.67580306 -.00000129  00000+0 -37559-3 0  9999
2 48801  87.8988 240.7580 0002089  85.1009 275.0360 13.15546868256462
ONEWEB-0239             
1 48802U 21045AM  26260.37633196  .00000004  00000+0 -23529-4 0  9997
2 48802  87.8985 240.8213 0001869  60.6526 299.4791 13.15547529256464
ONEWEB-0249             
1 48967U 21060A   26260.84517290  .00000077  00000+0  16851-3 0  9992
2 48967  87.9147 210.3814 0001963  74.8264 285.3084 13.16592401251809
ONEWEB-0250             
1 48968U 21060B   26260.83084934 -.00000007  00000+0 -45714-4 0  9992
2 48968  87.9158 207.8410 0001026  80.3282 279.7970 13.25838231252498
ONEWEB-0252             
1 48970U 21060D   26260.87607450 -.00000037  00000+0 -13000-3 0  9998
2 48970  87.9152 210.3676 0002097  87.6105 272.5266 13.16596880251850
ONEWEB-0253             
1 48971U 21060E   26260.86498164  .00000030  00000+0  44647-4 0  9991
2 48971  87.9148 210.3749 0001883  75.7834 284.3506 13.16593647251784
ONEWEB-0254             
1 48972U 21060F   26260.79847746 -.00000016  00000+0 -76535-4 0  9995
2 48972  87.9156 210.3860 0001854  68.4111 291.7218 13.16593536251771
ONEWEB-0255             
1 48973U 21060G   26260.60848723  .00000055  00000+0  11043-3 0  9995
2 48973  87.9150 210.4297 0002039  73.1165 287.0189 13.16593756251824
ONEWEB-0256             
1 48974U 21060H   26260.86260469  .00000008  00000+0 -11799-4 0  9997
2 48974  87.9143 210.3803 0002149  79.1496 280.9877 13.16594088251829
ONEWEB-0257             
1 48975U 21060J   26260.66707586 -.00000009  00000+0 -57656-4 0  9996
2 48975  87.9149 210.4099 0002127  74.1729 285.9636 13.16594049251751
ONEWEB-0258             
1 48976U 21060K   26260.59265857  .00000010  00000+0 -80060-5 0  9996
2 48976  87.9145 210.4347 0002022  77.8230 282.3127 13.16594417251750
ONEWEB-0259             
1 48977U 21060L   26260.28232983 -.00000008  00000+0 -54145-4 0  9999
2 48977  87.9154 210.4970 0001871  73.9150 286.2187 13.16593224251745
ONEWEB-0260             
1 48978U 21060M   26260.57759351 -.00000147  00000+0 -41914-3 0  9998
2 48978  87.9148 210.4357 0002363  81.0910 279.0488 13.16594699251762
ONEWEB-0261             
1 48979U 21060N   26260.62350821  .00000150  00000+0  35954-3 0  9993
2 48979  87.9137 210.4278 0002145  69.8090 290.3272 13.16594659251824
ONEWEB-0262             
1 48980U 21060P   26260.83172253  .00000018  00000+0  14002-4 0  9994
2 48980  87.9149 210.3756 0001804  71.4882 288.6445 13.16593785251818
ONEWEB-0263             
1 48981U 21060Q   26260.33141160  .00000078  00000+0  17013-3 0  9993
2 48981  87.9126 210.4862 0002075  66.5341 293.6008 13.16593690251714
ONEWEB-0264             
1 48982U 21060R   26260.36862023  .00000028  00000+0  38996-4 0  9994
2 48982  87.9142 210.4779 0002214  76.4433 283.6944 13.16593015251727
ONEWEB-0266             
1 48984U 21060T   26260.84596973  .00000048  00000+0  93075-4 0  9998
2 48984  87.9149 210.3791 0001950  78.6169 281.5181 13.16593138251776
ONEWEB-0267             
1 48985U 21060U   26260.55306909  .00000089  00000+0  19954-3 0  9993
2 48985  87.9145 210.4337 0002106  72.0511 288.0850 13.16594032251749
ONEWEB-0268             
1 48986U 21060V   26260.59740328 -.00000005  00000+0 -46609-4 0  9993
2 48986  87.9145 210.4332 0002114  80.3038 279.8332 13.16593080252016
ONEWEB-0269             
1 48987U 21060W   26260.42641078  .00000088  00000+0  19751-3 0  9994
2 48987  87.9146 210.4647 0001982  85.9299 274.2058 13.16596042251765
ONEWEB-0270             
1 48988U 21060X   26260.36782922  .00000012  00000+0 -12199-5 0  9991
2 48988  87.9137 210.4783 0001891  67.4431 292.6900 13.16593390251795
ONEWEB-0271             
1 48989U 21060Y   26260.58315798 -.00000003  00000+0 -42129-4 0  9995
2 48989  87.9149 210.4270 0002045  71.6831 288.4522 13.16593828251826
ONEWEB-0272             
1 48990U 21060Z   26260.37731664  .00000121  00000+0  28396-3 0  9996
2 48990  87.9145 210.4758 0002317  79.6931 280.4461 13.16593131251748
ONEWEB-0273             
1 48991U 21060AA  26260.85548212  .00000146  00000+0  34718-3 0  9997
2 48991  87.9141 210.3815 0002127  68.9800 291.1559 13.16594506251781
ONEWEB-0274             
1 48992U 21060AB  26260.34882962 -.00000064  00000+0 -20018-3 0  9994
2 48992  87.9144 210.4804 0002318  79.1836 280.9556 13.16594926251755
ONEWEB-0275             
1 48993U 21060AC  26260.86972656 -.00000004  00000+0 -43295-4 0  9999
2 48993  87.9153 210.3749 0002782  84.9508 275.1940 13.16595369251753
ONEWEB-0276             
1 48994U 21060AD  26260.82697672 -.00000023  00000+0 -92659-4 0  9997
2 48994  87.9152 210.3820 0002177  78.0800 282.0575 13.16593047251763
ONEWEB-0277             
1 48995U 21060AE  26260.83963801  .00000028  00000+0  38806-4 0  9996
2 48995  87.9140 210.3836 0002010  72.8605 287.2746 13.16595197251753
ONEWEB-0278             
1 48996U 21060AF  26260.83013849  .00000027  00000+0  36626-4 0  9992
2 48996  87.9149 210.3805 0001863  81.4161 278.7181 13.16593259251886
ONEWEB-0279             
1 48997U 21060AG  26260.30607889  .00000043  00000+0  79172-4 0  9999
2 48997  87.9159 210.4835 0002161  72.7857 287.3511 13.16592694251749
ONEWEB-0280             
1 48998U 21060AH  26260.32112850  .00000173  00000+0  42024-3 0  9990
2 48998  87.9151 210.4837 0001717  71.9531 288.1787 13.16594146251681
ONEWEB-0281             
1 48999U 21060AJ  26260.85863748  .00000111  00000+0  25787-3 0  9997
2 48999  87.9150 210.3746 0002125  82.0941 278.0431 13.16593319251822
ONEWEB-0282             
1 49000U 21060AK  26260.35674685  .00000042  00000+0  76887-4 0  9997
2 49000  87.9147 210.4792 0001968  74.3625 285.7723 13.16595422251737
ONEWEB-0283             
1 49001U 21060AL  26260.42165656 -.00000098  00000+0 -29038-3 0  9997
2 49001  87.9155 210.4658 0002126  74.6047 285.5319 13.16593175251750
ONEWEB-0284             
1 49002U 21060AM  26260.41531977  .00000021  00000+0  20668-4 0  9995
2 49002  87.9152 210.4617 0001688  76.2711 283.8608 13.16594461251730
ONEWEB-0285             
1 49075U 21075A   26260.45970658 -.00000550  00000+0 -15651-2 0  9991
2 49075  87.8980 332.3443 0001860 107.2967 252.8365 13.12442186247316
ONEWEB-0286             
1 49076U 21075B   26260.44179278  .00000092  00000+0  22126-3 0  9995
2 49076  87.8982 332.3574 0002029 105.7990 254.3363 13.12440695246666
ONEWEB-0287             
1 49077U 21075C   26260.27724029 -.00000034  00000+0 -12195-3 0  9990
2 49077  87.9209 347.5779 0001999 112.1368 247.9976 13.17648775245752
ONEWEB-0288             
1 49078U 21075D   26260.26573553  .00000446  00000+0  12047-2 0  9994
2 49078  87.8987 332.3773 0001793 106.1963 253.9363 13.12441876247260
ONEWEB-0289             
1 49079U 21075E   26260.24010033  .00000036  00000+0  59720-4 0  9998
2 49079  87.9189 347.6015 0001471  96.0867 264.0432 13.17650520246326
ONEWEB-0290             
1 49080U 21075F   26260.51684609  .00000093  00000+0  20564-3 0  9992
2 49080  87.9219 347.5270 0001401  95.5051 264.6241 13.17649360245778
ONEWEB-0291             
1 49081U 21075G   26260.50167243 -.00000047  00000+0 -15469-3 0  9991
2 49081  87.9206 347.5309 0001683 110.3198 249.8115 13.17648841245765
ONEWEB-0293             
1 49082U 21075H   26260.52696934 -.00000024  00000+0 -95154-4 0  9993
2 49082  87.9200 347.5279 0001707 101.5159 258.6165 13.17650600245794
ONEWEB-0294             
1 49083U 21075J   26260.19629106  .00000411  00000+0  11065-2 0  9999
2 49083  87.8996 332.3959 0001565  96.6662 263.4645 13.12444195246645
ONEWEB-0295             
1 49084U 21075K   26260.52612912  .00000047  00000+0  86842-4 0  9996
2 49084  87.9207 347.5332 0001920 112.3798 247.7537 13.17650516245753
ONEWEB-0296             
1 49085U 21075L   26260.48090016  .00000102  00000+0  24928-3 0  9995
2 49085  87.8977 332.3447 0001733 108.5811 251.5506 13.12444757246686
ONEWEB-0297             
1 49086U 21075M   26260.43515861  .00000271  00000+0  71786-3 0  9992
2 49086  87.8976 332.3571 0001909 102.7173 257.4169 13.12442154247282
ONEWEB-0298             
1 49087U 21075N   26260.30269085  .00000076  00000+0  16379-3 0  9993
2 49087  87.9196 347.5761 0001946  94.2301 265.9053 13.17649877245758
ONEWEB-0299             
1 49088U 21075P   26260.30422699  .00000126  00000+0  29020-3 0  9999
2 49088  87.9196 347.5613 0001968 105.9285 254.2063 13.17649353245739
ONEWEB-0300             
1 49089U 21075Q   26260.50377706  .00000424  00000+0  11442-2 0  9999
2 49089  87.8988 332.3333 0002295 100.1507 259.9881 13.12442728247315
ONEWEB-0301             
1 49090U 21075R   26260.94511604  .00000010  00000+0 -87165-5 0  9996
2 49090  87.8977 332.2416 0002334  96.5113 263.6281 13.12442673246731
ONEWEB-0302             
1 49091U 21075S   26260.47411842 -.00000251  00000+0 -73355-3 0  9990
2 49091  87.8969 332.3444 0001520 102.2491 257.8808 13.12443673246657
ONEWEB-0304             
1 49092U 21075T   26260.27892783 -.00000056  00000+0 -17636-3 0  9999
2 49092  87.9203 347.5819 0001843 105.9379 254.1956 13.17649608245707
ONEWEB-0305             
1 49093U 21075U   26260.27216448 -.00000066  00000+0 -20236-3 0  9999
2 49093  87.9208 347.5753 0002010 112.8285 247.3059 13.17651035245738
ONEWEB-0308             
1 49094U 21075V   26260.23862683 -.00000306  00000+0 -88645-3 0  9999
2 49094  87.8990 332.3884 0001901  99.1529 260.9815 13.12443818246633
ONEWEB-0309             
1 49095U 21075W   26260.27553825 -.00000047  00000+0 -15403-3 0  9993
2 49095  87.9203 347.5757 0001475 101.0500 259.0797 13.17648340245704
ONEWEB-0310             
1 49096U 21075X   26260.48260072  .00000063  00000+0  13981-3 0  9991
2 49096  87.8973 332.3529 0001915  99.0751 261.0594 13.12443768247296
ONEWEB-0311             
1 49097U 21075Y   26260.28229295  .00000097  00000+0  21780-3 0  9995
2 49097  87.9197 347.5741 0002120 112.3367 247.7989 13.17649588245752
ONEWEB-0312             
1 49098U 21075Z   26260.52528009  .00000070  00000+0  14596-3 0  9996
2 49098  87.9198 347.5363 0001719 110.2215 249.9101 13.17647147245766
ONEWEB-0313             
1 49099U 21075AA  26260.53022147  .00000126  00000+0  29123-3 0  9994
2 49099  87.9205 347.5386 0001821 103.9738 256.1596 13.17649801245750
ONEWEB-0314             
1 49100U 21075AB  26260.49660814  .00000060  00000+0  12080-3 0  9992
2 49100  87.9208 347.5291 0001781 112.5060 247.6260 13.17650449245720
ONEWEB-0315             
1 49101U 21075AC  26260.45548211 -.00000292  00000+0 -84668-3 0  9995
2 49101  87.8990 332.3298 0002172 107.4442 252.6924 13.12442884247271
ONEWEB-0316             
1 49102U 21075AD  26260.19714955  .00000034  00000+0  54094-4 0  9990
2 49102  87.9163 317.1749 0001826  98.9499 261.1840 13.18685767249334
ONEWEB-0317             
1 49103U 21075AE  26260.45886253 -.00000433  00000+0 -12392-2 0  9999
2 49103  87.8983 332.3491 0001487  84.2499 275.8799 13.12444812247294
ONEWEB-0318             
1 49104U 21075AF  26260.19367687  .00000022  00000+0  23085-4 0  9991
2 49104  87.9166 317.1788 0002023 102.0124 258.1235 13.18687827249292
ONEWEB-0319             
1 49105U 21075AG  26260.51178210 -.00000048  00000+0 -15766-3 0  9996
2 49105  87.9211 347.5343 0002327 110.2002 249.9380 13.17650468245768
ONEWEB-0323             
1 49106U 21075AH  26260.44024144  .00000035  00000+0  61792-4 0  9990
2 49106  87.8996 332.3390 0002202 112.9240 247.2121 13.12441183246657
ONEWEB-0329             
1 49107U 21075AJ  26260.29241754 -.00000006  00000+0 -48799-4 0  9994
2 49107  87.9198 347.5783 0001817 106.2042 253.9290 13.17649995245717
ONEWEB-0330             
1 49108U 21075AK  26260.52373145  .00000100  00000+0  22334-3 0  9990
2 49108  87.9205 347.5459 0001737 104.7782 255.3542 13.17647880245786
ONEWEB-0292             
1 49186U 21083A   26260.18810515  .00000325  00000+0  85562-3 0  9995
2 49186  87.8910 301.9323 0001979  98.3228 261.8126 13.13469378243002
ONEWEB-0303             
1 49187U 21083B   26260.19026323  .00000025  00000+0  31084-4 0  9991
2 49187  87.9166 317.1779 0002050 101.1362 259.0001 13.18684760242104
ONEWEB-0306             
1 49188U 21083C   26260.93890657 -.00000060  00000+0 -18463-3 0  9999
2 49188  87.9171 317.0200 0001760  92.6448 267.4886 13.18683881242247
ONEWEB-0307             
1 49189U 21083D   26260.41068981  .00000287  00000+0  75232-3 0  9996
2 49189  87.8917 301.8854 0001929 102.0744 258.0601 13.13468666243039
ONEWEB-0320             
1 49190U 21083E   26260.20038387  .00000016  00000+0  90344-5 0  9995
2 49190  87.9160 317.1755 0001880  96.2083 263.9264 13.18687235242105
ONEWEB-0321             
1 49191U 21083F   26260.39703921  .00000100  00000+0  21294-3 0  9999
2 49191  87.9143 256.0395 0002016  82.0994 278.0368 13.20773522249000
ONEWEB-0322             
1 49192U 21083G   26260.17794070  .00000332  00000+0  87384-3 0  9990
2 49192  87.8911 301.9309 0001985  83.6328 276.5028 13.13470177242999
ONEWEB-0324             
1 49193U 21083H   26260.40104827 -.00000045  00000+0 -14702-3 0  9999
2 49193  87.9179 317.1333 0001781  99.4694 260.6639 13.18686877242159
ONEWEB-0325             
1 49194U 21083J   26260.40440150  .00000076  00000+0  16076-3 0  9990
2 49194  87.9167 317.1324 0002036  96.2861 263.8503 13.18688194242162
ONEWEB-0326             
1 49195U 21083K   26260.41973193  .00000036  00000+0  59357-4 0  9996
2 49195  87.9169 317.1326 0002135 102.1417 257.9954 13.18686255242150
ONEWEB-0327             
1 49196U 21083L   26260.19183540 -.00000034  00000+0 -11803-3 0  9994
2 49196  87.9162 317.1766 0002346  99.8055 260.3343 13.18686058242146
ONEWEB-0328             
1 49197U 21083M   26260.16778028  .00000007  00000+0 -16718-4 0  9993
2 49197  87.8926 301.9153 0001768  97.2265 262.9065 13.13469498242979
ONEWEB-0331             
1 49198U 21083N   26260.18522486 -.00000009  00000+0 -55197-4 0  9998
2 49198  87.9174 317.1749 0002085 106.1081 254.0281 13.18686116242138
ONEWEB-0333             
1 49199U 21083P   26260.39123826 -.00000113  00000+0 -34505-3 0  9992
2 49199  87.8918 301.8880 0001977  95.7666 264.3688 13.13470992243012
ONEWEB-0334             
1 49200U 21083Q   26260.41136802  .00000059  00000+0  11334-3 0  9998
2 49200  87.9136 256.0470 0002115  67.6337 292.5020 13.20772228248969
ONEWEB-0335             
1 49201U 21083R   26260.15762409 -.00000247  00000+0 -71226-3 0  9995
2 49201  87.8912 301.9320 0002029  99.7988 260.3371 13.13469842242993
ONEWEB-0336             
1 49202U 21083S   26260.35738143  .00000016  00000+0  82562-5 0  9995
2 49202  87.8923 301.8867 0001991 104.9777 255.1573 13.13468556243014
ONEWEB-0337             
1 49203U 21083T   26260.13886916 -.00000225  00000+0 -65071-3 0  9992
2 49203  87.8918 301.9362 0001763  99.7617 260.3711 13.13468837242980
ONEWEB-0338             
1 49204U 21083U   26260.91892523  .00000002  00000+0 -25810-4 0  9990
2 49204  87.9175 255.9447 0001625  83.1850 276.9468 13.20770825249050
ONEWEB-0339             
1 49205U 21083V   26260.37599373 -.00000329  00000+0 -93666-3 0  9994
2 49205  87.8914 301.8823 0001952  90.4611 269.6741 13.13468980242996
ONEWEB-0340             
1 49206U 21083W   26260.17170649  .00000031  00000+0  46395-4 0  9990
2 49206  87.9168 317.1812 0001930 102.1401 257.9947 13.18688139242095
ONEWEB-0341             
1 49207U 21083X   26260.17845890 -.00000013  00000+0 -66279-4 0  9993
2 49207  87.9166 317.1793 0001549 107.8289 252.3012 13.18687710242113
ONEWEB-0342             
1 49208U 21083Y   26260.92565621  .00000037  00000+0  57893-4 0  9994
2 49208  87.9133 255.9356 0001902  85.5726 274.5625 13.20770999249021
ONEWEB-0343             
1 49209U 21083Z   26260.18689525 -.00000035  00000+0 -12046-3 0  9993
2 49209  87.9169 317.1768 0001720  86.2548 273.8781 13.18687234242166
ONEWEB-0344             
1 49210U 21083AA  26260.14237868 -.00000240  00000+0 -69307-3 0  9990
2 49210  87.8917 301.9407 0001596 104.4660 255.6647 13.13469186242964
ONEWEB-0345             
1 49211U 21083AB  26260.13392440 -.00000118  00000+0 -35743-3 0  9999
2 49211  87.8932 301.9328 0001499  95.6242 264.5058 13.13469313242971
ONEWEB-0346             
1 49212U 21083AC  26260.18351619  .00002394  00000+0  60399-2 0  9998
2 49212  87.9171 317.1770 0002311 111.4847 248.6532 13.18676100242104
ONEWEB-0348             
1 49213U 21083AD  26260.38527748  .00000070  00000+0  14026-3 0  9995
2 49213  87.9140 256.0492 0001930 103.6757 256.4591 13.20772207248984
ONEWEB-0350             
1 49214U 21083AE  26260.38122141 -.00000298  00000+0 -85150-3 0  9994
2 49214  87.8916 301.8852 0002796  80.1491 279.9953 13.13469689243031
ONEWEB-0351             
1 49215U 21083AF  26260.75717069 -.00000013  00000+0 -64155-4 0  9993
2 49215  87.9136 255.9739 0001581  75.5836 284.5473 13.20770466248997
ONEWEB-0352             
1 49216U 21083AG  26260.35229751  .00000215  00000+0  55499-3 0  9998
2 49216  87.8918 301.8945 0001674  84.5953 275.5367 13.13468861243125
ONEWEB-0354             
1 49217U 21083AH  26260.40547677  .00000185  00000+0  42310-3 0  9999
2 49217  87.9129 256.0418 0001770 101.5615 258.5717 13.20772024248985
ONEWEB-0355             
1 49218U 21083AJ  26260.15338036 -.00000348  00000+0 -98779-3 0  9992
2 49218  87.8921 301.9349 0001680  93.0840 267.0482 13.13469536242973
ONEWEB-0357             
1 49219U 21083AK  26260.40208809  .00000116  00000+0  25230-3 0  9998
2 49219  87.9144 256.0372 0001724  88.6039 271.5292 13.20770117248981
ONEWEB-0332             
1 49279U 21090A   26260.77855878  .00000113  00000+0  27014-3 0  9995
2 49279  87.8893 271.2421 0002000  86.7675 273.3683 13.14503476239747
ONEWEB-0347             
1 49280U 21090B   26260.39199036  .00000055  00000+0  10451-3 0  9994
2 49280  87.9140 256.0466 0002115  83.1152 277.0222 13.20770514243216
ONEWEB-0349             
1 49281U 21090C   26260.42401260 -.00000036  00000+0 -12168-3 0  9992
2 49281  87.9108 256.0393 0001878  85.3053 274.8295 13.20771381242003
ONEWEB-0353             
1 49282U 21090D   26260.39035648  .00000078  00000+0  17696-3 0  9997
2 49282  87.8895 271.3167 0002075  85.9820 274.1546 13.14504608239695
ONEWEB-0356             
1 49283U 21090E   26260.42229572 -.00001187  00000+0 -29509-2 0  9992
2 49283  87.9139 256.0321 0002645  95.7819 264.3616 13.20766644242005
ONEWEB-0358             
1 49284U 21090F   26260.38273457  .00000011  00000+0 -54834-5 0  9995
2 49284  87.9138 256.0506 0002073  92.7989 267.3382 13.20769973242720
ONEWEB-0359             
1 49285U 21090G   26260.97953080 -.00000030  00000+0 -10569-3 0  9995
2 49285  87.9141 255.9223 0002032  99.4258 260.7105 13.20770805242789
ONEWEB-0360             
1 49286U 21090H   26260.74217361 -.00000080  00000+0 -22861-3 0  9999
2 49286  87.9137 255.9768 0001930  88.4777 271.6578 13.20772384242069
ONEWEB-0361             
1 49287U 21090J   26260.42061386  .00000155  00000+0  34839-3 0  9998
2 49287  87.9145 256.0394 0002015  91.4711 268.6653 13.20773081242473
ONEWEB-0362             
1 49288U 21090K   26260.97698733  .00000009  00000+0 -10582-4 0  9990
2 49288  87.9105 286.4896 0001704  90.3878 269.7450 13.19725735239159
ONEWEB-0363             
1 49289U 21090L   26260.96608143  .00000039  00000+0  64530-4 0  9990
2 49289  87.9140 255.9307 0002290  92.8101 267.3295 13.20771480242553
ONEWEB-0364             
1 49290U 21090M   26260.77749448 -.00000166  00000+0 -44081-3 0  9996
2 49290  87.9141 255.9761 0001952  87.3480 272.7877 13.20771489243661
ONEWEB-0365             
1 49291U 21090N   26260.83481886 -.00000084  00000+0 -24313-3 0  9998
2 49291  87.9104 286.5109 0002002  96.6730 263.4631 13.19727145238640
ONEWEB-0366             
1 49292U 21090P   26260.08250480  .00000005  00000+0 -21796-4 0  9995
2 49292  87.8896 271.3796 0001903  92.0414 268.0933 13.14503817239639
ONEWEB-0367             
1 49293U 21090Q   26259.75311213 -.00000019  00000+0 -78818-4 0  9993
2 49293  87.9137 256.1753 0001916  83.9396 276.1956 13.20773006241910
ONEWEB-0368             
1 49294U 21090R   26260.40884973  .00000145  00000+0  32552-3 0  9998
2 49294  87.9144 256.0484 0002652  81.1257 279.0177 13.20772254243152
ONEWEB-0369             
1 49295U 21090S   26260.98173217  .00000009  00000+0 -10609-4 0  9994
2 49295  87.9106 286.4853 0002342  93.9084 266.2317 13.19726549238650
ONEWEB-0370             
1 49296U 21090T   26260.74722812  .00000068  00000+0  13531-3 0  9990
2 49296  87.9143 255.9752 0001650  91.3656 268.7666 13.20772099242088
ONEWEB-0371             
1 49297U 21090U   26260.83799625 -.00000023  00000+0 -90752-4 0  9991
2 49297  87.9110 286.5106 0002162  92.6591 267.4789 13.19726204238674
ONEWEB-0372             
1 49298U 21090V   26260.96424343 -.00000013  00000+0 -63704-4 0  9994
2 49298  87.9139 255.9341 0001997  87.1382 272.9980 13.20770088242084
ONEWEB-0373             
1 49299U 21090W   26260.38357427 -.00000020  00000+0 -81526-4 0  9999
2 49299  87.9138 256.0495 0001989  90.6182 269.5179 13.20772382243198
ONEWEB-0374             
1 49300U 21090X   26260.98237528 -.00000196  00000+0 -56362-3 0  9990
2 49300  87.8907 271.1943 0002365 101.6262 258.5134 13.14502512239756
ONEWEB-0375             
1 49301U 21090Y   26260.37178638  .00000127  00000+0  28125-3 0  9998
2 49301  87.9136 256.0436 0002349 101.7612 258.3785 13.20774588242691
ONEWEB-0376             
1 49302U 21090Z   26260.83639355 -.00000081  00000+0 -23534-3 0  9998
2 49302  87.9098 286.5110 0001977  89.0422 271.0938 13.19726669238679
ONEWEB-0377             
1 49303U 21090AA  26260.43423479 -.00000001  00000+0 -35566-4 0  9994
2 49303  87.9143 256.0330 0002274  92.2703 267.8690 13.20772821242694
ONEWEB-0378             
1 49304U 21090AB  26259.99989498  .00000038  00000+0  61704-4 0  9993
2 49304  87.9140 256.1233 0002124  89.6303 270.5074 13.20772640241904
ONEWEB-0379             
1 49305U 21090AC  26260.97730534  .00000087  00000+0  20125-3 0  9994
2 49305  87.8933 271.2027 0002163  71.5767 288.5597 13.14502389239753
ONEWEB-0380             
1 49306U 21090AD  26260.07508755  .00000049  00000+0  91138-4 0  9995
2 49306  87.9114 286.6635 0001800  98.5050 261.6287 13.19725765238546
ONEWEB-0381             
1 49307U 21090AE  26260.43072509  .00000033  00000+0  49799-4 0  9998
2 49307  87.9129 256.0405 0002035 102.9629 257.1732 13.20771882242006
ONEWEB-0382             
1 49308U 21090AF  26260.41725572  .00000053  00000+0  98516-4 0  9995
2 49308  87.9139 256.0362 0002232  92.2938 267.8451 13.20772854241996
ONEWEB-0383             
1 49309U 21090AG  26260.81828367 -.00000115  00000+0 -34548-3 0  9991
2 49309  87.8902 271.2274 0002086  91.7444 268.3924 13.14501644239761
ONEWEB-0384             
1 49310U 21090AH  26260.40282080  .00000108  00000+0  23423-3 0  9994
2 49310  87.9139 256.0816 0002506  92.3447 267.7974 13.20818191242000
ONEWEB-0385             
1 49311U 21090AJ  26260.41050915  .00000092  00000+0  19401-3 0  9999
2 49311  87.9134 256.0415 0002120  91.3039 268.8337 13.20769999241970
ONEWEB-0386             
1 49312U 21090AK  26260.42738218  .00001377  00000+0  33543-2 0  9999
2 49312  87.9125 256.0326 0001984  87.4941 272.6420 13.20787773241995
ONEWEB-0387             
1 49313U 21090AL  26260.41220450  .00000007  00000+0 -14321-4 0  9998
2 49313  87.9122 256.0506 0001999  98.7731 261.3629 13.20772229241997
ONEWEB-0388             
1 49314U 21090AM  26260.98012617  .00000008  00000+0 -13062-4 0  9997
2 49314  87.9105 286.4805 0002049  95.5540 264.5827 13.19727200238659
ONEWEB-0389             
1 50469U 21132A   26260.53711307  .00000050  00000+0  96329-4 0  9993
2 50469  87.9196 347.5296 0002206 102.9449 257.1929 13.17650841230243
ONEWEB-0390             
1 50470U 21132B   26260.31097214  .00000088  00000+0  19436-3 0  9999
2 50470  87.9198 347.5747 0001636 104.5558 255.5755 13.17650773230213
ONEWEB-0391             
1 50471U 21132C   26260.31267433  .00000046  00000+0  84323-4 0  9994
2 50471  87.9197 347.5841 0002094 124.4547 235.6782 13.17650236230219
ONEWEB-0392             
1 50472U 21132D   26260.26709698  .00000065  00000+0  13321-3 0  9993
2 50472  87.9210 347.5686 0002049 111.4872 248.6478 13.17651232230246
ONEWEB-0393             
1 50473U 21132E   26260.54637409  .00000070  00000+0  14658-3 0  9995
2 50473  87.9205 347.5228 0001931 105.0164 255.1181 13.17648199230270
ONEWEB-0394             
1 50474U 21132F   26260.89509237  .00000026  00000+0  33765-4 0  9993
2 50474  87.9165 317.0251 0002112  97.9241 262.2131 13.18686060233818
ONEWEB-0395             
1 50475U 21132G   26260.33368480  .00000031  00000+0  53016-4 0  9993
2 50475  87.8968   2.7463 0001635 103.8982 256.2328 13.11419554227796
ONEWEB-0396             
1 50476U 21132H   26260.20545543  .00000055  00000+0  10774-3 0  9996
2 50476  87.9166 317.1742 0002115 101.2227 258.9143 13.18687183233769
ONEWEB-0397             
1 50477U 21132J   26260.22063705 -.00000065  00000+0 -19651-3 0  9990
2 50477  87.9165 317.1717 0002172  99.4188 260.7190 13.18685469233744
ONEWEB-0398             
1 50478U 21132K   26260.53022212 -.00000097  00000+0 -31013-3 0  9994
2 50478  87.8978   2.7053 0001414 105.3102 254.8183 13.11414724227710
ONEWEB-0399             
1 50479U 21132L   26260.51666315  .00000363  00000+0  98894-3 0  9995
2 50479  87.8971   2.7144 0002206 110.7202 249.4162 13.11416124227708
ONEWEB-0400             
1 50480U 21132M   26260.42634236  .00000037  00000+0  61791-4 0  9999
2 50480  87.9167 317.1219 0001900  99.3470 260.7877 13.18685840233765
ONEWEB-0401             
1 50481U 21132N   26260.39598474  .00000001  00000+0 -29693-4 0  9996
2 50481  87.9173 317.1261 0002128  93.5701 266.5675 13.18684871233769
ONEWEB-0402             
1 50482U 21132P   26260.89001626  .00000534  00000+0  13218-2 0  9994
2 50482  87.9166 317.0154 0002501  90.4154 269.7265 13.18690850233859
ONEWEB-0403             
1 50483U 21132Q   26260.23241334 -.00000859  00000+0 -22115-2 0  9993
2 50483  87.9160 317.1693 0002110 102.0362 258.1006 13.18689959233729
ONEWEB-0404             
1 50484U 21132R   26260.34541918  .00000452  00000+0  12407-2 0  9997
2 50484  87.8971   2.7471 0001907 110.7611 249.3721 13.11418469227779
ONEWEB-0405             
1 50485U 21132S   26260.17004717  .00000043  00000+0  77366-4 0  9993
2 50485  87.9174 317.1700 0001517  97.9157 262.2147 13.18686853234115
ONEWEB-0406             
1 50486U 21132T   26260.16161618  .00000055  00000+0  10548-3 0  9998
2 50486  87.9169 317.1827 0002129 111.5152 248.6207 13.18687398233746
ONEWEB-0407             
1 50487U 21132U   26260.45836635 -.00000026  00000+0 -97719-4 0  9995
2 50487  87.9174 317.1197 0001908  91.9057 268.2294 13.18687188233721
ONEWEB-0409             
1 50488U 21132V   26260.26742482  .00000416  00000+0  11392-2 0  9993
2 50488  87.8973   2.7543 0001765 110.1130 250.0188 13.11418500227656
ONEWEB-0412             
1 50489U 21132W   26260.44657707  .00000005  00000+0 -19492-4 0  9995
2 50489  87.9161 317.1262 0002196  93.7476 266.3908 13.18686192233812
ONEWEB-0413             
1 50490U 21132X   26260.22397503 -.00000091  00000+0 -26401-3 0  9991
2 50490  87.9173 317.1691 0002095  90.2624 269.8749 13.18687054233727
ONEWEB-0414             
1 50491U 21132Y   26260.20882738  .00000034  00000+0  53467-4 0  9997
2 50491  87.9169 317.1578 0002139  97.6569 262.4806 13.18686589233753
ONEWEB-0417             
1 50492U 21132Z   26260.21724214 -.00000004  00000+0 -44014-4 0  9990
2 50492  87.9167 317.1703 0001956 105.4437 254.6911 13.18687544233730
ONEWEB-0418             
1 50493U 21132AA  26260.45486054 -.00000035  00000+0 -12274-3 0  9990
2 50493  87.9169 317.1247 0001979 109.7997 250.3349 13.18687096233829
ONEWEB-0419             
1 50494U 21132AB  26260.94405840 -.00000021  00000+0 -87303-4 0  9990
2 50494  87.9171 317.0375 0001798 103.9759 256.1572 13.17085979233806
ONEWEB-0420             
1 50495U 21132AC  26260.21051095  .00000130  00000+0  29763-3 0  9994
2 50495  87.9153 317.1716 0001866  92.6514 267.4832 13.18687306233702
ONEWEB-0421             
1 50496U 21132AD  26260.43140013  .00000006  00000+0 -18514-4 0  9994
2 50496  87.9178 317.1276 0002372  97.5806 262.5596 13.18687357233778
ONEWEB-0424             
1 50497U 21132AE  26260.16498828  .00000024  00000+0  28263-4 0  9996
2 50497  87.9162 317.1821 0001583 102.6827 257.4482 13.18686412233769
ONEWEB-0426             
1 50498U 21132AF  26260.42119060 -.00000261  00000+0 -69482-3 0  9996
2 50498  87.9171 317.1203 0002550 110.6279 249.5127 13.18685769233749
ONEWEB-0427             
1 50499U 21132AG  26260.92206957 -.00000063  00000+0 -19282-3 0  9997
2 50499  87.9167 317.0135 0002103 104.5985 255.5381 13.18686055233836
ONEWEB-0429             
1 50500U 21132AH  26260.22566725  .00000025  00000+0  30271-4 0  9993
2 50500  87.9160 317.1697 0001921  93.5551 266.5801 13.18687799233711
ONEWEB-0430             
1 50501U 21132AJ  26260.21387235  .00000004  00000+0 -22800-4 0  9997
2 50501  87.9159 317.1710 0001826  90.9211 269.2130 13.18687140233753
ONEWEB-0432             
1 50502U 21132AK  26260.19688504  .00000031  00000+0  45261-4 0  9993
2 50502  87.9171 317.1652 0001490  95.4575 264.6727 13.18686429233708
ONEWEB-0440             
1 50503U 21132AL  26260.91698096  .00000077  00000+0  16245-3 0  9990
2 50503  87.9166 317.0326 0002129  92.9847 267.1529 13.18687437233791
ONEWEB-0450             
1 50504U 21132AM  26260.15163439  .00000017  00000+0  95344-5 0  9998
2 50504  87.9178 317.1825 0001902  92.9474 267.1876 13.18687479233728
ONEWEB-0410             
1 51622U 22012A   26260.25190586  .00000020  00000+0  18532-4 0  9999
2 51622  87.9203 347.5807 0002765 126.3499 233.7888 13.17651557225824
ONEWEB-0411             
1 51623U 22012B   26260.32954887  .00000482  00000+0  13446-2 0  9999
2 51623  87.8887  17.9271 0001325  88.0354 272.0925 13.10370201221359
ONEWEB-0415             
1 51624U 22012C   26260.55523612  .00000469  00000+0  13061-2 0  9991
2 51624  87.8921  17.8791 0001448 108.2111 251.9175 13.10370216221389
ONEWEB-0416             
1 51625U 22012D   26260.56711908  .00000114  00000+0  28924-3 0  9992
2 51625  87.8898  17.8885 0001376 108.9154 251.2122 13.10369478221429
ONEWEB-0422             
1 51626U 22012E   26260.26203967  .00000054  00000+0  10483-3 0  9995
2 51626  87.9209 347.5767 0002110  83.8365 276.3007 13.17648376225935
ONEWEB-0423             
1 51627U 22012F   26260.48310145 -.00000005  00000+0 -46812-4 0  9991
2 51627  87.9206 347.5364 0001971 103.0191 257.1161 13.17648471225857
ONEWEB-0425             
1 51628U 22012G   26260.80635060 -.00000409  00000+0 -12082-2 0  9992
2 51628  87.8906  17.8283 0001930 113.7117 246.4213 13.10369578221454
ONEWEB-0428             
1 51629U 22012H   26260.55694778  .00000592  00000+0  16590-2 0  9995
2 51629  87.8903  17.8810 0001798 101.1903 258.9427 13.10371669221385
ONEWEB-0431             
1 51630U 22012J   26260.37351538 -.00000130  00000+0 -40969-3 0  9999
2 51630  87.8907  17.9144 0001237  86.2641 273.8628 13.10376700221416
ONEWEB-0434             
1 51631U 22012K   26260.35174256 -.00000500  00000+0 -14680-2 0  9999
2 51631  87.8901  17.9447 0002174 116.7017 243.4334 13.10371202221390
ONEWEB-0435             
1 51632U 22012L   26260.58745643 -.00000618  00000+0 -18075-2 0  9991
2 51632  87.8902  17.8792 0001738  89.3592 270.7735 13.10373791221418
ONEWEB-0436             
1 51633U 22012M   26260.47466807  .00000024  00000+0  28597-4 0  9993
2 51633  87.9219 347.5265 0002012  94.6580 265.4782 13.17649860225834
ONEWEB-0438             
1 51634U 22012N   26260.64858764 -.00000141  00000+0 -44124-3 0  9995
2 51634  87.8899  17.8708 0001852 106.9212 253.2119 13.10389607221453
ONEWEB-0439             
1 51635U 22012P   26260.34650943 -.00000319  00000+0 -95088-3 0  9994
2 51635  87.8898  17.9204 0001824 102.8191 257.3141 13.10370483221390
ONEWEB-0442             
1 51636U 22012Q   26260.23925892  .00000096  00000+0  21412-3 0  9991
2 51636  87.9199 347.5981 0002153 116.3837 243.7516 13.17650983225799
ONEWEB-0443             
1 51637U 22012R   26260.25866041  .00000058  00000+0  11644-3 0  9998
2 51637  87.9198 347.5943 0002216  98.5972 261.5411 13.17650948225847
ONEWEB-0444             
1 51638U 22012S   26260.56540810  .00000374  00000+0  10339-2 0  9996
2 51638  87.8902  17.8760 0001944  98.6844 261.4503 13.10370666221431
ONEWEB-0445             
1 51639U 22012T   26260.58575476 -.00000656  00000+0 -19161-2 0  9992
2 51639  87.8910  17.8648 0001612 104.0725 256.0582 13.10371285221444
ONEWEB-0446             
1 51640U 22012U   26260.41099756  .00000301  00000+0  82663-3 0  9991
2 51640  87.8890  17.9200 0001823 116.7428 243.3886 13.10369545221400
ONEWEB-0448             
1 51641U 22012V   26260.56881177  .00000039  00000+0  76623-4 0  9992
2 51641  87.8919  17.8847 0001729 102.7844 257.3476 13.10369299221395
ONEWEB-0449             
1 51642U 22012W   26260.34480134 -.00000272  00000+0 -81625-3 0  9995
2 51642  87.8900  17.9204 0001856 117.8163 242.3153 13.10368952221375
ONEWEB-0451             
1 51643U 22012X   26260.31941482  .00000041  00000+0  72019-4 0  9991
2 51643  87.9214 347.5558 0002017 105.7899 254.3455 13.17648910225791
ONEWEB-0452             
1 51644U 22012Y   26260.54554538  .00000071  00000+0  14933-3 0  9992
2 51644  87.9200 347.5375 0002259 104.2694 255.8689 13.17648290225830
ONEWEB-0456             
1 51646U 22012AA  26260.35329186 -.00000572  00000+0 -16738-2 0  9994
2 51646  87.8906  17.9120 0001807  95.4028 264.7306 13.10372514221411
ONEWEB-0457             
1 51647U 22012AB  26260.33110992  .00000415  00000+0  11533-2 0  9998
2 51647  87.8898  17.9263 0001527 112.6792 247.4497 13.10371090221416
ONEWEB-0458             
1 51648U 22012AC  26258.05143825 -.00007879  00000+0 -22150-1 0  9995
2 51648  87.8897  18.3619 0000344 126.7082 233.4078 13.11833582221072
ONEWEB-0461             
1 51649U 22012AD  26260.33966497  .00000015  00000+0  45641-5 0  9995
2 51649  87.9202 347.5622 0001771 104.1064 256.0265 13.17650306226026
ONEWEB-0463             
1 51650U 22012AE  26260.32109983  .00000005  00000+0 -19019-4 0  9994
2 51650  87.9200 347.5823 0001732 102.7968 257.3357 13.17650639225803
ONEWEB-0464             
1 51651U 22012AF  26260.34990117 -.00000540  00000+0 -15819-2 0  9991
2 51651  87.8895  17.9295 0002001  95.9377 264.1978 13.10371015221397
ONEWEB-0468             
1 51652U 22012AG  26260.27863450 -.00000599  00000+0 -17525-2 0  9993
2 51652  87.8889  17.9362 0001902  95.1213 265.0131 13.10372617221363
ONEWEB-0473             
1 51653U 22012AH  26260.57049292 -.00000059  00000+0 -20573-3 0  9996
2 51653  87.8892  17.8800 0001691  99.0590 261.0729 13.10369523221406
ONEWEB-0474             
1 51654U 22012AJ  26260.56203226  .00000388  00000+0  10746-2 0  9998
2 51654  87.8905  17.8755 0001889  97.1959 262.9383 13.10372610221393
ONEWEB-0475             
1 51655U 22012AK  26260.25698964  .00000095  00000+0  21238-3 0  9996
2 51655  87.9208 347.5898 0002378  90.6310 269.5094 13.17649409225818
ONEWEB-0490             
1 54113U 22138A   26260.10033722  .00000023  00000+0  25606-4 0  9991
2 54113  87.9111 286.6581 0001928  86.4047 273.7306 13.19723404188951
ONEWEB-0492             
1 54114U 22138B   26260.35307636  .00000010  00000+0 -82408-5 0  9998
2 54114  87.9113 286.6071 0001772  87.6444 272.4892 13.19726771188999
ONEWEB-0495             
1 54115U 22138C   26260.86168938  .00000023  00000+0  24281-4 0  9992
2 54115  87.9107 286.5056 0002096  73.9866 286.1498 13.19725273189048
ONEWEB-0497             
1 54116U 22138D   26260.34359890  .00000027  00000+0  35151-4 0  9997
2 54116  87.9113 286.6071 0001930  89.9054 270.2300 13.19726136188961
ONEWEB-0499             
1 54117U 22138E   26260.85771838  .00000009  00000+0 -99964-5 0  9998
2 54117  87.9115 286.5078 0002038  86.4298 273.7068 13.19723041189043
ONEWEB-0500             
1 54118U 22138F   26260.10192159  .00000053  00000+0  10071-3 0  9998
2 54118  87.9111 286.6573 0001830  90.0761 270.0582 13.19721387188957
ONEWEB-0501             
1 54119U 22138G   26260.35940416  .00000088  00000+0  18820-3 0  9991
2 54119  87.9091 286.6052 0002151  78.4589 281.6785 13.19726327188965
ONEWEB-0502             
1 54120U 22138H   26260.34516942  .00000071  00000+0  14400-3 0  9997
2 54120  87.9116 286.6002 0002088  86.9801 273.1571 13.19726696188980
ONEWEB-0503             
1 54121U 22138J   26260.10666088  .00000023  00000+0  24443-4 0  9995
2 54121  87.9114 286.6543 0002167  96.4428 263.6951 13.19726777188940
ONEWEB-0504             
1 54122U 22138K   26260.09404694  .00000085  00000+0  17976-3 0  9997
2 54122  87.9112 286.6595 0002115  87.3451 272.7924 13.19725947188954
ONEWEB-0505             
1 54123U 22138L   26260.09088589  .00000013  00000+0 -96753-6 0  9994
2 54123  87.9113 286.6591 0002134  80.5779 279.5595 13.19726492188934
ONEWEB-0506             
1 54124U 22138M   26260.97541856  .00000013  00000+0 -36126-6 0  9991
2 54124  87.9110 286.4830 0001996  83.5351 276.6009 13.19725573189040
ONEWEB-0507             
1 54125U 22138N   26260.08613464  .00000035  00000+0  54980-4 0  9998
2 54125  87.9105 286.6647 0001950  86.1384 273.9971 13.19726800188971
ONEWEB-0508             
1 54126U 22138P   26260.08296388  .00000043  00000+0  75231-4 0  9992
2 54126  87.9106 286.6650 0001950  82.5905 277.5450 13.19724013188950
ONEWEB-0509             
1 54127U 22138Q   26260.13351854 -.00000100  00000+0 -28305-3 0  9994
2 54127  87.9115 286.6528 0001823  89.2935 270.8407 13.19724110188935
ONEWEB-0510             
1 54128U 22138R   26260.40377539  .00000051  00000+0  93854-4 0  9998
2 54128  87.9141 256.0394 0001985 100.4824 259.6533 13.20770097191452
ONEWEB-0511             
1 54129U 22138S   26260.35780298  .00000042  00000+0  73240-4 0  9990
2 54129  87.9107 286.6067 0002217  92.3640 267.7747 13.19724318188990
ONEWEB-0512             
1 54130U 22138T   26260.34990378  .00000047  00000+0  85372-4 0  9997
2 54130  87.9109 286.6093 0002086  84.2843 275.8527 13.19723613188962
ONEWEB-0513             
1 54131U 22138U   26260.31772596  .00000021  00000+0  19268-4 0  9998
2 54131  87.9112 286.5469 0002676  78.7533 281.3900 13.20260683188874
ONEWEB-0514             
1 54132U 22138V   26260.06243264 -.00000010  00000+0 -57180-4 0  9991
2 54132  87.9110 286.6658 0001939  96.2758 263.8595 13.19726785188940
ONEWEB-0515             
1 54133U 22138W   26260.92062526  .00000059  00000+0  11237-3 0  9990
2 54133  87.9152 255.9334 0001286 104.9857 255.1419 13.20771150191546
ONEWEB-0516             
1 54134U 22138X   26260.11298923 -.00000005  00000+0 -43764-4 0  9998
2 54134  87.9108 286.6572 0001819  88.3199 271.8142 13.19725417188951
ONEWEB-0517             
1 54135U 22138Y   26260.31992009  .00000102  00000+0  22122-3 0  9997
2 54135  87.9118 286.6135 0002182  96.7876 263.3505 13.19726027188987
ONEWEB-0518             
1 54136U 22138Z   26260.33885083  .00000064  00000+0  12748-3 0  9993
2 54136  87.9110 286.6135 0001751  88.9233 271.2100 13.19724040188983
ONEWEB-0519             
1 54137U 22138AA  26260.36413120  .00000008  00000+0 -11171-4 0  9995
2 54137  87.9106 286.6051 0002080  97.6044 262.5325 13.19726139188993
ONEWEB-0520             
1 54138U 22138AB  26260.85379376  .00000096  00000+0  20833-3 0  9994
2 54138  87.9114 286.5083 0001952  84.4771 275.6585 13.19725404189049
ONEWEB-0521             
1 54139U 22138AC  26260.43206200  .00000023  00000+0  26266-4 0  9991
2 54139  87.9117 286.5846 0002102  98.1779 261.9592 13.19725455188937
ONEWEB-0522             
1 54140U 22138AD  26259.88080476 -.00000009  00000+0 -55173-4 0  9990
2 54140  87.9115 286.6968 0002041  89.7918 270.3449 13.19726473188909
ONEWEB-0523             
1 54141U 22138AE  26260.98290252 -.00000030  00000+0 -10452-3 0  9993
2 54141  87.9139 255.9297 0001869 112.1140 248.0192 13.20772747191554
ONEWEB-0524             
1 54142U 22138AF  26260.97279670 -.00000090  00000+0 -25398-3 0  9995
2 54142  87.9140 255.9277 0001124  96.1126 264.0135 13.20772606191553
ONEWEB-0525             
1 54143U 22138AG  26260.12719460 -.00000042  00000+0 -13818-3 0  9990
2 54143  87.9112 286.6527 0001899  81.1979 278.9369 13.19723590188950
ONEWEB-0526             
1 54144U 22138AH  26260.31200065 -.00000033  00000+0 -11585-3 0  9997
2 54144  87.9112 286.6158 0001829  89.4157 270.7185 13.19723935188952
ONEWEB-0529             
1 54145U 22138AJ  26260.31517383  .00000017  00000+0  11333-4 0  9994
2 54145  87.9108 286.6184 0001915  86.0554 274.0798 13.19725853188977
ONEWEB-0531             
1 54146U 22138AK  26260.42904401  .00000013  00000+0  46886-6 0  9997
2 54146  87.9139 256.0340 0001812 105.5158 254.6176 13.20772724191485
ONEWEB-0535             
1 54147U 22138AL  26260.12089410  .00000009  00000+0 -93310-5 0  9998
2 54147  87.9119 286.6491 0001958 101.9627 258.1726 13.19726516188967
ONEWEB-0536             
1 54148U 22138AM  26260.94585837  .00000016  00000+0  68823-5 0  9991
2 54148  87.9142 255.9453 0001400 116.6030 243.5247 13.20772489191540
ONEWEB-0527             
1 54642U 22166A   26260.37487319  .00000053  00000+0  97891-4 0  9991
2 54642  87.9269 225.6439 0002085  74.0902 286.0462 13.21825987183716
ONEWEB-0528             
1 54643U 22166B   26260.67849534  .00000043  00000+0  72172-4 0  9990
2 54643  87.9274 225.5871 0002043  74.9777 285.1583 13.21825899183766
ONEWEB-0539             
1 54644U 22166C   26260.86773614  .00000041  00000+0  68836-4 0  9997
2 54644  87.9279 225.5275 0002257  82.2161 277.9229 13.21826762183784
ONEWEB-0540             
1 54645U 22166D   26260.64750790 -.00000079  00000+0 -22172-3 0  9999
2 54645  87.9267 225.5952 0002101  83.5644 276.5729 13.21823645183745
ONEWEB-0542             
1 54646U 22166E   26260.87781892  .00000736  00000+0  17510-2 0  9999
2 54646  87.9278 225.5264 0002505  82.4419 277.6999 13.21833805183784
ONEWEB-0545             
1 54647U 22166F   26260.38832137  .00000037  00000+0  57457-4 0  9995
2 54647  87.9276 225.6272 0002480  93.2992 266.8426 13.21826889183689
ONEWEB-0580             
1 54648U 22166G   26260.66588540  .00000014  00000+0  22938-5 0  9995
2 54648  87.9275 225.5717 0002268  89.8891 270.2503 13.21824605183763
ONEWEB-0582             
1 54649U 22166H   26260.85931567  .00000077  00000+0  15483-3 0  9992
2 54649  87.9277 225.5281 0002495  87.5369 272.6050 13.21827801183763
ONEWEB-0583             
1 54650U 22166J   26260.87110270  .00000056  00000+0  10310-3 0  9997
2 54650  87.9273 225.5468 0002168  82.2734 277.8646 13.21824806183774
ONEWEB-0584             
1 54651U 22166K   26260.89128284 -.00000007  00000+0 -47668-4 0  9999
2 54651  87.9274 225.5260 0002139  82.4143 277.7234 13.21824403183764
ONEWEB-0585             
1 54652U 22166L   26260.61203673  .00000115  00000+0  24681-3 0  9993
2 54652  87.9285 225.5739 0001921  75.6236 284.5111 13.21828031183731
ONEWEB-0586             
1 54653U 22166M   26260.39842447  .00000063  00000+0  12108-3 0  9990
2 54653  87.9275 225.6393 0002299  86.0873 274.0523 13.21824657183708
ONEWEB-0587             
1 54654U 22166N   26260.86269783  .00000105  00000+0  22261-3 0  9997
2 54654  87.9284 225.5297 0001815  74.6445 285.4889 13.21826265183924
ONEWEB-0589             
1 54655U 22166P   26260.62214776  .00000086  00000+0  17683-3 0  9994
2 54655  87.9273 225.5779 0002702  94.9060 265.2383 13.21826513183754
ONEWEB-0590             
1 54656U 22166Q   26260.87432366  .00000055  00000+0  10107-3 0  9999
2 54656  87.9277 225.5278 0001826  90.2442 269.8901 13.21824615183771
ONEWEB-0591             
1 54657U 22166R   26260.88623793 -.00000009  00000+0 -52309-4 0  9999
2 54657  87.9273 225.5310 0002055  82.5082 277.6286 13.21826963183809
ONEWEB-0592             
1 54658U 22166S   26260.88959353 -.00000009  00000+0 -53389-4 0  9993
2 54658  87.9277 225.5171 0002087  81.1279 279.0091 13.21824006183689
ONEWEB-0593             
1 54659U 22166T   26260.60869042  .00000096  00000+0  20108-3 0  9995
2 54659  87.9277 225.5797 0002187  81.1898 278.9484 13.21826374183754
ONEWEB-0594             
1 54660U 22166U   26260.85594629 -.00000174  00000+0 -45203-3 0  9992
2 54660  87.9276 225.5440 0001992  76.1291 284.0064 13.21825181183807
ONEWEB-0595             
1 54661U 22166V   26260.37823431  .00000099  00000+0  20793-3 0  9997
2 54661  87.9278 225.6271 0001843  78.3919 281.7422 13.21826456183717
ONEWEB-0596             
1 54662U 22166W   26260.88285671 -.00000009  00000+0 -53307-4 0  9993
2 54662  87.9272 225.5322 0001961  79.3102 280.8253 13.21827612183788
ONEWEB-0597             
1 54663U 22166X   26260.63728847  .00000071  00000+0  13944-3 0  9993
2 54663  87.9271 225.5827 0002152  82.7894 277.3485 13.21826472183755
ONEWEB-0600             
1 54664U 22166Y   26260.39169167  .00000155  00000+0  34457-3 0  9996
2 54664  87.9270 225.6237 0002246  78.0323 282.1063 13.21826531183695
ONEWEB-0601             
1 54665U 22166Z   26260.38328828  .00000128  00000+0  27930-3 0  9995
2 54665  87.9270 225.6402 0002320  85.1259 275.0140 13.21825297183886
ONEWEB-0602             
1 54666U 22166AA  26260.87865384 -.00000301  00000+0 -76034-3 0  9997
2 54666  87.9273 225.5469 0002284  76.5520 283.5868 13.21825282183791
ONEWEB-0603             
1 54667U 22166AB  26260.88455116  .00000517  00000+0  12211-2 0  9990
2 54667  87.9266 225.5109 0002279  80.9089 279.2303 13.21827953183724
ONEWEB-0604             
1 54668U 22166AC  26260.64569229 -.00000017  00000+0 -73710-4 0  9996
2 54668  87.9274 225.5742 0002036  78.7198 281.4165 13.21826811183659
ONEWEB-0605             
1 54669U 22166AD  26260.86604699  .00000063  00000+0  12173-3 0  9996
2 54669  87.9275 225.5376 0002223  96.3538 263.7850 13.21824255183751
ONEWEB-0606             
1 54670U 22166AE  26260.88791778  .00000071  00000+0  14064-3 0  9995
2 54670  87.9277 225.5451 0002080  78.4541 281.6826 13.21825389183813
ONEWEB-0607             
1 54671U 22166AF  26260.85426851  .00000058  00000+0  10962-3 0  9998
2 54671  87.9276 225.5294 0002085  82.5681 277.5689 13.21825776183781
ONEWEB-0608             
1 54672U 22166AG  26260.86100098  .00000118  00000+0  25304-3 0  9995
2 54672  87.9280 225.5279 0002440  90.4215 269.7198 13.21827466183793
ONEWEB-0610             
1 54673U 22166AH  26260.38664676  .00000117  00000+0  25294-3 0  9997
2 54673  87.9271 225.6268 0002653  87.9378 272.2060 13.21826654183638
ONEWEB-0611             
1 54674U 22166AJ  26260.37990272  .00000052  00000+0  93333-4 0  9999
2 54674  87.9273 225.6254 0001895  78.6237 281.5110 13.21827552183620
ONEWEB-0612             
1 54675U 22166AK  26260.62046220  .00000032  00000+0  46610-4 0  9997
2 54675  87.9249 225.5801 0002291  82.7703 277.3691 13.21826295183648
ONEWEB-0615             
1 54676U 22166AL  26260.67596268  .00000009  00000+0 -87746-5 0  9996
2 54676  87.9271 225.5764 0002008  74.2879 285.8476 13.21824539183664
ONEWEB-0655             
1 54677U 22166AM  26260.87951693  .00000073  00000+0  14445-3 0  9990
2 54677  87.9276 225.5361 0002169  77.6449 282.4927 13.21826317183683
ONEWEB-0659             
1 54678U 22166AN  26260.36645795 -.00000875  00000+0 -21503-2 0  9992
2 54678  87.9281 225.6389 0001894  86.4320 273.7031 13.21820673183702
ONEWEB-0685             
1 54679U 22166AP  26260.83643707  .00000083  00000+0  16619-3 0  9998
2 54679  87.9267 225.5057 0002155  97.7012 262.4367 13.23188092183668
ONEWEB-0712             
1 54680U 22166AQ  26260.62432201  .00000107  00000+0  24670-3 0  9995
2 54680  87.9148 210.4220 0002398  71.4626 288.6766 13.16593351184228
ONEWEB-0714             
1 54681U 22166AR  26260.59859710  .00000044  00000+0  75951-4 0  9999
2 54681  87.9279 225.5828 0002213  74.0582 286.0796 13.21826560183749
ONEWEB-0532             
1 55140U 23004A   26260.59868330  .00000047  00000+0  88724-4 0  9995
2 55140  87.9199 347.5119 0001754 110.7771 249.3549 13.17651835179756
ONEWEB-0533             
1 55141U 23004B   26260.24696000 -.00000030  00000+0 -11873-3 0  9995
2 55141  87.8959 332.3921 0002099 106.2865 253.8495 13.12444117180132
ONEWEB-0541             
1 55142U 23004C   26260.34881616  .00000496  00000+0  13630-2 0  9992
2 55142  87.8971   2.7410 0001533 104.1933 255.9365 13.11419835178025
ONEWEB-0543             
1 55143U 23004D   26260.42964381  .00011297  00000+0  28561-1 0  9992
2 55143  87.9189 317.1385 0002087 101.5982 258.5384 13.18745993181851
ONEWEB-0544             
1 55144U 23004E   26260.19532042  .00000548  00000+0  13567-2 0  9990
2 55144  87.9151 317.1842 0002000  94.6550 265.4811 13.18691147181827
ONEWEB-0560             
1 55145U 23004F   26260.18859603  .00000078  00000+0  16455-3 0  9993
2 55145  87.9161 317.1751 0001797  89.8233 270.3105 13.18686637181834
ONEWEB-0565             
1 55146U 23004G   26260.40945442  .00000006  00000+0 -16375-4 0  9990
2 55146  87.9154 317.1507 0001543 100.1841 259.9466 13.18684954181852
ONEWEB-0567             
1 55147U 23004H   26260.40273465  .00000085  00000+0  18213-3 0  9998
2 55147  87.9165 317.1441 0001593  95.8819 264.2495 13.18687193181851
ONEWEB-0569             
1 55148U 23004J   26260.41155186  .00000234  00000+0  60521-3 0  9994
2 55148  87.8917 301.8766 0001629  68.5349 291.5953 13.13470613182283
ONEWEB-0570             
1 55149U 23004K   26260.39430092  .00000036  00000+0  58639-4 0  9992
2 55149  87.9165 317.1428 0001939 112.9886 247.1451 13.18687087181840
ONEWEB-0571             
1 55150U 23004L   26260.15992839  .00000046  00000+0  83027-4 0  9990
2 55150  87.9157 317.1887 0000764  75.8938 284.2280 13.18686868181828
ONEWEB-0572             
1 55151U 23004M   26260.25022008  .00000250  00000+0  60952-3 0  9992
2 55151  87.9212 347.5837 0001584  96.1070 264.0242 13.17651101179605
ONEWEB-0573             
1 55152U 23004N   26260.15318120  .00000022  00000+0  23232-4 0  9993
2 55152  87.9159 317.1927 0001047  96.5496 263.5755 13.18686937181814
ONEWEB-0588             
1 55153U 23004P   26260.22231715  .00000070  00000+0  14454-3 0  9994
2 55153  87.9157 317.1774 0001639 112.3788 247.7518 13.18686005181829
ONEWEB-0598             
1 55154U 23004Q   26260.32676708 -.00000245  00000+0 -72570-3 0  9990
2 55154  87.8971   2.7508 0001205  85.7259 274.4007 13.11419051177979
ONEWEB-0599             
1 55155U 23004R   26260.51515790  .00000076  00000+0  16277-3 0  9997
2 55155  87.9204 347.5297 0002031  95.0947 265.0416 13.17650722179645
ONEWEB-0614             
1 55156U 23004S   26260.55055826 -.00000469  00000+0 -13579-2 0  9990
2 55156  87.8951   2.7119 0001967 113.6124 246.5211 13.11416455177943
ONEWEB-0616             
1 55157U 23004T   26260.48140277  .00000068  00000+0  14143-3 0  9990
2 55157  87.9210 347.5408 0002314  79.1246 281.0146 13.17650953179854
ONEWEB-0617             
1 55158U 23004U   26260.53869947 -.00000447  00000+0 -12976-2 0  9993
2 55158  87.8971   2.7114 0001831 115.4221 244.7096 13.11415164177969
ONEWEB-0618             
1 55159U 23004V   26260.15751996  .00003766  00000+0  20606-3 0  9991
2 55159  86.9082 140.2865 0010490 322.7783  37.2729 15.13905274196173
ONEWEB-0619             
1 55160U 23004W   26260.28566266 -.00000003  00000+0 -41281-4 0  9997
2 55160  87.9210 347.5678 0002262 103.0084 257.1301 13.17650463179725
ONEWEB-0620             
1 55161U 23004X   26260.30471626 -.00000311  00000+0 -91441-3 0  9990
2 55161  87.8962   2.7602 0001551 101.7532 258.3770 13.11415378177908
ONEWEB-0621             
1 55162U 23004Y   26260.33184640 -.00000106  00000+0 -33392-3 0  9994
2 55162  87.8972   2.7518 0001959 107.0072 253.1271 13.11418651177889
ONEWEB-0622             
1 55163U 23004Z   26260.56582721  .00000126  00000+0  31857-3 0  9996
2 55163  87.8966   2.7068 0001822 129.0639 231.0651 13.11419356177908
ONEWEB-0623             
1 55164U 23004AA  26260.28060541  .00000002  00000+0 -29079-4 0  9995
2 55164  87.9203 347.5886 0002304 120.2788 239.8572 13.17649002179714
ONEWEB-0624             
1 55165U 23004AB  26260.25529356  .00000195  00000+0  50238-3 0  9999
2 55165  87.8982 332.2911 0001876 105.0094 255.1242 13.12931877180156
ONEWEB-0625             
1 55166U 23004AC  26260.19453264  .00000035  00000+0  58071-4 0  9994
2 55166  87.9200 347.6038 0001970  96.9441 263.1915 13.17647646179696
ONEWEB-0626             
1 55167U 23004AD  26260.26036245  .00000088  00000+0  19424-3 0  9995
2 55167  87.9204 347.5895 0001578  94.4400 265.6912 13.17649432179704
ONEWEB-0627             
1 55168U 23004AE  26260.47636158  .00000096  00000+0  21362-3 0  9991
2 55168  87.9210 347.5477 0002149 112.7978 247.3381 13.17649731179739
ONEWEB-0628             
1 55169U 23004AF  26260.95695806  .00000383  00000+0  10299-2 0  9995
2 55169  87.8979 332.2378 0002444 110.2188 249.9204 13.12442201180200
ONEWEB-0629             
1 55170U 23004AG  26260.51795425  .00000067  00000+0  13621-3 0  9999
2 55170  87.9202 347.5302 0002191 100.7462 259.3917 13.19250086179744
ONEWEB-0631             
1 55171U 23004AH  26260.21555152 -.00000067  00000+0 -20323-3 0  9997
2 55171  87.9171 317.1537 0001481 105.9926 254.1369 13.18684597181807
ONEWEB-0709             
1 55172U 23004AJ  26260.52344352  .00000173  00000+0  45177-3 0  9990
2 55172  87.8965   2.7193 0001001  83.2985 276.8257 13.11414138177979
ONEWEB-0710             
1 55173U 23004AK  26260.54216956  .00000051  00000+0  97663-4 0  9994
2 55173  87.9192 347.5250 0001952 105.7603 254.3744 13.17650011179746
ONEWEB-0711             
1 55174U 23004AL  26260.57091562  .00000412  00000+0  11256-2 0  9995
2 55174  87.8968   2.7007 0002083 121.6291 238.5041 13.11418113177946
ONEWEB-0713             
1 55175U 23004AM  26260.36067643  .00000475  00000+0  13048-2 0  9996
2 55175  87.8969   2.7448 0001884 112.8086 247.3241 13.11415734177901
ONEWEB-0715             
1 55176U 23004AN  26260.58448432  .00000615  00000+0  17004-2 0  9992
2 55176  87.8969   2.7004 0001149 102.4093 257.7163 13.11416898177974
ONEWEB-0716             
1 55177U 23004AP  26260.53542078  .00000055  00000+0  10821-3 0  9998
2 55177  87.9194 347.5296 0001973  95.2632 264.8725 13.17650189179741
ONEWEB-0717             
1 55178U 23004AQ  26260.51852929  .00000083  00000+0  17983-3 0  9993
2 55178  87.9206 347.5282 0001819 119.5406 240.5907 13.17650785179799
ONEWEB-0719             
1 55179U 23004AR  26260.52865369  .00000061  00000+0  12451-3 0  9998
2 55179  87.9220 347.5074 0002007  98.4454 261.6905 13.17649971179745
ONEWEB-0530             
1 55796U 23029A   26260.96774412  .00000008  00000+0 -13171-4 0  9999
2 55796  87.9129 255.9509 0002181  99.7785 260.3594 13.20773104173392
ONEWEB-0534             
1 55797U 23029B   26260.42567573  .00000033  00000+0  49971-4 0  9993
2 55797  87.9125 256.0614 0002031  85.8934 274.2431 13.20772284173329
ONEWEB-0556             
1 55798U 23029C   26260.43241724  .00000000  00000+0 -31460-4 0  9991
2 55798  87.9126 256.0583 0002906  85.1842 274.9623 13.20771890173320
ONEWEB-0562             
1 55799U 23029D   26260.41894833  .00000079  00000+0  16287-3 0  9999
2 55799  87.9133 256.0476 0002710 100.1779 259.9660 13.20771715173320
ONEWEB-0563             
1 55800U 23029E   26260.94417088  .00000039  00000+0  64602-4 0  9994
2 55800  87.9126 255.9676 0001998  81.7706 278.3654 13.20769316173384
ONEWEB-0564             
1 55801U 23029F   26260.40716521  .00000049  00000+0  88124-4 0  9996
2 55801  87.9133 256.0518 0002230  95.7391 264.3997 13.20771766173326
ONEWEB-0638             
1 55802U 23029G   26260.79968683  .00000152  00000+0  37588-3 0  9999
2 55802  87.8888 271.2721 0002476  92.6972 267.4441 13.14501423171567
ONEWEB-0639             
1 55803U 23029H   26260.37677635 -.00000110  00000+0 -30646-3 0  9992
2 55803  87.9081 286.6069 0002270  61.5154 298.6207 13.19726664171060
ONEWEB-0640             
1 55804U 23029J   26260.42755781 -.00000056  00000+0 -18587-3 0  9997
2 55804  87.8886 271.3361 0002530  89.5047 270.6373 13.14501609171530
ONEWEB-0641             
1 55805U 23029K   26260.14458237  .00004224  00000+0  10516-1 0  9994
2 55805  87.9183 286.6547 0001991  92.0569 268.0791 13.19713027171040
ONEWEB-0642             
1 55806U 23029L   26260.36729888 -.00000040  00000+0 -13248-3 0  9993
2 55806  87.9107 286.6107 0001629  67.2158 292.9147 13.19725306171061
ONEWEB-0643             
1 55807U 23029M   26260.39880632  .00000168  00000+0  41888-3 0  9992
2 55807  87.8886 271.3306 0001512  73.3341 286.7954 13.14501704171505
ONEWEB-0644             
1 55808U 23029N   26260.13511520 -.00000062  00000+0 -18611-3 0  9995
2 55808  87.9101 286.6571 0001740  84.0659 276.0672 13.19724785171032
ONEWEB-0645             
1 55809U 23029P   26260.08140856  .00000018  00000+0  11393-4 0  9990
2 55809  87.9107 286.6654 0002134  81.3020 278.8354 13.19725588171029
ONEWEB-0646             
1 55810U 23029Q   26260.85693445 -.00000046  00000+0 -14825-3 0  9999
2 55810  87.9106 286.5109 0001757  84.9818 275.1515 13.19726742171110
ONEWEB-0648             
1 55811U 23029R   26260.06217885 -.00000212  00000+0 -60695-3 0  9994
2 55811  87.8897 271.3808 0002233  67.4990 292.6376 13.14502508171466
ONEWEB-0649             
1 55812U 23029S   26260.35150489  .00000061  00000+0  11992-3 0  9999
2 55812  87.9109 286.6098 0001972  84.7349 275.4009 13.19724216171080
ONEWEB-0650             
1 55813U 23029T   26260.11929412 -.00000009  00000+0 -54085-4 0  9999
2 55813  87.9107 286.6582 0001706  73.8747 286.2573 13.19726750171028
ONEWEB-0652             
1 55814U 23029U   26260.42417405  .00000020  00000+0  19818-4 0  9994
2 55814  87.8897 271.3138 0001897  94.9645 265.1702 13.14501650171489
ONEWEB-0653             
1 55815U 23029V   26260.40895967  .00000194  00000+0  48847-3 0  9991
2 55815  87.8895 271.3154 0002023  93.3876 266.7485 13.14504368171515
ONEWEB-0654             
1 55816U 23029W   26260.40388959  .00000141  00000+0  34675-3 0  9996
2 55816  87.8893 271.3123 0002138 100.1235 260.0136 13.14503048171539
ONEWEB-0656             
1 55817U 23029X   26260.40040372  .00000068  00000+0  13416-3 0  9999
2 55817  87.9143 256.0368 0002123 100.4109 259.7263 13.20770174173325
ONEWEB-0657             
1 55818U 23029Y   26260.34203122  .00000093  00000+0  20028-3 0  9992
2 55818  87.9104 286.6128 0001841 115.8766 244.2557 13.19725041171066
ONEWEB-0658             
1 55819U 23029Z   26260.10984162 -.00000025  00000+0 -93984-4 0  9996
2 55819  87.9114 286.6429 0001713  81.9214 278.2113 13.19725339171044
ONEWEB-0660             
1 55820U 23029AA  26260.07742417 -.00000056  00000+0 -18661-3 0  9991
2 55820  87.8898 271.3776 0002072  85.7383 274.3984 13.14504554171477
ONEWEB-0661             
1 55821U 23029AB  26260.41572414  .00000250  00000+0  63925-3 0  9995
2 55821  87.8890 271.3403 0002176  87.8023 272.3356 13.14501781171500
ONEWEB-0662             
1 55822U 23029AC  26260.83175381  .00003707  00000+0  99553-2 0  9999
2 55822  87.8878 271.2647 0002699  83.3178 276.8259 13.14545343171602
ONEWEB-0663             
1 55823U 23029AD  26260.95735153 -.00000011  00000+0 -57865-4 0  9991
2 55823  87.9145 255.9942 0002091  74.4145 285.7219 13.20874513173393
ONEWEB-0664             
1 55824U 23029AE  26260.38698046  .00000119  00000+0  26174-3 0  9993
2 55824  87.9129 256.0805 0002312  87.8064 272.3334 13.20775057173315
ONEWEB-0665             
1 55825U 23029AF  26260.41319188  .00000174  00000+0  43379-3 0  9992
2 55825  87.8894 271.3242 0002007  83.7845 276.3514 13.14502590171520
ONEWEB-0666             
1 55826U 23029AG  26260.75900391  .00000043  00000+0  72682-4 0  9997
2 55826  87.9127 255.9958 0001552 107.1648 252.9655 13.20773039173375
ONEWEB-0667             
1 55827U 23029AH  26260.37518452 -.00000172  00000+0 -45408-3 0  9999
2 55827  87.9133 256.0431 0002323  86.8619 273.2781 13.20776395173317
ONEWEB-0669             
1 55828U 23029AJ  26260.06709189 -.00000030  00000+0 -10486-3 0  9996
2 55828  87.9137 256.1119 0002345 101.3885 258.7512 13.20772900173271
ONEWEB-0670             
1 55829U 23029AK  26260.39204670  .00000087  00000+0  19914-3 0  9993
2 55829  87.8884 271.3428 0002291  90.2104 269.9289 13.14504028171542
ONEWEB-0671             
1 55830U 23029AL  26260.86325181 -.00000013  00000+0 -63850-4 0  9998
2 55830  87.9110 286.5099 0002081  88.4372 271.6999 13.19723856171121
ONEWEB-0672             
1 55831U 23029AM  26260.97112865 -.00000036  00000+0 -12125-3 0  9997
2 55831  87.9140 255.9248 0001920  95.3957 264.7396 13.20770307173398
ONEWEB-0673             
1 55832U 23029AN  26260.30964107  .00000005  00000+0 -20154-4 0  9996
2 55832  87.9112 286.6170 0002019  91.1389 268.9976 13.19725519171050
ONEWEB-0674             
1 55833U 23029AP  26260.96714663 -.00000040  00000+0 -14141-3 0  9997
2 55833  87.8899 271.2077 0002361  92.3696 267.7704 13.14501409171604
ONEWEB-0675             
1 55834U 23029AQ  26260.32465610  .00000044  00000+0  77221-4 0  9994
2 55834  87.9105 286.6191 0001662  95.6725 264.4597 13.19725970171076
ONEWEB-0720             
1 55835U 23029AR  26260.08930799  .00000092  00000+0  19778-3 0  9998
2 55835  87.9108 286.6659 0001903  83.8767 276.2583 13.19726065170961
ONEWEB-0537             
1 56046U 23043A   26260.37890661  .00000160  00000+0  38489-3 0  9990
2 56046  87.9145 210.4673 0001932  81.3326 278.8024 13.16592990171092
ONEWEB-0538             
1 56047U 23043B   26260.37257651  .00000116  00000+0  27051-3 0  9991
2 56047  87.9147 210.4711 0001805  73.2059 286.9270 13.16593698171101
ONEWEB-0546             
1 56048U 23043C   26260.28391119  .00000014  00000+0  31010-5 0  9999
2 56048  87.9149 210.4879 0001732  98.1170 262.0158 13.16595213171080
ONEWEB-0547             
1 56049U 23043D   26260.59774738 -.00000084  00000+0 -23585-3 0  9991
2 56049  87.9283 225.5819 0002057  76.3126 283.8237 13.21827275170430
ONEWEB-0548             
1 56050U 23043E   26260.84042183  .00000122  00000+0  28566-3 0  9998
2 56050  87.9149 210.3728 0002449  82.2651 277.8758 13.16593240171155
ONEWEB-0549             
1 56051U 23043F   26260.89463629 -.00000026  00000+0 -94656-4 0  9995
2 56051  87.9273 225.5241 0001711  75.5436 284.5887 13.21827698170474
ONEWEB-0550             
1 56052U 23043G   26260.88120620 -.00000027  00000+0 -96628-4 0  9998
2 56052  87.9276 225.5270 0002299  79.7754 280.3639 13.21826194170470
ONEWEB-0551             
1 56053U 23043H   26260.64095261  .00000139  00000+0  33442-3 0  9991
2 56053  87.8978 240.7891 0001794  75.1036 285.0293 13.15547959168555
ONEWEB-0552             
1 56054U 23043J   26260.72476374  .00000036  00000+0  54465-4 0  9994
2 56054  87.9274 225.5602 0002196  75.1932 284.9445 13.21826077170456
ONEWEB-0553             
1 56055U 23043K   26260.29024664  .00000000  00000+0 -33809-4 0  9999
2 56055  87.9151 210.4877 0001889  91.1560 268.9787 13.16595326171097
ONEWEB-0554             
1 56056U 23043L   26260.58156996  .00000035  00000+0  57682-4 0  9998
2 56056  87.9129 210.4367 0002502  81.8356 278.3058 13.16593571171118
ONEWEB-0555             
1 56057U 23043M   26260.61956758  .00000073  00000+0  15674-3 0  9993
2 56057  87.9150 210.4197 0001856  93.5148 266.6196 13.16593627171120
ONEWEB-0557             
1 56058U 23043N   26260.86180229  .00000187  00000+0  45601-3 0  9992
2 56058  87.9150 210.3819 0002988  97.6540 262.4930 13.16595835171155
ONEWEB-0558             
1 56059U 23043P   26260.41525035  .00000009  00000+0 -10828-4 0  9990
2 56059  87.9279 225.6187 0001790  76.6654 283.4680 13.21825488170428
ONEWEB-0559             
1 56060U 23043Q   26260.85763562  .00000068  00000+0  13241-3 0  9994
2 56060  87.9275 225.5284 0001976  74.3467 285.7885 13.21823952170499
ONEWEB-0566             
1 56061U 23043R   26260.39673974  .00000079  00000+0  15904-3 0  9991
2 56061  87.9276 225.6186 0001953  72.3150 287.8197 13.21826537170418
ONEWEB-0568             
1 56062U 23043S   26260.34723763  .00000001  00000+0 -30588-4 0  9991
2 56062  87.9150 210.4722 0001900  84.3049 275.8298 13.16595132171104
ONEWEB-0574             
1 56063U 23043T   26260.39001369  .00000163  00000+0  36199-3 0  9999
2 56063  87.9275 225.6250 0002208  83.9161 276.2225 13.21826130170452
ONEWEB-0575             
1 56064U 23043U   26260.56888878 -.00000575  00000+0 -15368-2 0  9990
2 56064  87.9154 210.4250 0002423  85.1247 275.0161 13.16596589171126
ONEWEB-0576             
1 56065U 23043V   26260.39790677  .00000151  00000+0  36032-3 0  9991
2 56065  87.9150 210.4686 0002124  82.9823 277.1549 13.16595475171091
ONEWEB-0577             
1 56066U 23043W   26260.40425456  .00000070  00000+0  14824-3 0  9999
2 56066  87.9156 210.4650 0003182  78.6902 281.4587 13.16592607171122
ONEWEB-0578             
1 56067U 23043X   26260.37655856  .00000046  00000+0  81047-4 0  9990
2 56067  87.9286 225.6235 0001954  89.8521 270.2837 13.21826050170413
ONEWEB-0579             
1 56068U 23043Y   26260.36815015  .00000028  00000+0  35924-4 0  9998
2 56068  87.9292 225.6251 0002212  79.3919 280.7464 13.21824776170428
ONEWEB-0581             
1 56069U 23043Z   26260.86656309  .00000092  00000+0  20815-3 0  9996
2 56069  87.9143 210.3791 0002587  81.6056 278.5368 13.16595140171150
ONEWEB-0609             
1 56070U 23043AA  26260.89525705 -.00000090  00000+0 -27275-3 0  9993
2 56070  87.8978 240.7224 0001932  83.5369 276.5982 13.15547556168621
ONEWEB-0613             
1 56071U 23043AB  26260.36048253 -.00000106  00000+0 -31514-3 0  9993
2 56071  87.8974 240.8416 0001968  76.4237 283.7113 13.15546994168559
ONEWEB-0630             
1 56072U 23043AC  26260.43179636 -.00000033  00000+0 -12198-3 0  9998
2 56072  87.8987 240.8054 0002033  77.7353 282.4005 13.15549042168552
ONEWEB-0632             
1 56073U 23043AD  26260.95944858  .00000019  00000+0  15594-4 0  9998
2 56073  87.8984 240.7129 0002212  86.1533 273.9850 13.15548343168629
ONEWEB-0633             
1 56074U 23043AE  26260.87704033  .00000100  00000+0  23285-3 0  9995
2 56074  87.8990 240.7129 0001878  73.6354 286.4982 13.15549224168596
ONEWEB-0634             
1 56075U 23043AF  26260.40643873  .00000229  00000+0  57527-3 0  9997
2 56075  87.8978 240.8396 0001719  90.5943 269.5385 13.15547761168522
ONEWEB-0635             
1 56076U 23043AG  26260.70591025  .00000150  00000+0  36504-3 0  9997
2 56076  87.8988 240.7501 0002248  87.4295 272.7092 13.15547421168595
ONEWEB-0636             
1 56077U 23043AH  26260.39375927  .00000221  00000+0  55218-3 0  9996
2 56077  87.8977 240.8158 0002164  86.7172 273.4206 13.15547302168533
ONEWEB-0637             
1 56078U 23043AJ  26260.91983553  .00000050  00000+0  99409-4 0  9996
2 56078  87.8977 240.7219 0002042  92.1776 267.9588 13.15547566168620
ONEWEB-0647             
1 56079U 23043AK  26260.38267814  .00000044  00000+0  81959-4 0  9997
2 56079  87.8978 240.8416 0002169  84.4764 275.6614 13.15547585168541
ONEWEB-0651             
1 56080U 23043AL  26260.91032088 -.00000023  00000+0 -94843-4 0  9996
2 56080  87.8977 240.7288 0002090  91.6832 268.4538 13.15548599169819
ONEWEB-0718             
1 56081U 23043AM  26260.37316138 -.00000016  00000+0 -76419-4 0  9999
2 56081  87.8987 240.8217 0001510  87.3194 272.8110 13.15548996168559
ONEWEB-0561             
1 56710U 23068A   26260.92397566  .00000022  00000+0  21040-4 0  9995
2 56710  87.9139 255.9431 0002294  86.4005 273.7391 13.20770198161746
ONEWEB-0668             
1 56711U 23068B   26260.84123180  .00000085  00000+0  18864-3 0  9994
2 56711  87.9151 210.3768 0001715  90.2420 269.8907 13.16594487163976
ONEWEB-0676             
1 56712U 23068C   26260.84914555  .00000146  00000+0  34827-3 0  9994
2 56712  87.9094 210.3817 0002350  83.7888 276.3511 13.16595913163899
ONEWEB-0677             
1 56713U 23068D   26260.38190658  .00000001  00000+0 -30503-4 0  9993
2 56713  87.9136 256.0431 0002179  96.8162 263.3220 13.20772325161974
ONEWEB-0678             
1 56714U 23068E   26260.41752639  .00000161  00000+0  39411-3 0  9993
2 56714  87.8984 240.8088 0002093  77.6096 282.5268 13.15548465161416
ONEWEB-0679             
1 56715U 23068F   26260.57998475 -.00000037  00000+0 -13026-3 0  9999
2 56715  87.9152 210.4259 0002058  93.3050 266.8316 13.16593978163886
ONEWEB-0680             
1 56716U 23068G   26260.59691978  .00000037  00000+0  58361-4 0  9990
2 56716  87.9282 225.5826 0001812  96.8397 263.2943 13.21826313163309
ONEWEB-0681             
1 56717U 23068H   26260.67017985  .00000024  00000+0  25803-4 0  9991
2 56717  87.9279 225.5745 0002938  87.5372 272.6098 13.21301248163306
ONEWEB-0682             
1 56718U 23068J   26260.89764062 -.00000177  00000+0 -50503-3 0  9996
2 56718  87.8997 240.7118 0001819  99.2611 260.8725 13.15547206161649
ONEWEB-0683             
1 56719U 23068K   26260.92140930  .00000040  00000+0  72346-4 0  9990
2 56719  87.8987 240.7098 0001776  88.7169 271.4165 13.15547946161613
ONEWEB-0684             
1 56720U 23068L   26260.39694062  .00000173  00000+0  42505-3 0  9993
2 56720  87.8987 240.8011 0002077  47.2211 312.9093 13.15548919161379
ONEWEB-0686             
1 56721U 23068M   26260.31241130  .00000155  00000+0  37107-3 0  9992
2 56721  87.9127 210.4938 0001705  75.2704 284.8616 13.16593868163838
ONEWEB-0694             
1 56722U 23068N   26260.39474760  .00000234  00000+0  57844-3 0  9996
2 56722  87.9149 210.4574 0001741  89.5347 270.5983 13.16595684163905
ONEWEB-0696             
1 56723U 23068P   26260.88655098 -.00000021  00000+0 -90690-4 0  9999
2 56723  87.8975 240.7353 0002258  73.1808 286.9570 13.15549199161559
ONEWEB-0703             
1 56724U 23068Q   26260.89605776 -.00000091  00000+0 -27577-3 0  9999
2 56724  87.8980 240.7177 0002720  71.9367 288.2059 13.15548184161448
ONEWEB-0721             
1 56725U 23068R   26260.67088879  .00000001  00000+0 -32581-4 0  9997
2 56725  86.6739  55.9656 0001676  93.5287 266.6038 13.22474660170167
ONEWEB-0015             
1 61594U 24188A   26260.32337255 -.00000382  00000+0 -11126-2 0  9991
2 61594  87.8966   2.7728 0002222 110.7439 249.3927 13.11418537 96533
ONEWEB-0687             
1 61595U 24188B   26260.49321760  .00000043  00000+0  78224-4 0  9990
2 61595  87.9209 347.5429 0001862 115.6670 244.4654 13.17651137 98056
ONEWEB-0688             
1 61596U 24188C   26260.29409259  .00000026  00000+0  33799-4 0  9998
2 61596  87.9205 347.5835 0002999 117.1650 242.9787 13.17650198 98024
ONEWEB-0689             
1 61597U 24188D   26260.35729150  .00000587  00000+0  16204-2 0  9993
2 61597  87.8969   2.7342 0001542 108.9360 251.1935 13.11416468 96538
ONEWEB-0690             
1 61598U 24188E   26260.29116739  .00000243  00000+0  65104-3 0  9993
2 61598  87.8966   2.7575 0002154  86.0825 274.0550 13.11414515 96703
ONEWEB-0691             
1 61599U 24188F   26260.28608475  .00000434  00000+0  11884-2 0  9993
2 61599  87.8979   2.6761 0002038 110.7053 249.4293 13.11414889 96550
ONEWEB-0692             
1 61600U 24188G   26260.53530533 -.00003826  00000+0 -10833-1 0  9995
2 61600  87.8957   2.7228 0001010  96.5488 263.5755 13.11431533 96577
ONEWEB-0693             
1 61601U 24188H   26260.30593159  .00000000  00000+0 -33021-4 0  9991
2 61601  87.9199 347.5949 0002384  86.7513 273.3891 13.17650895 98013
ONEWEB-0695             
1 61602U 24188J   26260.35898664  .00000576  00000+0  15905-2 0  9992
2 61602  87.8967   2.7492 0001258 108.1210 252.0055 13.11416537 96540
ONEWEB-0697             
1 61603U 24188K   26260.54377776 -.00000530  00000+0 -15311-2 0  9993
2 61603  87.8974   2.7059 0001079  87.3619 272.7632 13.11417198 96555
ONEWEB-0698             
1 61604U 24188L   26260.29286114  .00000220  00000+0  58637-3 0  9994
2 61604  87.8964   2.7670 0001799  66.0748 294.0568 13.11415455 96548
ONEWEB-0699             
1 61605U 24188M   26260.60782438  .00000101  00000+0  25408-3 0  9998
2 61605  87.8908  17.8667 0001206  83.5919 276.5346 13.10376409 95415
ONEWEB-0700             
1 61606U 24188N   26260.68588259  .00000189  00000+0  50443-3 0  9995
2 61606  87.8918  17.7740 0001297  88.6550 271.4726 13.10375797 95410
ONEWEB-0701             
1 61607U 24188P   26260.39741546  .00000712  00000+0  20035-2 0  9999
2 61607  87.8906  17.9104 0001153  80.6065 279.5193 13.10375761 95382
ONEWEB-0702             
1 61608U 24188Q   26260.56752527  .00000161  00000+0  41726-3 0  9999
2 61608  87.8984   2.6350 0000637 100.7296 259.3904 13.11417845 96590
ONEWEB-0704             
1 61609U 24188R   26260.38555198  .00000344  00000+0  94806-3 0  9995
2 61609  87.8911  17.9042 0000719  97.6184 262.5025 13.10374886 95369
ONEWEB-0705             
1 61610U 24188S   26260.61971265  .00000671  00000+0  18855-2 0  9992
2 61610  87.8911  17.8636 0001251 133.3013 226.8219 13.10375529 87566
ONEWEB-0706             
1 61611U 24188T   26260.60442963 -.00000156  00000+0 -48352-3 0  9996
2 61611  87.8897  17.8684 0001130 108.4348 251.6902 13.10376563 95487
ONEWEB-0707             
1 61612U 24188U   26260.38214815  .00000282  00000+0  77207-3 0  9994
2 61612  87.8908  17.9096 0001172 105.3748 254.7509 13.10376784 95397
ONEWEB-0708             
1 61613U 24188V   26260.32447156  .00000630  00000+0  17686-2 0  9996
2 61613  87.8895  17.9316 0001739 119.7973 240.3327 13.10370998 95363
