ONEWEB-0012             
1 44057U 19010A   26262.64140057  .00000016  00000+0  95266-5 0  9995
2 44057  87.9146 210.0285 0002496  83.1307 277.0108 13.16594379363991
ONEWEB-0010             
1 44058U 19010B   26262.59073645 -.00000007  00000+0 -51503-4 0  9995
2 44058  87.9153 210.0389 0001853  69.7933 290.3397 13.16593165364032
ONEWEB-0008             
1 44059U 19010C   26262.31208407  .00000159  00000+0  38128-3 0  9995
2 44059  87.9155 210.0887 0001915  88.8092 271.3258 13.16593807364112
ONEWEB-0007             
1 44060U 19010D   26262.72618546 -.00000097  00000+0 -29199-3 0  9992
2 44060  87.8983 240.3676 0002219  78.5075 281.6304 13.15548095363808
ONEWEB-0006             
1 44061U 19010E   26262.73013455 -.00000079  00000+0 -24458-3 0  9995
2 44061  87.8995 240.3411 0001869  82.7324 277.4019 13.15547255363851
ONEWEB-0011             
1 44062U 19010F   26262.69844957  .00000110  00000+0  25847-3 0  9997
2 44062  87.8995 240.3585 0001809  82.6727 277.4609 13.15549491363842
ONEWEB-0013             
1 45131U 20008A   26262.69005775 -.00000368  00000+0 -11039-2 0  9995
2 45131  87.8557  33.7485 0002716 103.5687 256.5742 13.09458141318438
ONEWEB-0017             
1 45132U 20008B   26262.60670721  .00000398  00000+0  11052-2 0  9992
2 45132  87.8910  17.4712 0001567 100.6194 259.5110 13.10376146320316
ONEWEB-0020             
1 45133U 20008C   26262.65251061 -.00000553  00000+0 -16193-2 0  9996
2 45133  87.8898  17.4638 0001760 101.7758 258.3567 13.10371188320710
ONEWEB-0021             
1 45134U 20008D   26262.66777948 -.00000398  00000+0 -11772-2 0  9990
2 45134  87.8903  17.4708 0001796  97.8307 262.3024 13.10376048321028
ONEWEB-0023             
1 45136U 20008F   26262.67881698  .00000110  00000+0  27888-3 0  9997
2 45136  87.8912  17.4566 0001834 106.6869 253.4460 13.10377264320459
ONEWEB-0024             
1 45137U 20008G   26262.65095315 -.00000471  00000+0 -13858-2 0  9992
2 45137  87.8913  17.4605 0001762  99.8319 260.3007 13.10371833320616
ONEWEB-0025             
1 45138U 20008H   26262.65066763 -.00000473  00000+0 -13917-2 0  9996
2 45138  87.8910  17.4493 0001521 116.0021 244.1263 13.10371442320940
ONEWEB-0026             
1 45139U 20008J   26262.53780387 -.00000584  00000+0 -16836-2 0  9995
2 45139  87.8969   2.3109 0001644  99.8894 260.2420 13.11416288323478
ONEWEB-0028             
1 45140U 20008K   26262.58840543  .00000292  00000+0  78707-3 0  9993
2 45140  87.8963   2.3045 0002351 104.0025 256.1365 13.11414504320999
ONEWEB-0032             
1 45141U 20008L   26262.68488786  .00000437  00000+0  12165-2 0  9998
2 45141  87.8910  17.4582 0002194 106.1035 254.0334 13.10377000320670
ONEWEB-0033             
1 45142U 20008M   26262.65929230 -.00000640  00000+0 -18696-2 0  9993
2 45142  87.8902  17.4661 0001331  89.9448 270.1832 13.10372939320586
ONEWEB-0035             
1 45143U 20008N   26262.67979868  .00000218  00000+0  58743-3 0  9995
2 45143  87.8908  17.4573 0001718  97.7986 262.3337 13.10377537320311
ONEWEB-0036             
1 45144U 20008P   26262.65745104 -.00000605  00000+0 -17705-2 0  9992
2 45144  87.8921  17.4896 0001898 104.8847 255.2491 13.10372201320731
ONEWEB-0038             
1 45145U 20008Q   26262.54798167 -.00000363  00000+0 -10604-2 0  9990
2 45145  87.8983   2.3304 0002738  64.2351 295.9060 13.11418577322698
ONEWEB-0039             
1 45146U 20008R   26262.66268456 -.00000552  00000+0 -16163-2 0  9993
2 45146  87.8911  17.4604 0002304 101.2303 258.9083 13.10375055320535
ONEWEB-0040             
1 45147U 20008S   26262.65589125 -.00000605  00000+0 -17682-2 0  9998
2 45147  87.8895  17.4672 0001816 110.4207 249.7116 13.10371549320230
ONEWEB-0043             
1 45149U 20008U   26262.65772907 -.00000574  00000+0 -16812-2 0  9991
2 45149  87.8910  17.4634 0002257 103.2538 256.8841 13.10372399320558
ONEWEB-0044             
1 45150U 20008V   26262.61010588  .00000563  00000+0  15778-2 0  9995
2 45150  87.8902  17.4728 0001877 103.2707 256.8630 13.10375577320849
ONEWEB-0045             
1 45151U 20008W   26262.23756940 -.00000536  00000+0 -15490-2 0  9996
2 45151  87.8973   2.3684 0001888  99.9997 260.1344 13.11417744322730
ONEWEB-0047             
1 45152U 20008X   26262.67951574  .00000178  00000+0  47391-3 0  9991
2 45152  87.8917  17.4611 0001649  93.0113 267.1203 13.10377408320578
ONEWEB-0048             
1 45153U 20008Y   26262.67457234 -.00000112  00000+0 -35825-3 0  9995
2 45153  87.8903  17.4738 0001826  96.6291 263.5044 13.10376342320183
ONEWEB-0049             
1 45154U 20008Z   26262.67782213  .00000110  00000+0  27956-3 0  9996
2 45154  87.8904  17.4626 0001814 113.6112 246.5206 13.10377226320408
ONEWEB-0051             
1 45155U 20008AA  26262.23587349 -.00000532  00000+0 -15369-2 0  9996
2 45155  87.8968   2.3719 0001799 101.6839 258.4491 13.11417963323416
ONEWEB-0052             
1 45156U 20008AB  26262.62211316  .00000646  00000+0  18154-2 0  9997
2 45156  87.8909  17.4660 0001971 111.1066 249.0272 13.10373851320308
ONEWEB-0053             
1 45157U 20008AC  26262.65420169 -.00000586  00000+0 -17137-2 0  9994
2 45157  87.8895  17.4742 0002180 107.0951 253.0415 13.10372183320282
ONEWEB-0054             
1 45158U 20008AD  26262.61350757  .00000596  00000+0  16707-2 0  9997
2 45158  87.8902  17.4718 0001699 102.4509 257.6808 13.10377313320395
ONEWEB-0056             
1 45159U 20008AE  26262.58448578 -.00000634  00000+0 -18525-2 0  9998
2 45159  87.8914  17.4745 0001525 107.1799 252.9496 13.10373118320547
ONEWEB-0057             
1 45160U 20008AF  26262.60175220  .00000147  00000+0  38364-3 0  9995
2 45160  87.8914  17.4802 0002170 109.7592 250.3769 13.10377163320717
ONEWEB-0058             
1 45161U 20008AG  26262.28274491 -.00000433  00000+0 -12761-2 0  9992
2 45161  87.8899  17.5420 0001715  92.6456 267.4868 13.10374889320744
ONEWEB-0059             
1 45162U 20008AH  26262.27933280 -.00000571  00000+0 -16719-2 0  9990
2 45162  87.8905  17.5449 0002145 105.4567 254.6798 13.10373297320649
ONEWEB-0062             
1 45163U 20008AJ  26262.68462161  .00000492  00000+0  13738-2 0  9999
2 45163  87.8912  17.4576 0001532  92.3931 267.7372 13.10375553320567
ONEWEB-0065             
1 45164U 20008AK  26262.64218972 -.00000163  00000+0 -50399-3 0  9997
2 45164  87.8906  17.4740 0001854 110.4908 249.6419 13.10369528320259
ONEWEB-0066             
1 45424U 20020A   26262.52580515 -.00000146  00000+0 -44810-3 0  9994
2 45424  87.8965   2.3148 0001897  97.3228 262.8115 13.11415390315044
ONEWEB-0067             
1 45425U 20020B   26262.25784685  .00000286  00000+0  77037-3 0  9999
2 45425  87.8992   2.3097 0001955 102.3287 257.8059 13.11429005315066
ONEWEB-0080             
1 45426U 20020C   26262.56324794  .00000251  00000+0  67208-3 0  9996
2 45426  87.8979   2.3151 0001563  94.1998 265.9309 13.11417550315076
ONEWEB-0090             
1 45427U 20020D   26262.59207374  .00000182  00000+0  47793-3 0  9994
2 45427  87.8980   2.3127 0001724  98.1473 261.9851 13.11415417315048
ONEWEB-0061             
1 45428U 20020E   26262.54770675 -.00000431  00000+0 -12506-2 0  9991
2 45428  87.8974   2.3030 0001790  99.8164 260.3166 13.11417763314994
ONEWEB-0081             
1 45429U 20020F   26262.60548863 -.00000356  00000+0 -10409-2 0  9997
2 45429  87.8969   2.3000 0002000 104.3916 255.7434 13.11414820315110
ONEWEB-0069             
1 45430U 20020G   26262.60732691 -.00000312  00000+0 -91690-3 0  9997
2 45430  87.8973   2.3042 0002074  97.9094 262.2269 13.11415559315049
ONEWEB-0031             
1 45431U 20020H   26262.56650260  .00000365  00000+0  99469-3 0  9992
2 45431  87.8964   2.3085 0001644  97.5976 262.5339 13.11419691315024
ONEWEB-0027             
1 45432U 20020J   26262.57373220 -.00000003  00000+0 -40907-4 0  9997
2 45432  87.9202 347.1239 0001498 105.0468 255.0830 13.17648215318781
ONEWEB-0064             
1 45433U 20020K   26262.64110205  .00000291  00000+0  78496-3 0  9998
2 45433  87.8972   2.2908 0001629 100.2480 259.8832 13.11419111315061
ONEWEB-0018             
1 45434U 20020L   26262.29169435 -.00000101  00000+0 -32070-3 0  9999
2 45434  87.8968   2.3603 0002086  92.2656 267.8711 13.11415923314963
ONEWEB-0083             
1 45435U 20020M   26262.51069683  .00000348  00000+0  94579-3 0  9992
2 45435  87.8976   2.3154 0001794  99.7846 260.3484 13.11414301315035
ONEWEB-0095             
1 45436U 20020N   26262.57850841  .00000513  00000+0  14125-2 0  9995
2 45436  87.8967   2.3047 0001568 122.3287 237.7993 13.11417673315047
ONEWEB-0092             
1 45437U 20020P   26262.60900921 -.00000458  00000+0 -13280-2 0  9996
2 45437  87.8974   2.2949 0001894  94.2217 265.9127 13.11415778315167
ONEWEB-0085             
1 45438U 20020Q   26262.28151985  .00000381  00000+0  10405-2 0  9998
2 45438  87.8969   2.3618 0001778 102.1015 258.0312 13.11415032315007
ONEWEB-0096             
1 45439U 20020R   26262.58868449  .00000339  00000+0  92051-3 0  9993
2 45439  87.8971   2.3008 0001746 104.8565 255.2757 13.11414810315036
ONEWEB-0037             
1 45440U 20020S   26262.53753632 -.00000559  00000+0 -16130-2 0  9996
2 45440  87.8983   2.2896 0001678 106.1393 253.9920 13.11416366315061
ONEWEB-0042             
1 45441U 20020T   26262.57824266  .00000525  00000+0  14466-2 0  9994
2 45441  87.8974   2.2992 0001904 102.5757 257.5584 13.11417441315033
ONEWEB-0098             
1 45442U 20020U   26262.57412352  .00000552  00000+0  15211-2 0  9993
2 45442  87.8959   2.3068 0001760  99.8299 260.3028 13.11419301315011
ONEWEB-0055             
1 45443U 20020V   26262.55280001 -.00000205  00000+0 -61525-3 0  9993
2 45443  87.8977   2.3134 0001806 103.1293 257.0036 13.11418449314989
ONEWEB-0093             
1 45444U 20020W   26262.54600889 -.00000527  00000+0 -15217-2 0  9996
2 45444  87.8975   2.3142 0002071  98.3408 261.7955 13.11417563315041
ONEWEB-0029             
1 45445U 20020X   26262.55986626  .00000054  00000+0  11523-3 0  9994
2 45445  87.8968   2.3068 0002026  98.0697 262.0661 13.11418300315024
ONEWEB-0068             
1 45446U 20020Y   26262.60874698 -.00000400  00000+0 -11636-2 0  9997
2 45446  87.8968   2.2988 0001995  99.0256 261.1098 13.11415638314979
ONEWEB-0046             
1 45447U 20020Z   26262.60040918 -.00000154  00000+0 -46958-3 0  9990
2 45447  87.8967   2.3000 0002018 106.4013 253.7337 13.11414576314980
ONEWEB-0063             
1 45448U 20020AA  26262.24788166 -.00000112  00000+0 -35245-3 0  9996
2 45448  87.8978   2.3770 0001809 110.6568 249.4754 13.11419419315028
ONEWEB-0019             
1 45449U 20020AB  26262.59179785  .00000202  00000+0  53359-3 0  9990
2 45449  87.8970   2.2899 0001645  94.8993 265.2323 13.11414573314916
ONEWEB-0094             
1 45450U 20020AC  26262.59161074  .00000734  00000+0  18570-2 0  9999
2 45450  87.9208 347.1105 0001895  93.4457 266.6891 13.17644139318740
ONEWEB-0087             
1 45451U 20020AD  26262.56298134  .00000271  00000+0  72883-3 0  9999
2 45451  87.8968   2.2923 0002137  97.4336 262.7034 13.11418385314951
ONEWEB-0082             
1 45452U 20020AE  26262.55958249 -.00000017  00000+0 -83507-4 0  9995
2 45452  87.8980   2.3058 0002557 105.3272 254.8139 13.11418645315048
ONEWEB-0050             
1 45453U 20020AF  26262.67060534  .00001389  00000+0  13969-3 0  9995
2 45453  88.9337 220.3791 0004290  32.3945 327.7546 14.90630968354457
ONEWEB-0034             
1 45454U 20020AG  26262.59716118  .00000014  00000+0  41301-5 0  9990
2 45454  87.8976   2.3076 0001862 103.1557 256.9779 13.11414351314968
ONEWEB-0060             
1 45455U 20020AH  26262.55207626 -.00000223  00000+0 -66412-3 0  9998
2 45455  87.8971   2.3082 0002617  85.3089 274.8338 13.11419864314910
ONEWEB-0086             
1 45456U 20020AJ  26262.60705221 -.00000438  00000+0 -12706-2 0  9993
2 45456  87.8978   2.2994 0001970  79.4144 280.7206 13.11415502314988
ONEWEB-0088             
1 45457U 20020AK  26262.50886185  .00000407  00000+0  11119-2 0  9993
2 45457  87.8984   2.2981 0002061 112.1692 247.9655 13.11415178314901
ONEWEB-0102             
1 47258U 20100A   26262.51558051 -.00000190  00000+0 -56256-3 0  9995
2 47258  87.8976 331.9445 0001781  92.0976 268.0356 13.12442201277109
ONEWEB-0109             
1 47259U 20100B   26262.52403264 -.00000331  00000+0 -95587-3 0  9999
2 47259  87.8985 331.9344 0001721  99.5370 260.5954 13.12443729276939
ONEWEB-0110             
1 47260U 20100C   26262.47492639  .00000085  00000+0  20064-3 0  9991
2 47260  87.8986 331.9284 0001985  90.2966 269.8390 13.12444020277095
ONEWEB-0111             
1 47261U 20100D   26262.50542679  .00000273  00000+0  72465-3 0  9997
2 47261  87.8979 331.9403 0002028  98.1751 261.9608 13.12441462276933
ONEWEB-0114             
1 47262U 20100E   26262.53589716 -.00000397  00000+0 -11379-2 0  9999
2 47262  87.8978 331.9337 0001590  98.1336 261.9973 13.12442261276899
ONEWEB-0117             
1 47263U 20100F   26262.52744462 -.00000348  00000+0 -10027-2 0  9995
2 47263  87.8986 331.9240 0001966  98.7866 261.3485 13.12442465276903
ONEWEB-0118             
1 47264U 20100G   26262.48509235  .00000308  00000+0  81981-3 0  9990
2 47264  87.8983 331.9351 0001845 109.5072 250.6256 13.12443032277099
ONEWEB-0119             
1 47265U 20100H   26261.97684317 -.00000045  00000+0 -16156-3 0  9991
2 47265  87.8975 332.0442 0001864  98.6780 261.4560 13.12441708277006
ONEWEB-0120             
1 47266U 20100J   26262.45811098 -.00000420  00000+0 -12021-2 0  9997
2 47266  87.8975 331.9505 0001719  99.1863 260.9460 13.12443059277095
ONEWEB-0121             
1 47267U 20100K   26262.14116928 -.00000326  00000+0 -94091-3 0  9997
2 47267  87.8985 332.0083 0002206  97.0846 263.0533 13.12442271276965
ONEWEB-0122             
1 47268U 20100L   26262.51642823 -.00000105  00000+0 -32794-3 0  9994
2 47268  87.8979 331.9378 0001767  95.5429 264.5901 13.12441139276928
ONEWEB-0123             
1 47269U 20100M   26262.51218797  .00000000  00000+0 -35815-4 0  9995
2 47269  87.8981 331.9377 0001881 102.7170 257.4169 13.12442258277068
ONEWEB-0124             
1 47270U 20100N   26262.12084725  .00000300  00000+0  79886-3 0  9993
2 47270  87.8973 332.0165 0001973  91.0733 269.0622 13.12441688276894
ONEWEB-0125             
1 47271U 20100P   26262.48001413  .00000276  00000+0  73217-3 0  9990
2 47271  87.8983 331.9398 0002204 103.6881 256.4493 13.12443520277001
ONEWEB-0126             
1 47272U 20100Q   26262.42423900  .00000354  00000+0  94782-3 0  9991
2 47272  87.8980 331.9600 0001797 101.0143 259.1188 13.12441728277069
ONEWEB-0127             
1 47273U 20100R   26262.46645292 -.00000236  00000+0 -69051-3 0  9998
2 47273  87.8979 331.9460 0001725  98.3057 261.8267 13.12444672277097
ONEWEB-0128             
1 47274U 20100S   26262.48847834  .00000515  00000+0  13949-2 0  9999
2 47274  87.8975 331.9549 0002014  88.8047 271.3312 13.12444609277117
ONEWEB-0129             
1 47275U 20100T   26262.46814192 -.00000184  00000+0 -54693-3 0  9995
2 47275  87.8983 331.9429 0000806 111.2034 248.9180 13.12443971277044
ONEWEB-0130             
1 47276U 20100U   26262.49525407  .00000393  00000+0  10564-2 0  9995
2 47276  87.8985 331.9339 0001866  98.3524 261.7816 13.12442114277017
ONEWEB-0131             
1 47277U 20100V   26262.49186940  .00000454  00000+0  12253-2 0  9996
2 47277  87.8973 331.9424 0001898  94.7197 265.4148 13.12442650277059
ONEWEB-0132             
1 47278U 20100W   26262.44443084 -.00000249  00000+0 -72869-3 0  9991
2 47278  87.8977 331.9561 0001991  99.3433 260.7921 13.12441406276946
ONEWEB-0133             
1 47279U 20100X   26262.46123372 -.00000308  00000+0 -89277-3 0  9996
2 47279  87.8988 331.9394 0001948  94.3482 265.7869 13.12443756277109
ONEWEB-0134             
1 47280U 20100Y   26262.43087931  .00000119  00000+0  29428-3 0  9995
2 47280  87.8988 331.9425 0001724  93.5572 266.5753 13.12441443277077
ONEWEB-0135             
1 47281U 20100Z   26262.17336781  .00000249  00000+0  65735-3 0  9992
2 47281  87.8975 332.0049 0001819  90.7303 269.4034 13.12443550277068
ONEWEB-0136             
1 47282U 20100AA  26262.49693713 -.00001821  00000+0 -50978-2 0  9990
2 47282  87.8981 331.9293 0001535  93.3013 266.8291 13.12465924277039
ONEWEB-0137             
1 47283U 20100AB  26262.60706275 -.00000402  00000+0 -11537-2 0  9994
2 47283  87.8983 331.9211 0001995 101.3916 258.7437 13.12442408276958
ONEWEB-0138             
1 47284U 20100AC  26262.50880549  .00000070  00000+0  15853-3 0  9996
2 47284  87.8977 331.9420 0001654  96.5109 263.6207 13.12442412277029
ONEWEB-0139             
1 47285U 20100AD  26262.54961113 -.00000008  00000+0 -57710-4 0  9990
2 47285  87.8983 331.9205 0001837  98.8184 261.3153 13.12444032277103
ONEWEB-0140             
1 47286U 20100AE  26262.50372670  .00000359  00000+0  96335-3 0  9993
2 47286  87.8985 331.9225 0002041  95.5810 264.5551 13.12442305277069
ONEWEB-0141             
1 47287U 20100AF  26262.54932970 -.00000031  00000+0 -12191-3 0  9990
2 47287  87.8985 331.9176 0001911 107.8400 252.2937 13.12443719277053
ONEWEB-0142             
1 47288U 20100AG  26262.46148539 -.00000381  00000+0 -10941-2 0  9990
2 47288  87.8979 331.9511 0001490 106.0716 254.0577 13.12442573277038
ONEWEB-0143             
1 47289U 20100AH  26262.54777458 -.00000033  00000+0 -12837-3 0  9999
2 47289  87.8979 331.9336 0001831 102.7094 257.4240 13.12445238277029
ONEWEB-0144             
1 47290U 20100AJ  26262.13778106 -.00000211  00000+0 -62130-3 0  9996
2 47290  87.8989 331.9967 0001518  97.8063 262.3238 13.12442085276897
ONEWEB-0145             
1 47291U 20100AK  26262.49016538  .00000434  00000+0  11722-2 0  9995
2 47291  87.8976 331.9445 0001650  97.6889 262.4427 13.12442773277139
ONEWEB-0146             
1 47292U 20100AL  26262.18184481  .00000387  00000+0  10398-2 0  9990
2 47292  87.8982 332.0044 0002205  96.6326 263.5053 13.12443104277008
ONEWEB-0147             
1 47293U 20100AM  26262.45290215  .00000374  00000+0  10041-2 0  9995
2 47293  87.8983 331.9340 0002205  94.6837 265.4543 13.12437501276932
ONEWEB-0115             
1 48042U 21025A   26262.40740716  .00000438  00000+0  11648-2 0  9991
2 48042  87.8921 301.4782 0001963  93.6279 266.5075 13.13468215265968
ONEWEB-0152             
1 48043U 21025B   26262.80183646  .00000266  00000+0  69442-3 0  9994
2 48043  87.8923 301.4009 0002018  96.5165 263.6194 13.13468149265978
ONEWEB-0153             
1 48044U 21025C   26262.39894236  .00000216  00000+0  55614-3 0  9994
2 48044  87.8921 301.4797 0001828  99.3847 260.7488 13.13470249265919
ONEWEB-0154             
1 48045U 21025D   26262.47173190  .00000225  00000+0  58083-3 0  9996
2 48045  87.8919 301.4661 0001934  95.4402 264.6947 13.13471108265883
ONEWEB-0116             
1 48046U 21025E   26262.81537479 -.00000101  00000+0 -31076-3 0  9997
2 48046  87.8924 301.3953 0001998  91.9308 268.2050 13.13469106266071
ONEWEB-0150             
1 48047U 21025F   26261.87755501  .00000314  00000+0  82387-3 0  9996
2 48047  87.8926 301.5804 0001936 101.9814 258.1532 13.13470225265848
ONEWEB-0107             
1 48048U 21025G   26261.87924664  .00000243  00000+0  62929-3 0  9996
2 48048  87.8928 301.5752 0001713  99.2789 260.8534 13.13470413265825
ONEWEB-0101             
1 48049U 21025H   26262.37524119 -.00000246  00000+0 -70772-3 0  9994
2 48049  87.8915 301.4822 0001813  91.6453 268.4884 13.13471082265863
ONEWEB-0113             
1 48050U 21025J   26262.36939860 -.00000265  00000+0 -75466-3 0  9994
2 48050  87.8914 301.3834 0001976  99.5617 260.5736 13.13891557265979
ONEWEB-0112             
1 48051U 21025K   26262.41756385  .00000259  00000+0  67367-3 0  9992
2 48051  87.8921 301.4667 0001651  91.2558 268.8760 13.13469824265961
ONEWEB-0156             
1 48052U 21025L   26262.80690975  .00000121  00000+0  29731-3 0  9999
2 48052  87.8923 301.3983 0001809  97.8273 262.3061 13.13468513265995
ONEWEB-0161             
1 48053U 21025M   26261.10561961  .00000383  00000+0  10126-2 0  9991
2 48053  87.8922 301.7385 0001719 102.3574 257.7748 13.13469685265701
ONEWEB-0158             
1 48054U 21025N   26262.81706750 -.00000169  00000+0 -49792-3 0  9994
2 48054  87.8924 301.3949 0002091  87.3214 272.8155 13.13470249266050
ONEWEB-0157             
1 48055U 21025P   26262.38539471 -.00000036  00000+0 -13281-3 0  9998
2 48055  87.8912 301.4823 0001485  98.3235 261.8063 13.13471546265934
ONEWEB-0162             
1 48056U 21025Q   26262.81862561 -.00000154  00000+0 -45801-3 0  9990
2 48056  87.8917 301.3949 0001943  98.6218 261.5132 13.13468566265966
ONEWEB-0155             
1 48057U 21025R   26262.44463231 -.00000278  00000+0 -79716-3 0  9990
2 48057  87.8922 301.4698 0001828  97.3427 262.7910 13.13471068266054
ONEWEB-0149             
1 48058U 21025S   26262.46665058 -.00000001  00000+0 -37423-4 0  9998
2 48058  87.8917 301.4683 0001985 102.6915 257.4436 13.13469693265862
ONEWEB-0148             
1 48059U 21025T   26262.81029557 -.00000024  00000+0 -99899-4 0  9996
2 48059  87.8913 301.4011 0001958 111.2980 248.8358 13.13468777266031
ONEWEB-0160             
1 48060U 21025U   26262.06544370 -.00000313  00000+0 -89190-3 0  9993
2 48060  87.8916 301.5456 0002566  87.6279 272.5144 13.13469724265885
ONEWEB-0163             
1 48061U 21025V   26262.43109515 -.00000060  00000+0 -19811-3 0  9995
2 48061  87.8922 301.4748 0001618  96.9898 263.1415 13.13468448266052
ONEWEB-0159             
1 48062U 21025W   26262.80353084  .00000189  00000+0  48262-3 0  9991
2 48062  87.8924 301.3958 0001613  94.5662 265.5652 13.13468719266022
ONEWEB-0164             
1 48063U 21025X   26262.40402029  .00000271  00000+0  70679-3 0  9991
2 48063  87.8917 301.4805 0001915  92.7683 267.3665 13.13470459265954
ONEWEB-0167             
1 48064U 21025Y   26262.43194306 -.00000089  00000+0 -27899-3 0  9996
2 48064  87.8919 301.4772 0001429  79.5307 280.5984 13.13469705265948
ONEWEB-0166             
1 48065U 21025Z   26262.45479506 -.00000204  00000+0 -59420-3 0  9991
2 48065  87.8923 301.4514 0001953  98.0951 262.0400 13.13469790266023
ONEWEB-0151             
1 48066U 21025AA  26262.38030947 -.00000158  00000+0 -46888-3 0  9998
2 48066  87.8919 301.4807 0001846  92.0036 268.1304 13.13470595265959
ONEWEB-0170             
1 48067U 21025AB  26262.38877156 -.00000037  00000+0 -13702-3 0  9995
2 48067  87.8917 301.4814 0002155  81.1913 278.9460 13.13469253265910
ONEWEB-0168             
1 48068U 21025AC  26262.37354226 -.00000303  00000+0 -86409-3 0  9993
2 48068  87.8918 301.4851 0001819  92.7949 267.3389 13.13469735265924
ONEWEB-0173             
1 48069U 21025AD  26262.82213846 -.00000285  00000+0 -81450-3 0  9996
2 48069  87.8923 301.3942 0001546  92.7226 267.4080 13.13469534266226
ONEWEB-0171             
1 48070U 21025AE  26262.40231877  .00000273  00000+0  71232-3 0  9998
2 48070  87.8909 301.4823 0001875  93.0186 267.1158 13.13468312265983
ONEWEB-0172             
1 48071U 21025AF  26262.45818448 -.00000098  00000+0 -30352-3 0  9994
2 48071  87.8918 301.4684 0001735  90.9535 269.1793 13.13471589266885
ONEWEB-0174             
1 48072U 21025AG  26261.14453830 -.00000295  00000+0 -84404-3 0  9996
2 48072  87.8926 301.7293 0001867  99.2414 260.8926 13.13468739266034
ONEWEB-0175             
1 48073U 21025AH  26262.47003663  .00000151  00000+0  37843-3 0  9993
2 48073  87.8922 301.4518 0001843  84.5971 275.5368 13.13469854265869
ONEWEB-0177             
1 48074U 21025AJ  26262.40571013  .00000345  00000+0  91090-3 0  9995
2 48074  87.8914 301.4790 0001745 102.4667 257.6658 13.13470209266046
ONEWEB-0178             
1 48075U 21025AK  26262.42446946 -.00000044  00000+0 -15530-3 0  9997
2 48075  87.8907 301.4810 0001816  89.7864 270.3473 13.13471014266094
ONEWEB-0108             
1 48076U 21025AL  26262.38370468 -.00000127  00000+0 -38289-3 0  9996
2 48076  87.8924 301.4777 0002100  98.5109 261.6258 13.13470918266011
ONEWEB-0169             
1 48077U 21025AM  26262.41586043  .00000245  00000+0  63713-3 0  9998
2 48077  87.8923 301.4768 0001850  99.9905 260.1433 13.13467809264675
ONEWEB-0176             
1 48210U 21031A   26262.79227472  .00000238  00000+0  60704-3 0  9992
2 48210  87.8897 270.8288 0001841  88.5812 271.5529 13.14502091260741
ONEWEB-0184             
1 48211U 21031B   26262.38632883  .00000153  00000+0  37817-3 0  9999
2 48211  87.8897 270.9162 0001852  69.4357 290.6972 13.14504244260665
ONEWEB-0179             
1 48212U 21031C   26262.73272262  .00001287  00000+0  11758-3 0  9995
2 48212  87.8936 263.6365 0348072 301.3243  55.4325 14.57918005262656
ONEWEB-0180             
1 48213U 21031D   26262.77030378  .00000115  00000+0  27472-3 0  9999
2 48213  87.8901 270.8391 0001506  88.1410 271.9892 13.14504222260647
ONEWEB-0218             
1 48214U 21031E   26262.79059028  .00000223  00000+0  56618-3 0  9999
2 48214  87.8902 270.8332 0001335  73.2343 286.8933 13.14501249260809
ONEWEB-0209             
1 48215U 21031F   26262.01926354  .00000238  00000+0  60684-3 0  9994
2 48215  87.8900 270.9972 0001642  95.3063 264.8254 13.14501896260703
ONEWEB-0198             
1 48216U 21031G   26262.76537169 -.00000029  00000+0 -11316-3 0  9997
2 48216  87.8884 270.8389 0001504  86.8535 273.2766 13.14502173260916
ONEWEB-0189             
1 48217U 21031H   26261.78752409  .00000365  00000+0  94892-3 0  9996
2 48217  87.8906 271.0324 0001576  86.9769 273.1541 13.14502226260529
ONEWEB-0196             
1 48218U 21031J   26262.75677917 -.00000126  00000+0 -37504-3 0  9999
2 48218  87.8897 270.8458 0001702  91.5620 268.5704 13.14503086260651
ONEWEB-0183             
1 48219U 21031K   26262.80581304 -.00000018  00000+0 -82348-4 0  9997
2 48219  87.8899 270.8321 0001984  96.1573 263.9783 13.14501297260752
ONEWEB-0185             
1 48220U 21031L   26262.75612132  .00000875  00000+0  23252-2 0  9993
2 48220  87.8897 270.8406 0002030  89.3654 270.7708 13.14512329260675
ONEWEB-0187             
1 48221U 21031M   26262.35573792 -.00000130  00000+0 -38633-3 0  9994
2 48221  87.8899 270.9309 0001814  91.3309 268.8029 13.14504104260632
ONEWEB-0192             
1 48222U 21031N   26261.25978130  .00000193  00000+0  48690-3 0  9999
2 48222  87.8897 271.1393 0001820  88.9256 271.2082 13.14501647260408
ONEWEB-0219             
1 48223U 21031P   26262.76184117 -.00000008  00000+0 -55816-4 0  9997
2 48223  87.8901 270.8394 0001713  97.2263 262.9062 13.14502919260806
ONEWEB-0202             
1 48224U 21031Q   26262.81935360 -.00000114  00000+0 -34198-3 0  9995
2 48224  87.8899 270.8354 0001478  71.1428 288.9862 13.14504129260790
ONEWEB-0204             
1 48225U 21031R   26262.77620411  .00000228  00000+0  57979-3 0  9995
2 48225  87.8898 270.8384 0002132  98.9217 261.2154 13.14503462260689
ONEWEB-0205             
1 48226U 21031S   26262.37279537 -.00000060  00000+0 -19636-3 0  9995
2 48226  87.8895 270.9173 0001665  92.2574 267.8746 13.14504862260647
ONEWEB-0206             
1 48227U 21031T   26262.80074197  .00000175  00000+0  43680-3 0  9990
2 48227  87.8904 270.8297 0002013  88.9644 271.1716 13.14502178260657
ONEWEB-0182             
1 48228U 21031U   26262.33896810  .00000198  00000+0  49884-3 0  9990
2 48228  87.8897 270.9265 0002044  94.2592 265.8771 13.14501710260800
ONEWEB-0186             
1 48229U 21031V   26262.80750745  .00000044  00000+0  83094-4 0  9991
2 48229  87.8902 270.8317 0001797  88.8720 271.2616 13.14501523260813
ONEWEB-0181             
1 48230U 21031W   26262.78551356  .00000232  00000+0  59241-3 0  9992
2 48230  87.8894 270.8500 0001616  96.5344 263.5970 13.14505164260662
ONEWEB-0188             
1 48231U 21031X   26262.82443161 -.00000172  00000+0 -49957-3 0  9990
2 48231  87.8899 270.8421 0001870  91.8177 268.3167 13.14501789260574
ONEWEB-0220             
1 48232U 21031Y   26262.78635693  .00000308  00000+0  79618-3 0  9995
2 48232  87.8899 270.8352 0001781  97.1424 262.9909 13.14499480260830
ONEWEB-0165             
1 48233U 21031Z   26262.81597196  .00000017  00000+0  12509-4 0  9999
2 48233  87.8900 270.8381 0001501  83.8298 276.3003 13.14502364260792
ONEWEB-0199             
1 48234U 21031AA  26262.79904484  .00000060  00000+0  12757-3 0  9991
2 48234  87.8905 270.8303 0002145  87.4207 272.7168 13.14502777260696
ONEWEB-0203             
1 48235U 21031AB  26262.78889851  .00000263  00000+0  67425-3 0  9998
2 48235  87.8900 270.8347 0001943  82.9934 277.1417 13.14501926260705
ONEWEB-0197             
1 48236U 21031AC  26262.76508932  .00000055  00000+0  11488-3 0  9992
2 48236  87.8891 270.8197 0002001  94.4627 265.6731 13.14504552260610
ONEWEB-0194             
1 48237U 21031AD  26262.82104347 -.00000214  00000+0 -61134-3 0  9994
2 48237  87.8896 270.8336 0002067  85.9560 274.1806 13.14504334260799
ONEWEB-0193             
1 48238U 21031AE  26261.77062682  .00000054  00000+0  11242-3 0  9998
2 48238  87.8905 271.0368 0002233  84.6792 275.4593 13.14502321260608
ONEWEB-0191             
1 48239U 21031AF  26261.32576021  .00000250  00000+0  63863-3 0  9991
2 48239  87.8898 271.1272 0001962  93.4765 266.6589 13.14504182260403
ONEWEB-0195             
1 48240U 21031AG  26262.82527571 -.00000209  00000+0 -59885-3 0  9990
2 48240  87.8899 270.8267 0001556  86.2471 273.8837 13.14503525260584
ONEWEB-0201             
1 48241U 21031AH  26262.81271729 -.00000220  00000+0 -62855-3 0  9995
2 48241  87.8897 270.8408 0001902 101.4556 258.6787 13.14502294260812
ONEWEB-0207             
1 48242U 21031AJ  26262.33472890  .00000235  00000+0  59850-3 0  9990
2 48242  87.8900 270.9251 0002054  99.9206 260.2155 13.14501813260664
ONEWEB-0208             
1 48243U 21031AK  26261.32744888  .00000289  00000+0  74545-3 0  9995
2 48243  87.8897 271.1291 0001610  87.7973 272.3341 13.14502181260547
ONEWEB-0200             
1 48244U 21031AL  26262.73816361 -.00000137  00000+0 -40353-3 0  9992
2 48244  87.8904 270.8426 0001695  96.3224 263.8099 13.14503602260657
ONEWEB-0217             
1 48245U 21031AM  26262.75507875 -.00000194  00000+0 -55841-3 0  9993
2 48245  87.8900 270.8420 0001641  83.6681 276.4635 13.14503489260609
ONEWEB-0211             
1 48767U 21045A   26262.75963021  .00000025  00000+0  31242-4 0  9997
2 48767  87.8987 240.2043 0001602  65.4607 294.6691 13.16197837256885
ONEWEB-0223             
1 48768U 21045B   26262.73252385 -.00000045  00000+0 -15467-3 0  9994
2 48768  87.8991 240.3434 0001909  71.3581 288.7756 13.15548063256834
ONEWEB-0230             
1 48769U 21045C   26262.70400588  .00000127  00000+0  30268-3 0  9997
2 48769  87.8991 240.3579 0002135  85.9514 274.1861 13.15548267257095
ONEWEB-0237             
1 48770U 21045D   26262.69291669  .00000121  00000+0  28660-3 0  9992
2 48770  87.8987 240.3587 0001674  84.3656 275.7666 13.15549238256816
ONEWEB-0235             
1 48771U 21045E   26262.36333235 -.00000086  00000+0 -26248-3 0  9995
2 48771  87.8990 240.4184 0002057  71.7101 288.4253 13.15549665256767
ONEWEB-0242             
1 48772U 21045F   26262.73727802 -.00000078  00000+0 -24255-3 0  9991
2 48772  87.8994 240.3424 0002120  80.2373 279.8997 13.15548421256853
ONEWEB-0241             
1 48773U 21045G   26262.64854007  .00000002  00000+0 -27993-4 0  9999
2 48773  87.8992 240.3693 0001923  74.5006 285.6337 13.15549142256752
ONEWEB-0243             
1 48774U 21045H   26262.75630303 -.00000033  00000+0 -12244-3 0  9990
2 48774  87.8981 240.3595 0002419  74.6952 285.4445 13.15547757256796
ONEWEB-0222             
1 48775U 21045J   26262.73966101 -.00000047  00000+0 -15765-3 0  9993
2 48775  87.8989 240.3377 0001899  77.3448 282.7894 13.15549296256837
ONEWEB-0244             
1 48776U 21045K   26262.76580674  .00000143  00000+0  34595-3 0  9991
2 48776  87.8996 240.3328 0002039  80.1611 279.9749 13.15551840257402
ONEWEB-0247             
1 48777U 21045L   26262.76263762  .00000073  00000+0  16071-3 0  9999
2 48777  87.8982 240.3520 0002426  65.8441 294.2943 13.15547689256842
ONEWEB-0245             
1 48778U 21045M   26262.75788183  .00000040  00000+0  73150-4 0  9994
2 48778  87.8989 240.3414 0001831  80.7931 279.3407 13.15549899256812
ONEWEB-0229             
1 48779U 21045N   26262.75311990 -.00000011  00000+0 -63447-4 0  9991
2 48779  87.8988 240.3395 0002099  81.7928 278.3441 13.15547412256843
ONEWEB-0228             
1 48780U 21045P   26262.71048991  .00000150  00000+0  36339-3 0  9998
2 48780  87.8999 240.3457 0001966  80.8102 279.3251 13.15547905256759
ONEWEB-0232             
1 48781U 21045Q   26262.76104847  .00000016  00000+0  86019-5 0  9990
2 48781  87.8993 240.3347 0001971  83.9643 276.1712 13.15546874257080
ONEWEB-0231             
1 48782U 21045R   26262.73887012 -.00000073  00000+0 -22918-3 0  9991
2 48782  87.8986 240.3468 0001931  76.5856 283.5490 13.15547798256773
ONEWEB-0234             
1 48783U 21045S   26262.70069977  .00000258  00000+0  65052-3 0  9990
2 48783  87.8998 240.3421 0001288  99.9357 260.1919 13.15546910256903
ONEWEB-0238             
1 48784U 21045T   26262.70094593  .00002896  00000+0  76527-2 0  9991
2 48784  87.9000 240.3382 0001576  91.7371 268.3940 13.15572606256805
ONEWEB-0240             
1 48785U 21045U   26262.72221766  .00000042  00000+0  76892-4 0  9996
2 48785  87.8999 240.3418 0001803  74.8515 285.2815 13.15549714256833
ONEWEB-0246             
1 48786U 21045V   26262.33638985  .00000020  00000+0  19001-4 0  9994
2 48786  87.8994 240.4213 0002065  81.5437 278.5927 13.15547413256655
ONEWEB-0210             
1 48787U 21045W   26262.23498554  .00000155  00000+0  37884-3 0  9997
2 48787  87.8992 240.4392 0002659  70.4031 289.7386 13.15547333256685
ONEWEB-0214             
1 48788U 21045X   26262.70003282 -.00000402  00000+0 -11026-2 0  9996
2 48788  87.8992 240.3448 0002241  84.5232 275.6154 13.15546630256713
ONEWEB-0221             
1 48789U 21045Y   26261.64237141  .00000137  00000+0  33109-3 0  9992
2 48789  87.8993 240.5623 0001955  77.9833 282.1516 13.15548382256661
ONEWEB-0213             
1 48790U 21045Z   26262.69608281  .00000080  00000+0  17749-3 0  9996
2 48790  87.8991 240.3546 0002160  75.3279 284.8090 13.15548895256865
ONEWEB-0212             
1 48791U 21045AA  26262.67309787 -.00000004  00000+0 -44198-4 0  9991
2 48791  87.8991 240.3536 0002129  83.2119 276.9253 13.15550245256855
ONEWEB-0227             
1 48792U 21045AB  26262.74838104 -.00000037  00000+0 -13171-3 0  9992
2 48792  87.8988 240.3379 0001961  81.0319 279.1033 13.15548170256819
ONEWEB-0226             
1 48793U 21045AC  26262.36175073 -.00000038  00000+0 -13386-3 0  9999
2 48793  87.8992 240.4201 0002210  78.2265 281.9113 13.15548558256737
ONEWEB-0224             
1 48794U 21045AD  26262.70558707  .00000172  00000+0  42228-3 0  9991
2 48794  87.8985 240.3787 0001123  75.1408 284.9846 13.15548844256706
ONEWEB-0233             
1 48795U 21045AE  26262.71020383  .00000257  00000+0  64957-3 0  9994
2 48795  87.8987 240.3842 0001857  72.9975 287.1359 13.15548309256721
ONEWEB-0190             
1 48796U 21045AF  26262.69766703 -.00000025  00000+0 -10109-3 0  9990
2 48796  87.8987 240.3560 0002358  64.6308 295.5066 13.15548697256799
ONEWEB-0236             
1 48797U 21045AG  26262.33480544  .00000120  00000+0  28537-3 0  9996
2 48797  87.8993 240.4313 0001879  85.9454 274.1892 13.15548191256631
ONEWEB-0248             
1 48798U 21045AH  26262.72777269 -.00000066  00000+0 -21012-3 0  9995
2 48798  87.8994 240.3450 0001823  69.2247 290.9079 13.15549444256846
ONEWEB-0225             
1 48799U 21045AJ  26262.74994762 -.00000044  00000+0 -15206-3 0  9991
2 48799  87.8990 240.3461 0002117  68.1890 291.9465 13.15547338256855
ONEWEB-0215             
1 48800U 21045AK  26262.71984568  .00000068  00000+0  14566-3 0  9996
2 48800  87.8997 240.3390 0002045  63.6846 296.4494 13.15549576256721
ONEWEB-0216             
1 48801U 21045AL  26262.34906568 -.00000085  00000+0 -26059-3 0  9991
2 48801  87.8990 240.4242 0002079  84.4177 275.7191 13.15547318256688
ONEWEB-0239             
1 48802U 21045AM  26262.73410995 -.00000086  00000+0 -26240-3 0  9992
2 48802  87.8991 240.3512 0001786  58.5064 301.6240 13.15547904256775
ONEWEB-0249             
1 48967U 21060A   26262.66910155  .00000010  00000+0 -66745-5 0  9998
2 48967  87.9150 210.0202 0001948  74.6377 285.4969 13.16592585252040
ONEWEB-0250             
1 48968U 21060B   26261.58552481 -.00000008  00000+0 -47807-4 0  9998
2 48968  87.9160 207.6890 0001028  82.4827 277.6426 13.25837781252594
ONEWEB-0252             
1 48970U 21060D   26262.69999802  .00000015  00000+0  48436-5 0  9992
2 48970  87.9156 210.0064 0002102  86.6472 273.4899 13.16597208252099
ONEWEB-0253             
1 48971U 21060E   26262.30892453  .00000120  00000+0  28153-3 0  9994
2 48971  87.9154 210.0889 0001888  75.6330 284.5011 13.16593812251976
ONEWEB-0254             
1 48972U 21060F   26262.62240459  .00000071  00000+0  15134-3 0  9993
2 48972  87.9156 210.0253 0001855  70.0826 290.0504 13.16594194252016
ONEWEB-0255             
1 48973U 21060G   26262.58440874 -.00000080  00000+0 -24164-3 0  9997
2 48973  87.9153 210.0382 0001970  72.3022 287.8323 13.16593602252081
ONEWEB-0256             
1 48974U 21060H   26262.61053334 -.00001309  00000+0 -34577-2 0  9996
2 48974  87.9171 210.0336 0002275  77.8544 282.2841 13.16601963252050
ONEWEB-0257             
1 48975U 21060J   26262.64299727  .00000020  00000+0  19245-4 0  9992
2 48975  87.9155 210.0184 0002095  73.0287 287.1074 13.16594346252010
ONEWEB-0258             
1 48976U 21060K   26262.64457641  .00000001  00000+0 -31011-4 0  9999
2 48976  87.9147 210.0279 0001966  76.7067 283.4283 13.16594701252026
ONEWEB-0259             
1 48977U 21060L   26262.25825242 -.00000022  00000+0 -90816-4 0  9995
2 48977  87.9158 210.1055 0001865  73.5460 286.5875 13.16593685252001
ONEWEB-0260             
1 48978U 21060M   26262.55351693  .00000019  00000+0  16992-4 0  9990
2 48978  87.9153 210.0445 0002380  80.0291 280.1108 13.16593355252022
ONEWEB-0261             
1 48979U 21060N   26262.67542627 -.00000003  00000+0 -40439-4 0  9991
2 48979  87.9144 210.0211 0002156  69.2645 290.8717 13.16594371252097
ONEWEB-0262             
1 48980U 21060P   26262.27566439  .00000008  00000+0 -12187-4 0  9999
2 48980  87.9154 210.0896 0001771  71.7550 288.3774 13.16594132252005
ONEWEB-0263             
1 48981U 21060Q   26262.61132154  .00000041  00000+0  74626-4 0  9993
2 48981  87.9143 210.0342 0002019  67.7319 292.4026 13.16593985252016
ONEWEB-0264             
1 48982U 21060R   26262.26854546 -.00000024  00000+0 -97617-4 0  9999
2 48982  87.9149 210.1012 0002171  75.4562 284.6810 13.16593375251974
ONEWEB-0266             
1 48984U 21060T   26262.66989821 -.00000042  00000+0 -14365-3 0  9998
2 48984  87.9153 210.0178 0001951  78.6756 281.4594 13.16592895252014
ONEWEB-0267             
1 48985U 21060U   26262.30099975  .00000120  00000+0  27916-3 0  9993
2 48985  87.9152 210.0876 0002096  72.4332 287.7027 13.16594004251970
ONEWEB-0268             
1 48986U 21060V   26262.64932097  .00000031  00000+0  47467-4 0  9997
2 48986  87.9154 210.0268 0002108  79.2947 280.8421 13.16594418252285
ONEWEB-0269             
1 48987U 21060W   26262.63032250  .00000073  00000+0  15798-3 0  9996
2 48987  87.9153 210.0280 0002027  84.3139 275.8223 13.16595897252050
ONEWEB-0270             
1 48988U 21060X   26262.64773932 -.00000026  00000+0 -10118-3 0  9998
2 48988  87.9144 210.0264 0001882  67.6042 292.5288 13.16593788252096
ONEWEB-0271             
1 48989U 21060Y   26262.25509256  .00000004  00000+0 -23379-4 0  9991
2 48989  87.9154 210.0959 0002052  70.7372 289.3980 13.16593951252040
ONEWEB-0272             
1 48990U 21060Z   26262.65722742 -.00000035  00000+0 -12445-3 0  9990
2 48990  87.9152 210.0242 0002327  78.1667 281.9725 13.16593346252042
ONEWEB-0273             
1 48991U 21060AA  26262.67941017 -.00000016  00000+0 -75207-4 0  9996
2 48991  87.9142 210.0205 0001998  72.7862 287.3487 13.16593498252022
ONEWEB-0274             
1 48992U 21060AB  26262.24875340  .00000063  00000+0  13023-3 0  9992
2 48992  87.9149 210.1038 0002329  79.2383 280.9010 13.16595202252008
ONEWEB-0275             
1 48993U 21060AC  26262.61765483  .00000137  00000+0  32562-3 0  9991
2 48993  87.9157 210.0288 0002810  83.6890 276.4561 13.16595814251987
ONEWEB-0276             
1 48994U 21060AD  26262.57490850 -.00000026  00000+0 -10129-3 0  9994
2 48994  87.9156 210.0358 0002166  77.0971 283.0401 13.16592759251999
ONEWEB-0277             
1 48995U 21060AE  26262.28357823  .00000056  00000+0  11340-3 0  9992
2 48995  87.9150 210.0974 0002019  72.7317 287.4035 13.16595675251947
ONEWEB-0278             
1 48996U 21060AF  26261.28612027 -.00000032  00000+0 -11856-3 0  9990
2 48996  87.9150 210.2903 0001869  82.2237 277.9106 13.16593584251941
ONEWEB-0279             
1 48997U 21060AG  26262.13000798 -.00000025  00000+0 -10008-3 0  9992
2 48997  87.9150 210.1218 0002188  72.2387 287.8983 13.16592685251988
ONEWEB-0280             
1 48998U 21060AH  26262.67703396  .00000029  00000+0  42884-4 0  9996
2 48998  87.9154 210.0170 0001737  73.0504 287.0817 13.16594626251994
ONEWEB-0281             
1 48999U 21060AJ  26262.68256641  .00000057  00000+0  11617-3 0  9994
2 48999  87.9156 210.0130 0002109  79.3058 280.8311 13.16592795252064
ONEWEB-0282             
1 49000U 21060AK  26262.63665454  .00000031  00000+0  46748-4 0  9995
2 49000  87.9156 210.0274 0001952  73.8947 286.2398 13.16595673252038
ONEWEB-0283             
1 49001U 21060AL  26262.54957212  .00000092  00000+0  20822-3 0  9993
2 49001  87.9158 210.0441 0002096  73.6553 286.4808 13.16593949252030
ONEWEB-0284             
1 49002U 21060AM  26262.61923206  .00000104  00000+0  23886-3 0  9995
2 49002  87.9156 210.0252 0001670  76.7920 283.3397 13.16594196252021
ONEWEB-0285             
1 49075U 21075A   26262.51811352 -.00000160  00000+0 -48021-3 0  9990
2 49075  87.8979 331.9368 0001992 105.1970 254.9379 13.12440748247581
ONEWEB-0286             
1 49076U 21075B   26262.50020213  .00000348  00000+0  93306-3 0  9990
2 49076  87.8973 331.9490 0002012 104.3197 255.8155 13.12441472246933
ONEWEB-0287             
1 49077U 21075C   26262.55532476 -.00000019  00000+0 -82251-4 0  9990
2 49077  87.9201 347.1259 0002033 111.8341 248.3007 13.17649686246056
ONEWEB-0288             
1 49078U 21075D   26262.47661072  .00000155  00000+0  39439-3 0  9995
2 49078  87.8983 331.9386 0001815 105.9654 254.1674 13.12443551247552
ONEWEB-0289             
1 49079U 21075E   26262.51818295  .00000047  00000+0  88327-4 0  9993
2 49079  87.9189 347.1498 0001466  98.3935 261.7363 13.17650399246625
ONEWEB-0290             
1 49080U 21075F   26262.49118478 -.00000024  00000+0 -96092-4 0  9993
2 49080  87.9204 347.1353 0001375  96.2462 263.8826 13.17650344246038
ONEWEB-0291             
1 49081U 21075G   26262.55194801  .00000052  00000+0  10027-3 0  9997
2 49081  87.9200 347.1239 0001709 111.6275 248.5038 13.17649388246034
ONEWEB-0293             
1 49082U 21075H   26262.57724345  .00000027  00000+0  36849-4 0  9995
2 49082  87.9199 347.1214 0001719 101.0443 259.0881 13.17650894246066
ONEWEB-0294             
1 49083U 21075J   26262.48340329  .00000270  00000+0  71606-3 0  9991
2 49083  87.8984 331.9424 0001560  98.1122 262.0183 13.12445212246943
ONEWEB-0295             
1 49084U 21075K   26262.57640405 -.00000006  00000+0 -47566-4 0  9998
2 49084  87.9201 347.1260 0001831 110.6101 249.5227 13.17650681246023
ONEWEB-0296             
1 49085U 21075L   26262.53929971 -.00000326  00000+0 -94093-3 0  9994
2 49085  87.8977 331.9361 0001759 108.8823 251.2497 13.12444060246953
ONEWEB-0297             
1 49086U 21075M   26261.95990417  .00000499  00000+0  13504-2 0  9999
2 49086  87.8971 332.0553 0001896  99.6106 260.5237 13.12442103247486
ONEWEB-0298             
1 49087U 21075N   26261.97328639  .00000137  00000+0  31885-3 0  9995
2 49087  87.9195 347.2439 0002044  97.5015 262.6349 13.17649227245979
ONEWEB-0299             
1 49088U 21075P   26262.58231166  .00000018  00000+0  12341-4 0  9997
2 49088  87.9209 347.1115 0001937 105.5924 254.5421 13.17649773246030
ONEWEB-0300             
1 49089U 21075Q   26262.48594208  .00000392  00000+0  10549-2 0  9997
2 49089  87.8984 331.9401 0002287  99.6949 260.4438 13.12443929247572
ONEWEB-0301             
1 49090U 21075R   26262.46985775  .00001082  00000+0  29711-2 0  9998
2 49090  87.8990 331.9387 0002439  92.6871 267.4537 13.12436685246937
ONEWEB-0302             
1 49091U 21075S   26262.53251979 -.00000408  00000+0 -11706-2 0  9997
2 49091  87.8977 331.9356 0001552 102.2862 257.8441 13.12442818246923
ONEWEB-0304             
1 49092U 21075T   26262.55701066  .00000022  00000+0  23179-4 0  9996
2 49092  87.9199 347.1302 0001865 105.2891 254.8447 13.17650656246001
ONEWEB-0305             
1 49093U 21075U   26262.55024713  .00000002  00000+0 -28179-4 0  9998
2 49093  87.9205 347.1234 0001952 112.5091 247.6248 13.17650931246032
ONEWEB-0308             
1 49094U 21075V   26262.52574183 -.00000497  00000+0 -14162-2 0  9991
2 49094  87.8983 331.9346 0001785  96.8786 263.2546 13.12442612246933
ONEWEB-0309             
1 49095U 21075W   26262.55362477  .00000026  00000+0  33003-4 0  9999
2 49095  87.9198 347.1235 0001411 102.4600 257.6689 13.17648694246000
ONEWEB-0310             
1 49096U 21075X   26262.46476218 -.00000260  00000+0 -75695-3 0  9993
2 49096  87.8975 331.9593 0001880  98.2028 261.9314 13.12443934247556
ONEWEB-0311             
1 49097U 21075Y   26262.56037815  .00000045  00000+0  81682-4 0  9994
2 49097  87.9201 347.1224 0002233 111.5612 248.5757 13.17649320246059
ONEWEB-0312             
1 49098U 21075Z   26262.49962293 -.00000024  00000+0 -95181-4 0  9992
2 49098  87.9193 347.1448 0001789 109.5327 250.5998 13.17647873246021
ONEWEB-0313             
1 49099U 21075AA  26262.58049678  .00000042  00000+0  75230-4 0  9997
2 49099  87.9198 347.1323 0001921 104.4081 255.7263 13.17650365246020
ONEWEB-0314             
1 49100U 21075AB  26262.54688314  .00000033  00000+0  51552-4 0  9993
2 49100  87.9211 347.1231 0001763 112.5091 247.6227 13.17650763245999
ONEWEB-0315             
1 49101U 21075AC  26262.13270312 -.00000137  00000+0 -41720-3 0  9996
2 49101  87.8983 331.9972 0002158 106.6831 253.4535 13.12442235247495
ONEWEB-0316             
1 49102U 21075AD  26262.47344624 -.00000078  00000+0 -22998-3 0  9992
2 49102  87.9160 316.7225 0001699  96.2951 263.8375 13.18686053249631
ONEWEB-0317             
1 49103U 21075AE  26262.51726447 -.00000104  00000+0 -32392-3 0  9994
2 49103  87.8976 331.9399 0001452  86.5708 273.5587 13.12444351247566
ONEWEB-0318             
1 49104U 21075AF  26262.46997419  .00004564  00000+0  11541-1 0  9991
2 49104  87.9162 316.7267 0002391  98.8718 261.2685 13.18665895249592
ONEWEB-0319             
1 49105U 21075AG  26262.56205600  .00000022  00000+0  23070-4 0  9995
2 49105  87.9200 347.1268 0002374 108.4037 251.7353 13.17650806246035
ONEWEB-0323             
1 49106U 21075AH  26261.43132556  .00000296  00000+0  78847-3 0  9994
2 49106  87.8991 332.1422 0002282 112.2123 247.9248 13.12442597246788
ONEWEB-0329             
1 49107U 21075AJ  26262.57050047  .00000077  00000+0  16515-3 0  9996
2 49107  87.9199 347.1263 0001871 105.9438 254.1900 13.17650503246014
ONEWEB-0330             
1 49108U 21075AK  26262.57401049 -.00000001  00000+0 -36490-4 0  9993
2 49108  87.9206 347.1398 0001774 104.9670 255.1658 13.17647974246055
ONEWEB-0292             
1 49186U 21083A   26262.09254574  .00000205  00000+0  52624-3 0  9994
2 49186  87.8909 301.5518 0002008  98.7392 261.3965 13.13469140243252
ONEWEB-0303             
1 49187U 21083B   26262.08717716  .00000031  00000+0  46317-4 0  9996
2 49187  87.9162 316.8002 0002063 101.7942 258.3422 13.18685126242352
ONEWEB-0306             
1 49188U 21083C   26262.07705483 -.00000014  00000+0 -67410-4 0  9994
2 49188  87.9167 316.7936 0001717  92.8552 267.2777 13.18684342242390
ONEWEB-0307             
1 49189U 21083D   26262.08659689  .00000120  00000+0  29350-3 0  9998
2 49189  87.8915 301.5505 0001973  98.8714 261.2639 13.13469185243253
ONEWEB-0320             
1 49190U 21083E   26262.09729435  .00000051  00000+0  96684-4 0  9996
2 49190  87.9150 316.7972 0002009 106.3216 253.8137 13.18687545242353
ONEWEB-0321             
1 49191U 21083F   26262.74549580  .00000003  00000+0 -23975-4 0  9991
2 49191  87.9142 255.5699 0001973  83.9430 276.1928 13.20773527249316
ONEWEB-0322             
1 49192U 21083G   26261.85384557  .00000017  00000+0  12566-4 0  9992
2 49192  87.8911 301.5967 0001962  83.0206 277.1146 13.13470710243216
ONEWEB-0324             
1 49193U 21083H   26261.91857667  .00000021  00000+0  21102-4 0  9998
2 49193  87.9168 316.8310 0001802 101.0610 259.0725 13.18686786242359
ONEWEB-0325             
1 49194U 21083J   26261.92192973 -.00000016  00000+0 -73327-4 0  9994
2 49194  87.9161 316.8301 0002028  97.2793 262.8570 13.18687993242364
ONEWEB-0326             
1 49195U 21083K   26262.16489056  .00000051  00000+0  97507-4 0  9996
2 49195  87.9163 316.7854 0002195 101.4354 258.7025 13.18686712242384
ONEWEB-0327             
1 49196U 21083L   26261.93699468  .00000074  00000+0  15541-3 0  9993
2 49196  87.9157 316.8289 0002389  99.3053 260.8350 13.18686059242375
ONEWEB-0328             
1 49197U 21083M   26262.07221777 -.00000215  00000+0 -62476-3 0  9992
2 49197  87.8920 301.5357 0001805  97.7014 262.4320 13.13469843243226
ONEWEB-0331             
1 49198U 21083N   26262.15801355 -.00000076  00000+0 -22463-3 0  9995
2 49198  87.9167 316.7824 0002128 105.0192 255.1176 13.18686198242391
ONEWEB-0333             
1 49199U 21083P   26262.06714197 -.00000157  00000+0 -46617-3 0  9990
2 49199  87.8916 301.5537 0001982  95.0790 265.0565 13.13471542243231
ONEWEB-0334             
1 49200U 21083Q   26261.69923237  .00000045  00000+0  79540-4 0  9994
2 49200  87.9132 255.7906 0002048  67.2146 292.9204 13.20772507249132
ONEWEB-0335             
1 49201U 21083R   26262.82384044 -.00000247  00000+0 -71175-3 0  9999
2 49201  87.8913 301.4003 0001996  99.1502 260.9853 13.13469050243347
ONEWEB-0336             
1 49202U 21083S   26262.10946992  .00000284  00000+0  74248-3 0  9990
2 49202  87.8918 301.5374 0002028 104.2604 255.8751 13.13468667243245
ONEWEB-0337             
1 49203U 21083T   26262.80509095  .00000166  00000+0  42077-3 0  9991
2 49203  87.8915 301.4048 0001775  98.9441 261.1890 13.13468535243334
ONEWEB-0338             
1 49204U 21083U   26262.73709280  .00002680  00000+0  65585-2 0  9993
2 49204  87.9144 255.5841 0002028  79.3812 280.7550 13.20757897249298
ONEWEB-0339             
1 49205U 21083V   26262.05190243 -.00000096  00000+0 -29776-3 0  9996
2 49205  87.8915 301.5482 0001954  90.1497 269.9856 13.13468959243218
ONEWEB-0340             
1 49206U 21083W   26260.62696507  .00000013  00000+0 -28858-6 0  9993
2 49206  87.9165 317.0906 0001939 102.1469 257.9880 13.18687821242158
ONEWEB-0341             
1 49207U 21083X   26261.92361655 -.00000017  00000+0 -75651-4 0  9997
2 49207  87.9162 316.8321 0001590 108.9274 251.2030 13.18687433242349
ONEWEB-0342             
1 49208U 21083Y   26262.21352191  .00000013  00000+0 -75501-6 0  9997
2 49208  87.9140 255.6785 0001936  85.6882 274.4473 13.20770940249197
ONEWEB-0343             
1 49209U 21083Z   26261.85617677 -.00000029  00000+0 -10615-3 0  9990
2 49209  87.9163 316.8449 0001715  87.7447 272.3882 13.18687054242380
ONEWEB-0344             
1 49210U 21083AA  26262.04682294 -.00000038  00000+0 -13916-3 0  9998
2 49210  87.8915 301.5611 0001618 105.8640 254.2667 13.13468292243216
ONEWEB-0345             
1 49211U 21083AB  26262.80014500  .00000414  00000+0  10980-2 0  9995
2 49211  87.8921 301.4008 0001567 101.2071 258.9234 13.13469285243320
ONEWEB-0346             
1 49212U 21083AC  26261.85279372 -.00000010  00000+0 -56913-4 0  9992
2 49212  87.9165 316.8447 0002377 108.6140 251.5250 13.18687747242323
ONEWEB-0348             
1 49213U 21083AD  26262.73373782 -.00000008  00000+0 -52441-4 0  9990
2 49213  87.9141 255.5800 0001986 102.3300 257.8056 13.20771822249291
ONEWEB-0350             
1 49214U 21083AE  26262.05712842 -.00000251  00000+0 -72108-3 0  9991
2 49214  87.8914 301.5512 0002759  78.4124 281.7315 13.13469706243258
ONEWEB-0351             
1 49215U 21083AF  26262.80260531  .00000047  00000+0  83075-4 0  9995
2 49215  87.9142 255.5655 0001491  74.7783 285.3515 13.20770649249269
ONEWEB-0352             
1 49216U 21083AG  26261.87585265  .00000311  00000+0  81782-3 0  9992
2 49216  87.8915 301.5903 0001657  87.4055 272.7264 13.13468515243322
ONEWEB-0354             
1 49217U 21083AH  26262.75393895  .00000078  00000+0  15932-3 0  9991
2 49217  87.9141 255.5730 0001828 102.6359 257.4979 13.20771330249293
ONEWEB-0355             
1 49218U 21083AJ  26262.05782023 -.00000245  00000+0 -70681-3 0  9990
2 49218  87.8917 301.5552 0001710  92.8958 267.2367 13.13469581243224
ONEWEB-0357             
1 49219U 21083AK  26262.75055160  .00000067  00000+0  13293-3 0  9999
2 49219  87.9143 255.5675 0001728  87.8645 272.2687 13.20770004249294
ONEWEB-0332             
1 49279U 21090A   26262.75761841 -.00000102  00000+0 -30978-3 0  9994
2 49279  87.8896 270.8463 0001971  85.6348 274.5007 13.14503422240007
ONEWEB-0347             
1 49280U 21090B   26262.74045219  .00000018  00000+0  12095-4 0  9994
2 49280  87.9142 255.5775 0002103  82.1566 277.9806 13.20770626243525
ONEWEB-0349             
1 49281U 21090C   26262.77247227  .00000064  00000+0  12593-3 0  9994
2 49281  87.9138 255.5709 0002065  89.3494 270.7876 13.20772558242314
ONEWEB-0353             
1 49282U 21090D   26262.82612063 -.00000120  00000+0 -35774-3 0  9996
2 49282  87.8898 270.8298 0002028  85.1250 275.0111 13.14504714240018
ONEWEB-0356             
1 49283U 21090E   26261.93741031 -.00010179  00000+0 -25081-1 0  9999
2 49283  87.9141 255.7299 0001552 111.5406 248.5893 13.20810743242206
ONEWEB-0358             
1 49284U 21090F   26262.80695363  .00000040  00000+0  66142-4 0  9993
2 49284  87.9143 255.5667 0002036  91.5945 268.5421 13.20770215243040
ONEWEB-0359             
1 49285U 21090G   26262.72193963  .00000055  00000+0  10355-3 0  9994
2 49285  87.9142 255.5752 0002033  93.9233 266.2133 13.20770216243011
ONEWEB-0360             
1 49286U 21090H   26262.71184926  .00000133  00000+0  29623-3 0  9998
2 49286  87.9142 255.5834 0001879  87.9271 272.2078 13.20772349242322
ONEWEB-0361             
1 49287U 21090J   26262.69331480  .00000085  00000+0  17764-3 0  9994
2 49287  87.9142 255.5858 0002008  91.5136 268.6227 13.20773610242771
ONEWEB-0362             
1 49288U 21090K   26262.79658977  .00000079  00000+0  16618-3 0  9999
2 49288  87.9105 286.1259 0001669  90.0562 270.0762 13.19726224239397
ONEWEB-0363             
1 49289U 21090L   26262.78424512  .00000143  00000+0  32015-3 0  9996
2 49289  87.9142 255.5674 0002277  91.3609 268.7785 13.20771476242790
ONEWEB-0364             
1 49290U 21090M   26262.74717289  .00000037  00000+0  59514-4 0  9996
2 49290  87.9141 255.5824 0001963  86.9386 273.1972 13.20769488243925
ONEWEB-0365             
1 49291U 21090N   26262.80605340  .00000038  00000+0  62295-4 0  9999
2 49291  87.9109 286.1181 0001881  92.5985 267.5363 13.19726899238903
ONEWEB-0366             
1 49292U 21090P   26262.74662367 -.00000196  00000+0 -56206-3 0  9996
2 49292  87.8898 270.8467 0001925  91.5922 268.5428 13.14503747239986
ONEWEB-0367             
1 49293U 21090Q   26262.70762462  .00000136  00000+0  30329-3 0  9990
2 49293  87.9142 255.5850 0001868  83.2850 276.8495 13.20773117242303
ONEWEB-0368             
1 49294U 21090R   26262.75730917  .00000060  00000+0  11548-3 0  9994
2 49294  87.9144 255.5791 0002604  79.4513 280.6914 13.20772172243469
ONEWEB-0369             
1 49295U 21090S   26262.80133480  .00000013  00000+0  88086-6 0  9995
2 49295  87.9106 286.1215 0002345  92.0020 268.1382 13.19726470238894
ONEWEB-0370             
1 49296U 21090T   26262.71690531  .00000055  00000+0  10451-3 0  9995
2 49296  87.9142 255.5816 0001688  90.9545 269.1782 13.20772048242344
ONEWEB-0371             
1 49297U 21090U   26262.80923222  .00000001  00000+0 -30690-4 0  9992
2 49297  87.9107 286.1168 0002168  91.7527 268.3854 13.19725950238938
ONEWEB-0372             
1 49298U 21090V   26262.78240815  .00000113  00000+0  24619-3 0  9996
2 49298  87.9139 255.5712 0002034  86.8835 273.2531 13.20770571242324
ONEWEB-0373             
1 49299U 21090W   26262.73203019  .00000051  00000+0  93498-4 0  9990
2 49299  87.9143 255.5800 0001955  91.9439 268.1918 13.20773626243503
ONEWEB-0374             
1 49300U 21090X   26262.80920340 -.00000009  00000+0 -60121-4 0  9996
2 49300  87.8909 270.8292 0002380 100.3843 259.7555 13.14502371239998
ONEWEB-0375             
1 49301U 21090Y   26262.72024587  .00000113  00000+0  24693-3 0  9993
2 49301  87.9142 255.5748 0002378  98.1964 261.9439 13.20773582243004
ONEWEB-0376             
1 49302U 21090Z   26262.80762843 -.00000019  00000+0 -78660-4 0  9998
2 49302  87.9107 286.1164 0001924  87.1594 272.9759 13.19726501238931
ONEWEB-0377             
1 49303U 21090AA  26262.78269380  .00000105  00000+0  22690-3 0  9999
2 49303  87.9144 255.5645 0002244  92.2211 267.9179 13.20772896243000
ONEWEB-0378             
1 49304U 21090AB  26262.80289464  .00000066  00000+0  12952-3 0  9994
2 49304  87.9142 255.5634 0002113  88.7651 271.3724 13.20772307242270
ONEWEB-0379             
1 49305U 21090AC  26262.72801640  .00000129  00000+0  31310-3 0  9991
2 49305  87.8896 270.8523 0002041  89.6015 270.5348 13.14502065239989
ONEWEB-0380             
1 49306U 21090AD  26262.80449235  .00000058  00000+0  11246-3 0  9996
2 49306  87.9103 286.1182 0001905  98.2720 261.8629 13.19725454238900
ONEWEB-0381             
1 49307U 21090AE  26262.77918647  .00000060  00000+0  11454-3 0  9995
2 49307  87.9139 255.5704 0002216  93.3124 266.8263 13.20772395242317
ONEWEB-0382             
1 49308U 21090AF  26262.76571365  .00000108  00000+0  23386-3 0  9997
2 49308  87.9143 255.5671 0002227  92.0054 268.1334 13.20773107242301
ONEWEB-0383             
1 49309U 21090AG  26262.79734898  .00000174  00000+0  43560-3 0  9992
2 49309  87.8900 270.8320 0002067  90.5282 269.6085 13.14501893240021
ONEWEB-0384             
1 49310U 21090AH  26262.75119859 -.00000008  00000+0 -50872-4 0  9997
2 49310  87.9142 255.6125 0002513  90.9612 269.1809 13.20817963242311
ONEWEB-0385             
1 49311U 21090AJ  26262.68321478  .00000028  00000+0  36019-4 0  9999
2 49311  87.9143 255.5882 0002146  90.8311 269.3068 13.20770286242279
ONEWEB-0386             
1 49312U 21090AK  26262.70006410 -.00000806  00000+0 -20143-2 0  9994
2 49312  87.9156 255.5763 0002292  83.8614 276.2780 13.20785133242299
ONEWEB-0387             
1 49313U 21090AL  26262.68490667 -.00000010  00000+0 -57518-4 0  9998
2 49313  87.9146 255.5967 0002134  97.4531 262.6844 13.20772621242297
ONEWEB-0388             
1 49314U 21090AM  26262.79973020 -.00000198  00000+0 -52752-3 0  9991
2 49314  87.9108 286.1168 0002032  93.5201 266.6164 13.19725192238896
ONEWEB-0389             
1 50469U 21132A   26262.58738709  .00000055  00000+0  10766-3 0  9990
2 50469  87.9197 347.1229 0002168 101.0925 259.0450 13.17650870230514
ONEWEB-0390             
1 50470U 21132B   26262.58905470  .00000070  00000+0  14613-3 0  9995
2 50470  87.9197 347.1230 0001678 105.4118 254.7199 13.17650857230512
ONEWEB-0391             
1 50471U 21132C   26262.51482169  .00000069  00000+0  14522-3 0  9991
2 50471  87.9197 347.1476 0002195 123.8347 236.2994 13.17650282230507
ONEWEB-0392             
1 50472U 21132D   26262.54517980  .00000064  00000+0  13259-3 0  9996
2 50472  87.9210 347.1173 0002114 110.8478 249.2880 13.17650892230549
ONEWEB-0393             
1 50473U 21132E   26262.52071703 -.00000004  00000+0 -44480-4 0  9990
2 50473  87.9199 347.1314 0001959 104.6716 255.4632 13.17647857230535
ONEWEB-0394             
1 50474U 21132F   26262.48849875  .00000124  00000+0  28163-3 0  9999
2 50474  87.9165 316.7082 0002100  97.5790 262.5580 13.18686341234025
ONEWEB-0395             
1 50475U 21132G   26262.24109855 -.00000441  00000+0 -12800-2 0  9995
2 50475  87.8970   2.3685 0001621 103.9690 256.1618 13.11418842228042
ONEWEB-0396             
1 50476U 21132H   26262.48174848  .00000076  00000+0  15938-3 0  9994
2 50476  87.9161 316.7212 0002102  99.6158 260.5211 13.18687893234067
ONEWEB-0397             
1 50477U 21132J   26262.49693183  .00000112  00000+0  25035-3 0  9994
2 50477  87.9163 316.7189 0002175  97.2041 262.9338 13.18686323234049
ONEWEB-0398             
1 50478U 21132K   26262.59024133  .00000303  00000+0  82026-3 0  9994
2 50478  87.8972   2.2968 0001511 106.2239 253.9056 13.11415327227981
ONEWEB-0399             
1 50479U 21132L   26262.57667622  .00000488  00000+0  13422-2 0  9996
2 50479  87.8967   2.3058 0002203 109.4177 250.7189 13.11418018227973
ONEWEB-0400             
1 50480U 21132M   26261.10923036  .00000085  00000+0  18364-3 0  9994
2 50480  87.9167 316.9862 0001798  99.1383 260.9953 13.18686456233853
ONEWEB-0401             
1 50481U 21132N   26262.44465175 -.00000021  00000+0 -84896-4 0  9994
2 50481  87.9168 316.7187 0002121  92.9607 267.1767 13.18684566234037
ONEWEB-0402             
1 50482U 21132P   26262.40753934  .00000298  00000+0  72223-3 0  9998
2 50482  87.9180 316.7137 0002338  89.9931 270.1469 13.18690185234052
ONEWEB-0403             
1 50483U 21132Q   26262.50871154  .00000096  00000+0  21066-3 0  9990
2 50483  87.9163 316.7166 0002039 100.4625 259.6737 13.18684525234021
ONEWEB-0404             
1 50484U 21132R   26262.25283363  .00000070  00000+0  16274-3 0  9999
2 50484  87.8972   2.3691 0001917 110.7339 249.3994 13.11419086228025
ONEWEB-0405             
1 50485U 21132S   26262.44634125 -.00000008  00000+0 -52443-4 0  9999
2 50485  87.9167 316.7179 0001476  98.4102 261.7197 13.18686836234415
ONEWEB-0406             
1 50486U 21132T   26262.51378653  .00000009  00000+0 -10662-4 0  9996
2 50486  87.9164 316.7150 0002257 110.5632 249.5742 13.18686940234050
ONEWEB-0407             
1 50487U 21132U   26262.50703007  .00000105  00000+0  23277-3 0  9992
2 50487  87.9165 316.7121 0001894  91.5991 268.5358 13.18687440233994
ONEWEB-0409             
1 50488U 21132V   26262.55632139 -.00000004  00000+0 -48250-4 0  9994
2 50488  87.8973   2.3004 0001808 110.1638 249.9685 13.11419034227950
ONEWEB-0412             
1 50489U 21132W   26262.49524297  .00000095  00000+0  20744-3 0  9998
2 50489  87.9159 316.7183 0002193  91.5322 268.6061 13.18686219234084
ONEWEB-0413             
1 50490U 21132X   26262.50027235 -.00000088  00000+0 -25498-3 0  9997
2 50490  87.9166 316.7162 0002124  90.0004 270.1371 13.18685016234026
ONEWEB-0414             
1 50491U 21132Y   26262.10574005  .00000042  00000+0  74659-4 0  9998
2 50491  87.9167 316.7805 0002149  96.8285 263.3092 13.18686738234008
ONEWEB-0417             
1 50492U 21132Z   26262.49353567 -.00000005  00000+0 -46330-4 0  9995
2 50492  87.9162 316.7174 0001965 104.0147 256.1203 13.18687734234031
ONEWEB-0418             
1 50493U 21132AA  26262.50352470  .00000075  00000+0  15755-3 0  9991
2 50493  87.9161 316.7171 0002003 109.1368 250.9981 13.18687174234092
ONEWEB-0419             
1 50494U 21132AB  26262.46343067  .00000002  00000+0 -28267-4 0  9993
2 50494  87.9167 316.7365 0001808 105.6373 254.4958 13.17086336234009
ONEWEB-0420             
1 50495U 21132AC  26262.48680529  .00000082  00000+0  17548-3 0  9999
2 50495  87.9157 316.7188 0001884  91.4578 268.6770 13.18687309234002
ONEWEB-0421             
1 50496U 21132AD  26262.40418786 -.00000044  00000+0 -14420-3 0  9992
2 50496  87.9167 316.7353 0002322  96.1711 263.9686 13.18687289234031
ONEWEB-0424             
1 50497U 21132AE  26262.13777744  .00000009  00000+0 -11091-4 0  9997
2 50497  87.9163 316.7899 0001654 104.2153 255.9163 13.18686231234027
ONEWEB-0426             
1 50498U 21132AF  26262.46985794  .00000003  00000+0 -26034-4 0  9997
2 50498  87.9173 316.7141 0002476 108.4398 251.7004 13.18684677234018
ONEWEB-0427             
1 50499U 21132AG  26262.43959948  .00000042  00000+0  74346-4 0  9998
2 50499  87.9168 316.7123 0002029 103.0682 257.0677 13.18685848234032
ONEWEB-0429             
1 50500U 21132AH  26262.50196044  .00000058  00000+0  11507-3 0  9995
2 50500  87.9157 316.7165 0001922  93.2797 266.8555 13.18687501234016
ONEWEB-0430             
1 50501U 21132AJ  26262.49016625 -.00000054  00000+0 -17059-3 0  9996
2 50501  87.9159 316.7176 0001726  90.3409 269.7921 13.18687123234054
ONEWEB-0432             
1 50502U 21132AK  26262.47317976  .00000003  00000+0 -25731-4 0  9998
2 50502  87.9167 316.7124 0001471  96.0440 264.0860 13.18686559234009
ONEWEB-0440             
1 50503U 21132AL  26262.43451231 -.00000295  00000+0 -78089-3 0  9995
2 50503  87.9162 316.7305 0002142  90.8412 269.2965 13.18685983233993
ONEWEB-0450             
1 50504U 21132AM  26262.50380543 -.00000025  00000+0 -95556-4 0  9991
2 50504  87.9165 316.7140 0001847  92.1975 267.9369 13.18686718234030
ONEWEB-0410             
1 51622U 22012A   26262.52998749  .00000077  00000+0  16402-3 0  9993
2 51622  87.9198 347.1292 0002871 123.5609 236.5797 13.17651256226121
ONEWEB-0411             
1 51623U 22012B   26262.62027865  .00000690  00000+0  19416-2 0  9995
2 51623  87.8906  17.4727 0001303  91.2357 268.8920 13.10372456221652
ONEWEB-0415             
1 51624U 22012C   26262.08238735  .00000645  00000+0  18120-2 0  9997
2 51624  87.8909  17.5757 0001434 109.2172 250.9110 13.10372831221582
ONEWEB-0416             
1 51625U 22012D   26262.32334838  .00000459  00000+0  12784-2 0  9999
2 51625  87.8898  17.5395 0001464 110.6328 249.4957 13.10370291221658
ONEWEB-0422             
1 51626U 22012E   26262.54012652  .00000017  00000+0  11837-4 0  9991
2 51626  87.9201 347.1248 0001984  82.6703 277.4654 13.17648246226238
ONEWEB-0423             
1 51627U 22012F   26262.00182569  .00000004  00000+0 -23698-4 0  9993
2 51627  87.9199 347.2353 0001953 102.7041 257.4309 13.17648508226054
ONEWEB-0425             
1 51628U 22012G   26261.56992831 -.00000195  00000+0 -59441-3 0  9991
2 51628  87.8901  17.6762 0001958 114.5464 245.5868 13.10369366221555
ONEWEB-0428             
1 51629U 22012H   26262.61860119  .00000663  00000+0  18636-2 0  9990
2 51629  87.8899  17.4718 0001736 100.1104 260.0220 13.10374240221659
ONEWEB-0431             
1 51630U 22012J   26262.66423416 -.00000549  00000+0 -16092-2 0  9991
2 51630  87.8911  17.4592 0001291  90.1346 269.9929 13.10373851221716
ONEWEB-0434             
1 51631U 22012K   26262.64247497 -.00000183  00000+0 -56080-3 0  9999
2 51631  87.8897  17.4903 0002255 118.4626 241.6729 13.10370182221698
ONEWEB-0435             
1 51632U 22012L   26261.58010407 -.00000614  00000+0 -17944-2 0  9995
2 51632  87.8899  17.6823 0001743  89.7807 270.3520 13.10372797221542
ONEWEB-0436             
1 51633U 22012M   26262.52494307  .00000037  00000+0  61761-4 0  9991
2 51633  87.9209 347.1202 0001968  94.2250 265.9106 13.17650023226108
ONEWEB-0438             
1 51634U 22012N   26262.32844420 -.00000564  00000+0 -16527-2 0  9990
2 51634  87.8896  17.5369 0001847 107.1169 253.0161 13.10383164221679
ONEWEB-0439             
1 51635U 22012P   26262.56088531  .00000059  00000+0  13162-3 0  9990
2 51635  87.8903  17.4810 0001919 103.4306 256.7035 13.10370062221685
ONEWEB-0442             
1 51636U 22012Q   26262.51734189 -.00000034  00000+0 -12105-3 0  9994
2 51636  87.9199 347.1465 0002179 114.7512 245.3846 13.17650941226094
ONEWEB-0443             
1 51637U 22012R   26262.53674281  .00000018  00000+0  12795-4 0  9999
2 51637  87.9198 347.1429 0002233  97.7607 262.3778 13.17650976226147
ONEWEB-0444             
1 51638U 22012S   26261.55806117  .00000335  00000+0  92280-3 0  9994
2 51638  87.8904  17.6787 0002010 100.4830 259.6524 13.10369881221565
ONEWEB-0445             
1 51639U 22012T   26262.26562279 -.00000396  00000+0 -11698-2 0  9994
2 51639  87.8908  17.5314 0001625 104.2514 255.8793 13.10370452221660
ONEWEB-0446             
1 51640U 22012U   26262.09086983  .00000522  00000+0  14598-2 0  9991
2 51640  87.8896  17.5869 0001527 110.4570 249.6721 13.10369853221626
ONEWEB-0448             
1 51641U 22012V   26262.24868321  .00000439  00000+0  12200-2 0  9998
2 51641  87.8898  17.5508 0001774 102.1737 257.9589 13.10370569221615
ONEWEB-0449             
1 51642U 22012W   26260.80294911 -.00000173  00000+0 -53090-3 0  9997
2 51642  87.8910  17.8292 0002032 114.3442 245.7897 13.10366750221434
ONEWEB-0451             
1 51643U 22012X   26262.59749993 -.00000013  00000+0 -67799-4 0  9996
2 51643  87.9209 347.1046 0002009 105.1976 254.9378 13.17649232226096
ONEWEB-0452             
1 51644U 22012Y   26261.98833407  .00000014  00000+0  30906-5 0  9993
2 51644  87.9195 347.2514 0002261 103.7589 256.3794 13.17648022226023
ONEWEB-0456             
1 51646U 22012AA  26262.64402169 -.00000291  00000+0 -86869-3 0  9992
2 51646  87.8907  17.4569 0001770  98.3813 261.7515 13.10370722221718
ONEWEB-0457             
1 51647U 22012AB  26262.62183872  .00000661  00000+0  18583-2 0  9994
2 51647  87.8904  17.4716 0001595 113.8893 246.2402 13.10373132221717
ONEWEB-0458             
1 51648U 22012AC  26258.05143825 -.00007879  00000+0 -22150-1 0  9995
2 51648  87.8897  18.3619 0000344 126.7082 233.4078 13.11833582221072
ONEWEB-0461             
1 51649U 22012AD  26262.23806692 -.00000015  00000+0 -71058-4 0  9998
2 51649  87.9201 347.1856 0001755 102.3604 257.7724 13.17651040226273
ONEWEB-0463             
1 51650U 22012AE  26262.21950152 -.00000021  00000+0 -85976-4 0  9990
2 51650  87.9192 347.2052 0001751 105.1237 255.0089 13.17651019226059
ONEWEB-0464             
1 51651U 22012AF  26262.56427770 -.00000124  00000+0 -39250-3 0  9991
2 51651  87.8895  17.4899 0001988  94.8984 265.2371 13.10369092221680
ONEWEB-0468             
1 51652U 22012AG  26262.64572113 -.00000415  00000+0 -12245-2 0  9990
2 51652  87.8895  17.4668 0001837  96.0985 264.0352 13.10370964221678
ONEWEB-0473             
1 51653U 22012AH  26262.09765037  .00000166  00000+0  43856-3 0  9993
2 51653  87.8895  17.5767 0001702  99.3535 260.7785 13.10369367221609
ONEWEB-0474             
1 51654U 22012AJ  26262.62368652  .00000652  00000+0  18307-2 0  9997
2 51654  87.8905  17.4663 0001916  97.3531 262.7814 13.10374156221660
ONEWEB-0475             
1 51655U 22012AK  26262.00352242  .00000029  00000+0  42649-4 0  9994
2 51655  87.9202 347.2431 0002353  89.6247 270.5155 13.17648956226044
ONEWEB-0490             
1 54113U 22138A   26262.37484341  .00000006  00000+0 -17599-4 0  9993
2 54113  87.9109 286.2037 0001916  87.0983 273.0369 13.19723749189251
ONEWEB-0492             
1 54114U 22138B   26262.77921289  .00000047  00000+0  84791-4 0  9997
2 54114  87.9114 286.1226 0001721  87.5560 272.5770 13.19726383189311
ONEWEB-0495             
1 54115U 22138C   26262.75710795 -.00000032  00000+0 -11126-3 0  9991
2 54115  87.9102 286.1264 0002025  73.5653 286.5703 13.19725669189291
ONEWEB-0497             
1 54116U 22138D   26262.76973354  .00000029  00000+0  39838-4 0  9990
2 54116  87.9113 286.1224 0001926  89.3518 270.7835 13.19726933189289
ONEWEB-0499             
1 54117U 22138E   26262.82895758 -.00000037  00000+0 -12454-3 0  9994
2 54117  87.9109 286.1136 0002010  87.0204 273.1158 13.19723136189309
ONEWEB-0500             
1 54118U 22138F   26262.37643293 -.00000016  00000+0 -72735-4 0  9996
2 54118  87.9111 286.2025 0001831  91.3485 268.7858 13.19720931189251
ONEWEB-0501             
1 54119U 22138G   26262.78554155  .00000081  00000+0  17082-3 0  9993
2 54119  87.9107 286.1216 0001979  79.7780 280.3575 13.19726461189282
ONEWEB-0502             
1 54120U 22138H   26261.33078716  .00000033  00000+0  49348-4 0  9997
2 54120  87.9115 286.4033 0002090  86.5780 273.5592 13.19726677189118
ONEWEB-0503             
1 54121U 22138J   26262.76024456  .00000084  00000+0  17730-3 0  9993
2 54121  87.9111 286.1244 0002121  94.7832 265.3543 13.19726966189295
ONEWEB-0504             
1 54122U 22138K   26262.82345139  .00000027  00000+0  35301-4 0  9997
2 54122  87.9111 286.1145 0002059  86.4086 273.7282 13.19725376189315
ONEWEB-0505             
1 54123U 22138L   26262.82028822 -.00000009  00000+0 -54511-4 0  9991
2 54123  87.9106 286.1144 0002071  79.6044 280.5322 13.19726226189294
ONEWEB-0506             
1 54124U 22138M   26262.79502213  .00000053  00000+0  99119-4 0  9999
2 54124  87.9110 286.1193 0001991  82.6754 277.4605 13.19725606189285
ONEWEB-0507             
1 54125U 22138N   26262.81553767 -.00000047  00000+0 -15055-3 0  9994
2 54125  87.9101 286.1195 0001911  86.3589 273.7763 13.19725885189336
ONEWEB-0508             
1 54126U 22138P   26262.81237228  .00000032  00000+0  47481-4 0  9997
2 54126  87.9106 286.1195 0001909  81.7776 278.3573 13.19723520189318
ONEWEB-0509             
1 54127U 22138Q   26262.78710903 -.00000008  00000+0 -53325-4 0  9999
2 54127  87.9111 286.1224 0001865  88.8123 271.3223 13.19724433189288
ONEWEB-0510             
1 54128U 22138R   26262.75223769  .00000063  00000+0  12258-3 0  9994
2 54128  87.9144 255.5700 0002003 100.5169 259.6190 13.20770241191769
ONEWEB-0511             
1 54129U 22138S   26262.40485962  .00000084  00000+0  17827-3 0  9992
2 54129  87.9107 286.1976 0002196  90.9995 269.1389 13.19724296189261
ONEWEB-0512             
1 54130U 22138T   26262.39695959  .00000112  00000+0  24721-3 0  9994
2 54130  87.9109 286.2004 0002110  84.1198 276.0175 13.19724137189235
ONEWEB-0513             
1 54131U 22138U   26262.81866567  .00000074  00000+0  15185-3 0  9998
2 54131  87.9107 286.0465 0002626  77.4103 282.7323 13.20260721189208
ONEWEB-0514             
1 54132U 22138V   26262.79183541  .00000058  00000+0  11150-3 0  9990
2 54132  87.9105 286.1207 0001933  96.4919 263.6434 13.19726517189308
ONEWEB-0515             
1 54133U 22138W   26262.28424713 -.00000040  00000+0 -12957-3 0  9993
2 54133  87.9144 255.6626 0001296 107.0161 253.1115 13.20771398191726
ONEWEB-0516             
1 54134U 22138X   26262.31167453  .00000069  00000+0  13937-3 0  9991
2 54134  87.9104 286.2179 0001826  89.5204 270.6138 13.19726206189246
ONEWEB-0517             
1 54135U 22138Y   26262.82187314  .00000044  00000+0  76606-4 0  9992
2 54135  87.9114 286.1139 0002173  95.6786 264.4595 13.19726061189317
ONEWEB-0518             
1 54136U 22138Z   26262.31008984 -.00000004  00000+0 -43504-4 0  9991
2 54136  87.9107 286.2198 0001746  89.2570 270.8763 13.19723951189246
ONEWEB-0519             
1 54137U 22138AA  26262.03209945  .00000094  00000+0  20149-3 0  9997
2 54137  87.9106 286.2716 0002085  95.4140 264.7231 13.19726648189216
ONEWEB-0520             
1 54138U 22138AB  26262.82502983  .00000015  00000+0  53819-5 0  9998
2 54138  87.9110 286.1150 0001909  83.9069 276.2281 13.19725409189306
ONEWEB-0521             
1 54139U 22138AC  26262.32748198  .00000053  00000+0  10008-3 0  9997
2 54139  87.9114 286.2062 0002129  97.1305 263.0070 13.19725755189189
ONEWEB-0522             
1 54140U 22138AD  26262.38275617  .00000063  00000+0  12380-3 0  9992
2 54140  87.9111 286.1961 0002132  91.3815 268.7562 13.19726781189235
ONEWEB-0523             
1 54141U 22138AE  26262.72530679  .00000140  00000+0  31345-3 0  9991
2 54141  87.9143 255.5819 0001908 111.6565 248.4771 13.20772944191785
ONEWEB-0524             
1 54142U 22138AF  26262.71520115  .00000075  00000+0  15174-3 0  9994
2 54142  87.9142 255.5799 0001151  98.1834 261.9430 13.20772944191782
ONEWEB-0525             
1 54143U 22138AG  26262.78078554  .00000131  00000+0  29461-3 0  9994
2 54143  87.9109 286.1226 0001805  78.9804 281.1532 13.19723946189308
ONEWEB-0526             
1 54144U 22138AH  26262.81395723  .00000063  00000+0  12592-3 0  9990
2 54144  87.9109 286.1162 0001812  88.4981 271.6359 13.19723846189285
ONEWEB-0529             
1 54145U 22138AJ  26262.81712698  .00000082  00000+0  17252-3 0  9994
2 54145  87.9104 286.1187 0001870  84.8981 275.2366 13.19726028189308
ONEWEB-0531             
1 54146U 22138AK  26262.77750355  .00000008  00000+0 -12712-4 0  9998
2 54146  87.9142 255.5646 0001956 105.2593 254.8757 13.20772835191795
ONEWEB-0535             
1 54147U 22138AL  26262.77448054  .00000059  00000+0  11515-3 0  9993
2 54147  87.9117 286.1192 0001957 101.1465 258.9888 13.19726408189316
ONEWEB-0536             
1 54148U 22138AM  26262.76401911  .00000004  00000+0 -21676-4 0  9995
2 54148  87.9139 255.5820 0001538 116.5063 243.6228 13.20772854191789
ONEWEB-0527             
1 54642U 22166A   26262.72146073  .00000029  00000+0  38053-4 0  9999
2 54642  87.9277 225.1777 0002048  79.2349 280.9016 13.21826501184022
ONEWEB-0528             
1 54643U 22166B   26262.72229828  .00000031  00000+0  42739-4 0  9999
2 54643  87.9278 225.1811 0002020  74.8424 285.2933 13.21826115184036
ONEWEB-0539             
1 54644U 22166C   26262.68444866  .00000015  00000+0  38109-5 0  9995
2 54644  87.9285 225.1664 0002282  81.6157 278.5235 13.21827117184022
ONEWEB-0540             
1 54645U 22166D   26262.69131356  .00000125  00000+0  27047-3 0  9993
2 54645  87.9275 225.1889 0002114  82.2664 277.8710 13.21824209184013
ONEWEB-0542             
1 54646U 22166E   26262.61883405 -.00000820  00000+0 -20174-2 0  9992
2 54646  87.9286 225.1798 0002418  82.6894 277.4515 13.21829099184012
ONEWEB-0545             
1 54647U 22166F   26262.65921184 -.00000014  00000+0 -65334-4 0  9998
2 54647  87.9279 225.1759 0002572  92.5679 267.5750 13.21826955183988
ONEWEB-0580             
1 54648U 22166G   26262.70969031  .00000041  00000+0  68758-4 0  9999
2 54648  87.9279 225.1654 0002295  89.1984 270.9413 13.21824931184039
ONEWEB-0582             
1 54649U 22166H   26262.67602733  .00000003  00000+0 -25292-4 0  9994
2 54649  87.9282 225.1673 0002518  85.9380 274.2042 13.21827956184009
ONEWEB-0583             
1 54650U 22166J   26262.68781796  .00000054  00000+0  98637-4 0  9992
2 54650  87.9279 225.1860 0002186  81.9963 278.1419 13.21825165184011
ONEWEB-0584             
1 54651U 22166K   26262.70799944  .00000059  00000+0  11183-3 0  9995
2 54651  87.9277 225.1650 0002093  82.6861 277.4511 13.21824098184007
ONEWEB-0585             
1 54652U 22166L   26262.65583700  .00000013  00000+0 -27391-6 0  9993
2 54652  87.9285 225.1680 0001927  75.7546 284.3801 13.21828108184003
ONEWEB-0586             
1 54653U 22166M   26262.66931847  .00000023  00000+0  23436-4 0  9998
2 54653  87.9280 225.1879 0002323  83.4522 276.6876 13.21824955184002
ONEWEB-0587             
1 54654U 22166N   26262.67941086  .00000052  00000+0  94132-4 0  9999
2 54654  87.9288 225.1688 0001785  74.0736 286.0594 13.21826639184163
ONEWEB-0589             
1 54655U 22166P   26262.59025313  .00000020  00000+0  16110-4 0  9992
2 54655  87.9279 225.1868 0002731  93.3041 266.8406 13.21826665184010
ONEWEB-0590             
1 54656U 22166Q   26262.31255757  .00000077  00000+0  15408-3 0  9990
2 54656  87.9289 225.2409 0001818  91.8031 268.3311 13.21824508183960
ONEWEB-0591             
1 54657U 22166R   26262.70295052  .00000090  00000+0  18625-3 0  9995
2 54657  87.9276 225.1700 0002058  82.6134 277.5234 13.21827165184047
ONEWEB-0592             
1 54658U 22166S   26262.70631000  .00000122  00000+0  26429-3 0  9990
2 54658  87.9288 225.1563 0002051  80.0222 280.1143 13.21824259183927
ONEWEB-0593             
1 54659U 22166T   26262.65249367  .00000026  00000+0  30573-4 0  9995
2 54659  87.9284 225.1734 0002211  78.8821 281.2561 13.21826082184026
ONEWEB-0594             
1 54660U 22166U   26262.29417955  .00000142  00000+0  31196-3 0  9997
2 54660  87.9278 225.2580 0001965  75.5008 284.6344 13.21823927183993
ONEWEB-0595             
1 54661U 22166V   26262.64912573 -.00000059  00000+0 -17373-3 0  9993
2 54661  87.9286 225.1756 0001832  79.8848 280.2492 13.21826447184019
ONEWEB-0596             
1 54662U 22166W   26262.62387734 -.00000262  00000+0 -66683-3 0  9991
2 54662  87.9279 225.1863 0001990  79.8575 280.2783 13.21825458184017
ONEWEB-0597             
1 54663U 22166X   26262.68109001  .00000083  00000+0  17026-3 0  9993
2 54663  87.9277 225.1764 0002140  81.8449 278.2927 13.21826901184029
ONEWEB-0600             
1 54664U 22166Y   26262.66258237  .00000009  00000+0 -10592-4 0  9999
2 54664  87.9279 225.1725 0002213  76.8761 283.2620 13.21826828183990
ONEWEB-0601             
1 54665U 22166Z   26262.65418138 -.00000630  00000+0 -15571-2 0  9998
2 54665  87.9279 225.1886 0002426  81.3409 278.8000 13.21828114184189
ONEWEB-0602             
1 54666U 22166AA  26261.33283242 -.00000273  00000+0 -69278-3 0  9996
2 54666  87.9276 225.4563 0002276  76.2591 283.8796 13.21825645183857
ONEWEB-0603             
1 54667U 22166AB  26262.70127112  .00000114  00000+0  24457-3 0  9994
2 54667  87.9287 225.1514 0002164  80.0197 280.1181 13.21824306183967
ONEWEB-0604             
1 54668U 22166AC  26261.62974558  .00000016  00000+0  71338-5 0  9992
2 54668  87.9276 225.3789 0002067  78.0033 282.1332 13.21826500183788
ONEWEB-0605             
1 54669U 22166AD  26262.60706571  .00000093  00000+0  19448-3 0  9997
2 54669  87.9277 225.1918 0002256  95.6122 264.5269 13.21825154183985
ONEWEB-0606             
1 54670U 22166AE  26262.32615161  .00000069  00000+0  13562-3 0  9996
2 54670  87.9279 225.2595 0002009  76.5110 283.6247 13.21825026184002
ONEWEB-0607             
1 54671U 22166AF  26262.36819597  .00000052  00000+0  93446-4 0  9992
2 54671  87.9285 225.2280 0002041  82.4051 277.7314 13.21825719183981
ONEWEB-0608             
1 54672U 22166AG  26262.67771253  .00000060  00000+0  11259-3 0  9993
2 54672  87.9289 225.1668 0002422  90.3781 269.7630 13.21827524184031
ONEWEB-0610             
1 54673U 22166AH  26262.65753779 -.00000011  00000+0 -58071-4 0  9997
2 54673  87.9281 225.1753 0002630  85.3738 274.7696 13.21826586183939
ONEWEB-0611             
1 54674U 22166AJ  26261.36395519 -.00000081  00000+0 -22766-3 0  9997
2 54674  87.9275 225.4300 0001830  79.4250 280.7090 13.21827286183751
ONEWEB-0612             
1 54675U 22166AK  26262.66426321 -.00000004  00000+0 -40667-4 0  9994
2 54675  87.9286 225.1739 0002173  82.4876 277.6505 13.21826536183917
ONEWEB-0615             
1 54676U 22166AL  26262.71976874  .00000002  00000+0 -26197-4 0  9993
2 54676  87.9275 225.1704 0001957  73.2569 286.8779 13.21824360183934
ONEWEB-0655             
1 54677U 22166AM  26262.62053286 -.00001095  00000+0 -26825-2 0  9997
2 54677  87.9278 225.1902 0002020  75.1014 285.0344 13.21831947183912
ONEWEB-0659             
1 54678U 22166AN  26262.71305589  .00000965  00000+0  23061-2 0  9996
2 54678  87.9278 225.1706 0002020  80.2253 279.9109 13.21821344184010
ONEWEB-0685             
1 54679U 22166AP  26262.65128252  .00000095  00000+0  19392-3 0  9997
2 54679  87.9277 225.1437 0002156  95.7503 264.3878 13.23187990183902
ONEWEB-0712             
1 54680U 22166AQ  26262.67624053  .00000084  00000+0  18584-3 0  9991
2 54680  87.9152 210.0159 0002402  69.1436 290.9952 13.16593618184497
ONEWEB-0714             
1 54681U 22166AR  26262.71809668  .00000014  00000+0  15050-5 0  9994
2 54681  87.9283 225.1618 0002221  73.5071 286.6307 13.21826092184029
ONEWEB-0532             
1 55140U 23004A   26262.57302333 -.00000247  00000+0 -66806-3 0  9991
2 55140  87.9199 347.1202 0001820 109.9650 250.1678 13.17649691180016
ONEWEB-0533             
1 55141U 23004B   26262.45783668 -.00000403  00000+0 -11568-2 0  9991
2 55141  87.8978 331.9542 0002077 102.9167 257.2194 13.12442731180427
ONEWEB-0541             
1 55142U 23004C   26262.56143497 -.00001734  00000+0 -49296-2 0  9991
2 55142  87.8972   2.3023 0001628 104.1396 255.9913 13.11403557178315
ONEWEB-0543             
1 55143U 23004D   26262.47837823  .00003302  00000+0  83406-2 0  9997
2 55143  87.9158 316.7299 0001890  96.5140 263.6208 13.18671304182123
ONEWEB-0544             
1 55144U 23004E   26262.39573970  .00000129  00000+0  29486-3 0  9992
2 55144  87.9160 316.7458 0001800  92.2635 267.8703 13.18688476182110
ONEWEB-0560             
1 55145U 23004F   26262.46489082 -.00000026  00000+0 -99789-4 0  9993
2 55145  87.9160 316.7223 0001774  89.2285 270.9050 13.18686384182136
ONEWEB-0565             
1 55146U 23004G   26262.45812264 -.00000010  00000+0 -57325-4 0  9998
2 55146  87.9146 316.7425 0001577 102.4050 257.7258 13.18684511182126
ONEWEB-0567             
1 55147U 23004H   26261.92026424 -.00000058  00000+0 -17984-3 0  9993
2 55147  87.9158 316.8421 0001583  97.3134 262.8178 13.18687059182059
ONEWEB-0569             
1 55148U 23004J   26262.39216712  .00000008  00000+0 -11719-4 0  9992
2 55148  87.8917 301.4818 0001382  65.7648 294.3625 13.13470413182548
ONEWEB-0570             
1 55149U 23004K   26262.44296632 -.00000065  00000+0 -19847-3 0  9991
2 55149  87.9161 316.7354 0001943 112.2969 247.8369 13.18686214182116
ONEWEB-0571             
1 55150U 23004L   26262.51210023  .00000019  00000+0  15596-4 0  9996
2 55150  87.9155 316.7208 0000687  83.8360 276.2850 13.18686279182135
ONEWEB-0572             
1 55151U 23004M   26262.52830216  .00000081  00000+0  17636-3 0  9995
2 55151  87.9201 347.1314 0001760 102.4317 257.7011 13.17651227179905
ONEWEB-0573             
1 55152U 23004N   26262.42947507 -.00000007  00000+0 -50777-4 0  9991
2 55152  87.9157 316.7397 0001105 102.0406 258.0850 13.18686830182118
ONEWEB-0588             
1 55153U 23004P   26262.42273617  .00000043  00000+0  75084-4 0  9992
2 55153  87.9154 316.7397 0001787 111.6961 248.4361 13.18686352182113
ONEWEB-0598             
1 55154U 23004Q   26262.23418307 -.00000484  00000+0 -14022-2 0  9993
2 55154  87.8971   2.3726 0001163  88.3988 271.7273 13.11417803178225
ONEWEB-0599             
1 55155U 23004R   26262.56543225 -.00000150  00000+0 -42050-3 0  9991
2 55155  87.9198 347.1232 0001987  98.0881 262.0476 13.17651533179915
ONEWEB-0614             
1 55156U 23004S   26262.61057230 -.00000426  00000+0 -12387-2 0  9999
2 55156  87.8959   2.3033 0001992 113.2385 246.8953 13.11415466178213
ONEWEB-0616             
1 55157U 23004T   26262.53167669  .00000028  00000+0  39736-4 0  9994
2 55157  87.9200 347.1343 0002253  77.4306 282.7077 13.17651067180127
ONEWEB-0617             
1 55158U 23004U   26262.59871779 -.00000033  00000+0 -12846-3 0  9995
2 55158  87.8966   2.3027 0001918 114.9170 245.2158 13.11414569178239
ONEWEB-0618             
1 55159U 23004V   26262.47098994  .00003283  00000+0  17937-3 0  9997
2 55159  86.9087 139.3455 0010006 312.3894  47.6499 15.13918981196520
ONEWEB-0619             
1 55160U 23004W   26262.56374529  .00000048  00000+0  89884-4 0  9997
2 55160  87.9210 347.1163 0002296 101.6529 258.4861 13.17650991180021
ONEWEB-0620             
1 55161U 23004X   26262.59362529  .00000120  00000+0  30275-3 0  9998
2 55161  87.8962   2.3063 0001520 104.1272 256.0025 13.11415607178206
ONEWEB-0621             
1 55162U 23004Y   26262.23926080 -.00000400  00000+0 -11647-2 0  9992
2 55162  87.8971   2.3737 0001980 106.8342 253.3003 13.11418146178131
ONEWEB-0622             
1 55163U 23004Z   26262.24435103 -.00000266  00000+0 -78638-3 0  9999
2 55163  87.8964   2.3743 0001861 129.9883 230.1408 13.11418992178125
ONEWEB-0623             
1 55164U 23004AA  26262.55869020  .00000005  00000+0 -19080-4 0  9990
2 55164  87.9198 347.1366 0002363 118.5274 241.6095 13.17649773180012
ONEWEB-0624             
1 55165U 23004AB  26262.46534590 -.00000313  00000+0 -89971-3 0  9990
2 55165  87.8978 331.8521 0001870 104.8619 255.2717 13.12931972180443
ONEWEB-0625             
1 55166U 23004AC  26262.47262066  .00000005  00000+0 -19112-4 0  9996
2 55166  87.9203 347.1521 0001963  97.2504 262.8850 13.17647756179996
ONEWEB-0626             
1 55167U 23004AD  26262.53844853 -.00000012  00000+0 -64188-4 0  9996
2 55167  87.9201 347.1381 0001540  96.3261 263.8046 13.17649172180006
ONEWEB-0627             
1 55168U 23004AE  26262.52663718  .00000039  00000+0  67426-4 0  9990
2 55168  87.9201 347.1413 0002191 111.6224 248.5141 13.17649701180000
ONEWEB-0628             
1 55169U 23004AF  26262.48169976  .00000311  00000+0  82867-3 0  9991
2 55169  87.8981 331.9355 0002434 109.9356 250.2034 13.12443179180408
ONEWEB-0629             
1 55170U 23004AG  26262.18652308  .00000108  00000+0  24039-3 0  9997
2 55170  87.9200 347.1983 0002174  99.7490 260.3888 13.19251190179962
ONEWEB-0631             
1 55171U 23004AH  26262.41597402 -.00000027  00000+0 -10119-3 0  9993
2 55171  87.9170 316.7160 0001544 108.2426 251.8874 13.18683819182097
ONEWEB-0709             
1 55172U 23004AJ  26262.04938348  .00000414  00000+0  11333-2 0  9997
2 55172  87.8960   2.4165 0000967  87.4096 272.7142 13.11414928178177
ONEWEB-0710             
1 55173U 23004AK  26262.59244507  .00000031  00000+0  46630-4 0  9990
2 55173  87.9200 347.1188 0001888 106.0298 254.1042 13.17649945180019
ONEWEB-0711             
1 55174U 23004AL  26262.55462616 -.00000145  00000+0 -44399-3 0  9997
2 55174  87.8971   2.3074 0002108 120.3983 239.7354 13.11418660178209
ONEWEB-0713             
1 55175U 23004AM  26262.57328304  .00000612  00000+0  16906-2 0  9994
2 55175  87.8971   2.3065 0001972 111.9579 248.1758 13.11418040178197
ONEWEB-0715             
1 55176U 23004AN  26262.56819875  .00000411  00000+0  11241-2 0  9996
2 55176  87.8971   2.3070 0001100 105.4441 254.6809 13.11418214178230
ONEWEB-0716             
1 55177U 23004AP  26262.05414344  .00000059  00000+0  11754-3 0  9991
2 55177  87.9199 347.2286 0001952  94.6034 265.5320 13.17650024179947
ONEWEB-0717             
1 55178U 23004AQ  26262.56880391  .00000027  00000+0  35139-4 0  9996
2 55178  87.9202 347.1216 0001895 118.6977 241.4345 13.17650981180061
ONEWEB-0719             
1 55179U 23004AR  26262.50299148  .00000070  00000+0  14775-3 0  9995
2 55179  87.9210 347.1160 0002044  97.7433 262.3931 13.17650914180003
ONEWEB-0530             
1 55796U 23029A   26262.78590588  .00000014  00000+0  17769-5 0  9995
2 55796  87.9129 255.5874 0002246  97.8308 262.3080 13.20773034173636
ONEWEB-0534             
1 55797U 23029B   26262.69837772  .00000071  00000+0  14356-3 0  9995
2 55797  87.9133 255.6071 0002027  84.6439 275.4926 13.20773011173626
ONEWEB-0556             
1 55798U 23029C   26262.78087760  .00000055  00000+0  10306-3 0  9993
2 55798  87.9135 255.5884 0002877  84.3407 275.8054 13.20772110173631
ONEWEB-0562             
1 55799U 23029D   26262.76740851  .00000039  00000+0  63475-4 0  9997
2 55799  87.9141 255.5786 0002765  97.1232 263.0216 13.20772246173633
ONEWEB-0563             
1 55800U 23029E   26262.68657911  .00000037  00000+0  58618-4 0  9996
2 55800  87.9129 255.6198 0002006  81.4806 278.6555 13.20769533173612
ONEWEB-0564             
1 55801U 23029F   26262.67986750  .00000084  00000+0  17419-3 0  9997
2 55801  87.9141 255.5982 0002256  94.5257 265.6134 13.20772204173628
ONEWEB-0638             
1 55802U 23029G   26262.77875090  .00000302  00000+0  78045-3 0  9998
2 55802  87.8889 270.8764 0002433  91.3996 268.7413 13.14501761171822
ONEWEB-0639             
1 55803U 23029H   26262.42382906  .00000066  00000+0  13266-3 0  9991
2 55803  87.9104 286.1983 0002046  57.5577 302.5753 13.19726159171331
ONEWEB-0640             
1 55804U 23029J   26262.33050507  .00000275  00000+0  70850-3 0  9995
2 55804  87.8886 270.9557 0002543  87.9382 272.2039 13.14501855171787
ONEWEB-0641             
1 55805U 23029K   26262.79815280 -.00000830  00000+0 -21054-2 0  9993
2 55805  87.9110 286.1194 0001867 101.1258 259.0085 13.19728550171393
ONEWEB-0642             
1 55806U 23029L   26262.33853552  .00000050  00000+0  91717-4 0  9995
2 55806  87.9105 286.2168 0001574  66.9978 293.1321 13.19725542171325
ONEWEB-0643             
1 55807U 23029M   26262.75845764 -.00000093  00000+0 -28581-3 0  9995
2 55807  87.8886 270.8587 0001423  73.1528 286.9758 13.14501373171816
ONEWEB-0644             
1 55808U 23029N   26262.78870316  .00000133  00000+0  30082-3 0  9992
2 55808  87.9100 286.1264 0001717  83.1531 276.9797 13.19725902171385
ONEWEB-0645             
1 55809U 23029P   26262.81081338  .00000081  00000+0  16954-3 0  9999
2 55809  87.9104 286.1203 0002050  79.1984 280.9379 13.19725299171381
ONEWEB-0646             
1 55810U 23029Q   26262.37326779  .00000013  00000+0 -30132-6 0  9996
2 55810  87.9102 286.2077 0001732  85.7804 274.3526 13.19726994171318
ONEWEB-0648             
1 55811U 23029R   26262.80242109  .00000055  00000+0  11508-3 0  9997
2 55811  87.8897 270.8328 0002129  66.1847 293.9505 13.14502587171823
ONEWEB-0649             
1 55812U 23029S   26262.01947788  .00000068  00000+0  13830-3 0  9990
2 55812  87.9110 286.2764 0001941  84.0252 276.1102 13.19723385171303
ONEWEB-0650             
1 55813U 23029T   26262.39379544  .00000039  00000+0  65125-4 0  9994
2 55813  87.9105 286.2037 0001672  73.6769 286.4547 13.19726900171324
ONEWEB-0652             
1 55814U 23029U   26262.78382794  .00000298  00000+0  77060-3 0  9996
2 55814  87.8897 270.8425 0001938  94.5711 265.5640 13.14502347171791
ONEWEB-0653             
1 55815U 23029V   26262.76860546  .00000069  00000+0  15260-3 0  9991
2 55815  87.8894 270.8440 0002025  90.2033 269.9328 13.14505100171829
ONEWEB-0654             
1 55816U 23029W   26262.76353657 -.00000032  00000+0 -12186-3 0  9998
2 55816  87.8894 270.8414 0002193  96.7366 263.4014 13.14503912171849
ONEWEB-0656             
1 55817U 23029X   26262.74886719  .00000063  00000+0  12275-3 0  9998
2 55817  87.9146 255.5678 0002188  98.8288 261.3093 13.20769912173637
ONEWEB-0657             
1 55818U 23029Y   26262.38908509  .00000037  00000+0  59228-4 0  9992
2 55818  87.9108 286.2035 0001994 115.0213 245.1127 13.19725108171338
ONEWEB-0658             
1 55819U 23029Z   26262.08107724  .00000102  00000+0  22344-3 0  9991
2 55819  87.9109 286.2485 0001696  84.0537 276.0789 13.19725894171308
ONEWEB-0660             
1 55820U 23029AA  26262.81766021 -.00000211  00000+0 -60418-3 0  9992
2 55820  87.8900 270.8299 0002076  84.6619 275.4748 13.14504339171830
ONEWEB-0661             
1 55821U 23029AB  26261.32913826  .00000202  00000+0  50932-3 0  9993
2 55821  87.8883 271.1583 0002118  90.0730 270.0642 13.14502272171628
ONEWEB-0662             
1 55822U 23029AC  26262.81072369 -.00000041  00000+0 -14403-3 0  9993
2 55822  87.8889 270.8675 0002405  85.9065 274.2340 13.14564992171860
ONEWEB-0663             
1 55823U 23029AD  26262.24511655  .00000068  00000+0  13420-3 0  9992
2 55823  87.9146 255.7365 0002066  75.2004 284.9358 13.20874710173569
ONEWEB-0664             
1 55824U 23029AE  26262.73543693  .00000032  00000+0  46432-4 0  9995
2 55824  87.9133 255.6113 0002320  86.5899 273.5500 13.20774205173624
ONEWEB-0665             
1 55825U 23029AF  26262.77284297  .00000219  00000+0  55581-3 0  9993
2 55825  87.8895 270.8523 0001966  85.5452 274.5902 13.14502767171835
ONEWEB-0666             
1 55826U 23029AG  26262.80443606  .00000048  00000+0  86297-4 0  9998
2 55826  87.9132 255.5872 0001618 107.5518 252.5792 13.20772765173648
ONEWEB-0667             
1 55827U 23029AH  26262.79938906  .00000016  00000+0  68411-5 0  9993
2 55827  87.9146 255.5597 0002122  84.1456 275.9919 13.20777389173636
ONEWEB-0669             
1 55828U 23029AJ  26262.79433439  .00000057  00000+0  10769-3 0  9991
2 55828  87.9141 255.5668 0002379  97.0960 263.0444 13.20772808173630
ONEWEB-0670             
1 55829U 23029AK  26262.75169469 -.00000159  00000+0 -46318-3 0  9991
2 55829  87.8887 270.8707 0002286  88.2382 271.9009 13.14503820171854
ONEWEB-0671             
1 55830U 23029AL  26262.75867221 -.00000006  00000+0 -47006-4 0  9991
2 55830  87.9106 286.1310 0002006  88.4240 271.7122 13.19724163171377
ONEWEB-0672             
1 55831U 23029AM  26262.71353622  .00000114  00000+0  24948-3 0  9990
2 55831  87.9144 255.5769 0001949  95.1497 264.9858 13.20770722173626
ONEWEB-0673             
1 55832U 23029AN  26262.81159502  .00000040  00000+0  67451-4 0  9998
2 55832  87.9106 286.1173 0002012  90.1374 269.9989 13.19725443171384
ONEWEB-0674             
1 55833U 23029AP  26262.33726954  .00000163  00000+0  40564-3 0  9998
2 55833  87.8897 270.9344 0002347  90.2803 269.8596 13.14501441171783
ONEWEB-0675             
1 55834U 23029AQ  26262.37170939 -.00000065  00000+0 -19416-3 0  9994
2 55834  87.9103 286.2102 0001672  96.1671 263.9652 13.19725384171344
ONEWEB-0720             
1 55835U 23029AR  26262.81871299 -.00000091  00000+0 -26022-3 0  9991
2 55835  87.9103 286.1205 0001896  84.8846 275.2503 13.19725380171329
ONEWEB-0537             
1 56046U 23043A   26262.27883131  .00000006  00000+0 -17254-4 0  9993
2 56046  87.9152 210.0905 0001895  81.7140 278.4206 13.16593777171340
ONEWEB-0538             
1 56047U 23043B   26262.27250079 -.00000021  00000+0 -88956-4 0  9998
2 56047  87.9152 210.0949 0001773  73.4946 286.6380 13.16594218171352
ONEWEB-0546             
1 56048U 23043C   26262.63981513  .00000047  00000+0  88826-4 0  9995
2 56048  87.9156 210.0214 0001801  98.0920 262.0415 13.16595812171391
ONEWEB-0547             
1 56049U 23043D   26262.71724464  .00000041  00000+0  67998-4 0  9996
2 56049  87.9283 225.1606 0001968  75.5757 284.5595 13.21827471170715
ONEWEB-0548             
1 56050U 23043E   26262.58835280  .00000014  00000+0  24981-5 0  9998
2 56050  87.9152 210.0267 0002447  80.7258 279.4150 13.16593470171382
ONEWEB-0549             
1 56051U 23043F   26262.71134859  .00000035  00000+0  53452-4 0  9995
2 56051  87.9280 225.1633 0001745  75.3002 284.8325 13.21827563170715
ONEWEB-0550             
1 56052U 23043G   26262.69792002  .00000126  00000+0  27282-3 0  9995
2 56052  87.9281 225.1659 0002264  79.0617 281.0771 13.21826395170711
ONEWEB-0551             
1 56053U 23043H   26262.69450259  .00000087  00000+0  19696-3 0  9997
2 56053  87.8981 240.3796 0001828  75.2860 284.8473 13.15547798168821
ONEWEB-0552             
1 56054U 23043J   26261.33033503  .00000070  00000+0  13871-3 0  9998
2 56054  87.9276 225.4398 0002191  74.8807 285.2569 13.21826318170539
ONEWEB-0553             
1 56055U 23043K   26262.64615009 -.00000015  00000+0 -72300-4 0  9995
2 56055  87.9154 210.0207 0001941  90.5946 269.5408 13.16595848171404
ONEWEB-0554             
1 56056U 23043L   26262.63348988  .00000048  00000+0  92878-4 0  9990
2 56056  87.9149 210.0308 0002523  80.7573 279.3843 13.16593926171389
ONEWEB-0555             
1 56057U 23043M   26262.67148613 -.00000004  00000+0 -43109-4 0  9995
2 56057  87.9152 210.0133 0001908  93.0492 267.0857 13.16593560171397
ONEWEB-0557             
1 56058U 23043N   26262.60973159  .00000094  00000+0  21226-3 0  9992
2 56058  87.9154 210.0362 0002951  97.8672 262.2794 13.16595196171388
ONEWEB-0558             
1 56059U 23043P   26262.68614310  .00000083  00000+0  16894-3 0  9995
2 56059  87.9278 225.1676 0001733  78.0082 282.1247 13.21825802170721
ONEWEB-0559             
1 56060U 23043Q   26262.67435141  .00000053  00000+0  95844-4 0  9999
2 56060  87.9283 225.1676 0001964  74.7496 285.3855 13.21824223170734
ONEWEB-0566             
1 56061U 23043R   26262.66763034  .00000036  00000+0  56196-4 0  9992
2 56061  87.9285 225.1673 0001913  71.2244 288.9098 13.21826570170714
ONEWEB-0568             
1 56062U 23043S   26262.55114819  .00000116  00000+0  26989-3 0  9997
2 56062  87.9155 210.0357 0001901  84.3195 275.8153 13.16595782171394
ONEWEB-0574             
1 56063U 23043T   26262.66090464  .00000013  00000+0 -18881-6 0  9991
2 56063  87.9282 225.1733 0002217  84.3592 275.7795 13.21826737170756
ONEWEB-0575             
1 56064U 23043U   26262.31681836  .00000056  00000+0  11176-3 0  9996
2 56064  87.9153 210.0785 0002220  83.2565 276.8819 13.16592735171354
ONEWEB-0576             
1 56065U 23043V   26262.67781444  .00000041  00000+0  74709-4 0  9998
2 56065  87.9155 210.0169 0002151  82.0809 278.0566 13.16595008171397
ONEWEB-0577             
1 56066U 23043W   26262.30417506  .00000171  00000+0  41300-3 0  9998
2 56066  87.9155 210.0887 0002686  86.5848 273.5590 13.16594987171370
ONEWEB-0578             
1 56067U 23043X   26262.72314765  .00000011  00000+0 -46600-5 0  9992
2 56067  87.9282 225.1571 0001999  88.9588 271.1775 13.21825891170726
ONEWEB-0579             
1 56068U 23043Y   26262.33625889  .00000019  00000+0  14605-4 0  9998
2 56068  87.9286 225.2355 0002154  72.9345 287.2025 13.21824902170683
ONEWEB-0581             
1 56069U 23043Z   26262.31050475  .00000101  00000+0  23153-3 0  9999
2 56069  87.9152 210.0922 0002513  83.4421 276.6996 13.16595040171344
ONEWEB-0609             
1 56070U 23043AA  26262.72063466  .00000047  00000+0  89887-4 0  9996
2 56070  87.8983 240.3583 0001940  82.9281 277.2070 13.15547918168860
ONEWEB-0613             
1 56071U 23043AB  26262.64220558  .00000061  00000+0  12667-3 0  9992
2 56071  87.8982 240.3867 0001941  75.9612 284.1734 13.15547332168859
ONEWEB-0630             
1 56072U 23043AC  26262.71351698  .00000099  00000+0  22792-3 0  9992
2 56072  87.8994 240.3503 0002014  75.6395 284.4958 13.15549116168850
ONEWEB-0632             
1 56073U 23043AD  26261.94819475  .00000086  00000+0  19462-3 0  9995
2 56073  87.8985 240.5160 0002198  83.0192 277.1188 13.15548524168758
ONEWEB-0633             
1 56074U 23043AE  26262.70241696  .00000156  00000+0  38162-3 0  9991
2 56074  87.8993 240.3488 0001804  72.3558 287.7769 13.15548684168837
ONEWEB-0634             
1 56075U 23043AF  26262.76421813  .00000103  00000+0  23993-3 0  9997
2 56075  87.8984 240.3696 0001760  90.0978 270.0354 13.15547411168835
ONEWEB-0635             
1 56076U 23043AG  26262.68340200  .00000077  00000+0  16975-3 0  9991
2 56076  87.8991 240.3560 0002253  86.5733 273.5655 13.15547244168859
ONEWEB-0636             
1 56077U 23043AH  26262.67548007 -.00000091  00000+0 -27549-3 0  9993
2 56077  87.8985 240.3613 0002208  87.3095 272.8288 13.15547426168836
ONEWEB-0637             
1 56078U 23043AJ  26262.36492441 -.00000040  00000+0 -14147-3 0  9994
2 56078  87.8981 240.4335 0002054  91.3524 268.7842 13.15547828168810
ONEWEB-0647             
1 56079U 23043AK  26262.74045580 -.00000087  00000+0 -26531-3 0  9996
2 56079  87.8983 240.3712 0002195  83.3985 276.7395 13.15547865168856
ONEWEB-0651             
1 56080U 23043AL  26262.81175389 -.00000117  00000+0 -34453-3 0  9993
2 56080  87.8982 240.3497 0002111  90.9009 269.2364 13.15548502170064
ONEWEB-0718             
1 56081U 23043AM  26262.73093714 -.00000072  00000+0 -22508-3 0  9994
2 56081  87.8993 240.3514 0001532  87.8034 272.3271 13.15549452168868
ONEWEB-0561             
1 56710U 23068A   26262.21184201  .00000013  00000+0  23718-6 0  9995
2 56710  87.9138 255.6861 0002281  85.1678 274.9716 13.20770240161918
ONEWEB-0668             
1 56711U 23068B   26262.58916082 -.00000001  00000+0 -36079-4 0  9997
2 56711  87.9155 210.0305 0001725  91.0603 269.0726 13.16594730164206
ONEWEB-0676             
1 56712U 23068C   26262.67305990 -.00009297  00000+0 -24360-1 0  9991
2 56712  87.9154 210.0213 0002522  86.6646 273.4773 13.16640615164134
ONEWEB-0677             
1 56713U 23068D   26262.80612265  .00000060  00000+0  11612-3 0  9998
2 56713  87.9143 255.5583 0002176  97.6272 262.5108 13.20772096162299
ONEWEB-0678             
1 56714U 23068E   26261.63444639  .00000106  00000+0  24762-3 0  9998
2 56714  87.8987 240.5663 0002084  77.1673 282.9690 13.15547247161578
ONEWEB-0679             
1 56715U 23068F   26262.63190326  .00000072  00000+0  15570-3 0  9990
2 56715  87.9156 210.0197 0002106  92.6020 267.5352 13.16594457164152
ONEWEB-0680             
1 56716U 23068G   26262.71641986  .00000008  00000+0 -12940-4 0  9992
2 56716  87.9288 225.1615 0001907  96.1100 264.0251 13.21826196163587
ONEWEB-0681             
1 56717U 23068H   26262.63906819  .00000041  00000+0  68330-4 0  9993
2 56717  87.9285 225.1838 0002968  85.2999 274.8474 13.21301129163563
ONEWEB-0682             
1 56718U 23068J   26262.72301740 -.00000001  00000+0 -37549-4 0  9992
2 56718  87.8991 240.3480 0001886  97.8084 262.3260 13.15548229161886
ONEWEB-0683             
1 56719U 23068K   26262.74678431 -.00000047  00000+0 -15968-3 0  9999
2 56719  87.8993 240.3459 0001834  88.7987 271.3353 13.15548267161851
ONEWEB-0684             
1 56720U 23068L   26262.75471637 -.00000033  00000+0 -12237-3 0  9992
2 56720  87.8992 240.3318 0002059  46.0315 314.0984 13.15549001161681
ONEWEB-0686             
1 56721U 23068M   26262.66831728  .00000000  00000+0 -34765-4 0  9998
2 56721  87.9140 210.0274 0001714  74.2441 285.8879 13.16594144164144
ONEWEB-0694             
1 56722U 23068N   26262.67465507 -.00000037  00000+0 -13022-3 0  9991
2 56722  87.9152 210.0057 0001797  89.1699 270.9637 13.16595297164202
ONEWEB-0696             
1 56723U 23068P   26262.71192640  .00000184  00000+0  45554-3 0  9998
2 56723  87.8985 240.3721 0002222  71.9309 288.2063 13.15549429161792
ONEWEB-0703             
1 56724U 23068Q   26262.72143507  .00000062  00000+0  13075-3 0  9996
2 56724  87.8994 240.3539 0002709  70.4200 289.7223 13.15548179161687
ONEWEB-0721             
1 56725U 23068R   26262.78933529  .00000057  00000+0  10266-3 0  9997
2 56725  86.6744  55.2886 0001680  94.3275 265.8050 13.22475228170449
ONEWEB-0015             
1 61594U 24188A   26262.53597640 -.00000491  00000+0 -14200-2 0  9999
2 61594  87.8962   2.3337 0002240 109.6536 250.4834 13.11417392 96826
ONEWEB-0687             
1 61595U 24188B   26262.54349183  .00000043  00000+0  78872-4 0  9996
2 61595  87.9197 347.1358 0001982 115.9196 244.2140 13.17651200 98327
ONEWEB-0688             
1 61596U 24188C   26262.57218067 -.00000109  00000+0 -31358-3 0  9998
2 61596  87.9197 347.1298 0003095 113.5767 246.5690 13.17648012 98328
ONEWEB-0689             
1 61597U 24188D   26262.56989543  .00000439  00000+0  12016-2 0  9995
2 61597  87.8971   2.2960 0001602 109.9355 250.1945 13.11418552 96822
ONEWEB-0690             
1 61598U 24188E   26262.58007486  .00000567  00000+0  15628-2 0  9999
2 61598  87.8972   2.3037 0002125  86.0369 274.1001 13.11416432 97006
ONEWEB-0691             
1 61599U 24188F   26262.57499094  .00000533  00000+0  14677-2 0  9995
2 61599  87.8986   2.2227 0002060 109.5579 250.5772 13.11416903 96852
ONEWEB-0692             
1 61600U 24188G   26262.51903119  .00000070  00000+0  16101-3 0  9991
2 61600  87.8959   2.3295 0001047  95.6267 264.4980 13.11414261 96832
ONEWEB-0693             
1 61601U 24188H   26262.58401218  .00000055  00000+0  10893-3 0  9997
2 61601  87.9189 347.1426 0002449  85.8977 274.2435 13.17651665 98317
ONEWEB-0695             
1 61602U 24188J   26262.26640406  .00000626  00000+0  17300-2 0  9990
2 61602  87.8964   2.3704 0001334 109.4145 250.7127 13.11419153 96794
ONEWEB-0697             
1 61603U 24188K   26262.60379199 -.00000201  00000+0 -60154-3 0  9994
2 61603  87.8967   2.2969 0001103  92.6377 267.4877 13.11416371 96824
ONEWEB-0698             
1 61604U 24188L   26262.58176912  .00000542  00000+0  14923-2 0  9998
2 61604  87.8965   2.3134 0001646  62.6910 297.4385 13.11416439 96844
ONEWEB-0699             
1 61605U 24188M   26262.66946956 -.00000303  00000+0 -90318-3 0  9991
2 61605  87.8910  17.4575 0001155  87.3245 272.8014 13.10375530 95683
ONEWEB-0700             
1 61606U 24188N   26262.67116979 -.00000220  00000+0 -66607-3 0  9999
2 61606  87.8924  17.3807 0001245  90.2836 269.8434 13.10375756 95676
ONEWEB-0701             
1 61607U 24188P   26262.61177481  .00000561  00000+0  15720-2 0  9994
2 61607  87.8911  17.4711 0001093  83.3375 276.7876 13.10378574 95678
ONEWEB-0702             
1 61608U 24188Q   26262.55123606 -.00000175  00000+0 -52874-3 0  9993
2 61608  87.8985   2.2421 0000642 111.6304 248.4892 13.11417966 96851
ONEWEB-0704             
1 61609U 24188R   26262.59990929  .00000056  00000+0  12397-3 0  9990
2 61609  87.8911  17.4646 0000713 108.4617 251.6588 13.10376745 95651
ONEWEB-0705             
1 61610U 24188S   26262.60500162  .00000264  00000+0  71872-3 0  9994
2 61610  87.8915  17.4697 0001324 134.7010 225.4226 13.10376401 87828
ONEWEB-0706             
1 61611U 24188T   26262.66607455 -.00000541  00000+0 -15857-2 0  9994
2 61611  87.8912  17.4594 0001201 109.7411 250.3846 13.10374972 95750
ONEWEB-0707             
1 61612U 24188U   26262.67286133 -.00000082  00000+0 -27031-3 0  9990
2 61612  87.8912  17.4550 0001183 107.9093 252.2164 13.10377720 95699
ONEWEB-0708             
1 61613U 24188V   26262.61519740  .00000646  00000+0  18133-2 0  9994
2 61613  87.8901  17.4770 0001832 119.3358 240.7952 13.10373941 95669
