ONEWEB-0012             
1 44057U 19010A   26280.19669577 -.00000037  00000+0 -13166-3 0  9990
2 44057  87.9173 206.5524 0002392  70.5784 289.5605 13.16595130366305
ONEWEB-0010             
1 44058U 19010B   26280.22203593 -.00000003  00000+0 -41757-4 0  9998
2 44058  87.9178 206.5492 0001558  71.9547 288.1754 13.16594510366356
ONEWEB-0008             
1 44059U 19010C   26280.24736669  .00000136  00000+0  32255-3 0  9993
2 44059  87.9183 206.5388 0002104  83.7930 276.3441 13.16594985366473
ONEWEB-0007             
1 44060U 19010D   26279.91514013 -.00000079  00000+0 -24263-3 0  9992
2 44060  87.9015 236.9434 0001948  70.8928 289.2414 13.15549270366061
ONEWEB-0006             
1 44061U 19010E   26280.29939022 -.00000094  00000+0 -28438-3 0  9992
2 44061  87.9027 236.8427 0001828  81.9472 278.1866 13.15548446366163
ONEWEB-0011             
1 44062U 19010F   26279.88742807  .00000084  00000+0  18856-3 0  9999
2 44062  87.9029 236.9361 0001902  87.1198 273.0150 13.15548629366107
ONEWEB-0013             
1 45131U 20008A   26280.26446797 -.00000666  00000+0 -19703-2 0  9998
2 45131  87.8593  30.2131 0002564  87.3665 272.7755 13.09465417320738
ONEWEB-0017             
1 45132U 20008B   26280.24529158  .00000536  00000+0  14997-2 0  9994
2 45132  87.8921  13.9728 0001700 106.9968 253.1346 13.10375267322623
ONEWEB-0020             
1 45133U 20008C   26280.21473774 -.00000581  00000+0 -17007-2 0  9991
2 45133  87.8914  13.9794 0001799 102.5527 257.5802 13.10373172323012
ONEWEB-0021             
1 45134U 20008D   26280.22999713 -.00000281  00000+0 -84035-3 0  9992
2 45134  87.8917  13.9858 0001752  98.7217 261.4108 13.10376572323322
ONEWEB-0023             
1 45136U 20008F   26279.78290904  .00000399  00000+0  11077-2 0  9992
2 45136  87.8919  14.0637 0001957 103.5765 256.5580 13.10374704322696
ONEWEB-0024             
1 45137U 20008G   26279.75502263 -.00000688  00000+0 -20061-2 0  9990
2 45137  87.8930  14.0694 0001717 101.9054 258.2266 13.10373804322858
ONEWEB-0025             
1 45138U 20008H   26280.21288829 -.00000628  00000+0 -18350-2 0  9995
2 45138  87.8928  13.9675 0001911 116.4604 243.6720 13.10371782323241
ONEWEB-0026             
1 45139U 20008J   26280.16235844 -.00000296  00000+0 -87217-3 0  9999
2 45139  87.8964 358.8175 0001704 104.1759 255.9558 13.11416094325786
ONEWEB-0028             
1 45140U 20008K   26280.21296870  .00000625  00000+0  17268-2 0  9995
2 45140  87.8957 358.8098 0002299  92.5127 267.6264 13.11416824323304
ONEWEB-0032             
1 45141U 20008L   26280.24712409  .00000567  00000+0  15875-2 0  9997
2 45141  87.8924  13.9746 0002263  96.9145 263.2240 13.10374084322975
ONEWEB-0033             
1 45142U 20008M   26280.22151650 -.00000499  00000+0 -14668-2 0  9996
2 45142  87.8912  13.9815 0001294 109.8437 250.2830 13.10374810322889
ONEWEB-0035             
1 45143U 20008N   26280.24203974  .00000389  00000+0  10789-2 0  9992
2 45143  87.8922  13.9734 0001728  99.8940 260.2383 13.10374758322616
ONEWEB-0036             
1 45144U 20008P   26280.21968528 -.00000581  00000+0 -17014-2 0  9997
2 45144  87.8939  14.0086 0001963 101.6485 258.4863 13.10373933323037
ONEWEB-0038             
1 45145U 20008Q   26280.17252498 -.00000467  00000+0 -13533-2 0  9990
2 45145  87.8979 358.8392 0001657  44.2008 315.9252 13.11417636325004
ONEWEB-0039             
1 45146U 20008R   26280.22490622 -.00000154  00000+0 -47738-3 0  9998
2 45146  87.8918  13.9771 0002080  93.0085 267.1280 13.10372046322837
ONEWEB-0040             
1 45147U 20008S   26280.21812665 -.00000620  00000+0 -18136-2 0  9990
2 45147  87.8910  13.9825 0002086 106.7134 253.4223 13.10373258322531
ONEWEB-0043             
1 45149U 20008U   26280.06726401  .00001635  00000+0  46472-2 0  9996
2 45149  87.8932  14.0105 0002130  94.9554 265.1816 13.10365725322835
ONEWEB-0044             
1 45150U 20008V   26280.24868636  .00000569  00000+0  15943-2 0  9999
2 45150  87.8913  13.9732 0001929 101.2520 258.8824 13.10374532323150
ONEWEB-0045             
1 45151U 20008W   26280.16730825 -.00000424  00000+0 -12319-2 0  9995
2 45151  87.8970 358.8152 0001874  98.1360 261.9980 13.11416332325084
ONEWEB-0047             
1 45152U 20008X   26280.24175559  .00000424  00000+0  11778-2 0  9998
2 45152  87.8932  13.9790 0001574  99.5936 260.5369 13.10374838322874
ONEWEB-0048             
1 45153U 20008Y   26280.23680114  .00000201  00000+0  53985-3 0  9996
2 45153  87.8919  13.9894 0001750  97.2449 262.8877 13.10376461322485
ONEWEB-0049             
1 45154U 20008Z   26280.24006297  .00000304  00000+0  83584-3 0  9994
2 45154  87.8920  13.9783 0002139 108.4172 251.7188 13.10375081322709
ONEWEB-0051             
1 45155U 20008AA  26280.16560651 -.00000532  00000+0 -15360-2 0  9996
2 45155  87.8967 358.8181 0001845 102.1121 258.0214 13.11415340325765
ONEWEB-0052             
1 45156U 20008AB  26279.80255238  .00000511  00000+0  14283-2 0  9996
2 45156  87.8923  14.0587 0002171 105.5893 254.5475 13.10369594322557
ONEWEB-0053             
1 45157U 20008AC  26280.21642310 -.00000581  00000+0 -17007-2 0  9991
2 45157  87.8912  13.9895 0002242  98.2540 261.8842 13.10374110322584
ONEWEB-0054             
1 45158U 20008AD  26279.79394002  .00000696  00000+0  19583-2 0  9991
2 45158  87.8911  14.0624 0001813 104.0064 256.1265 13.10372764322642
ONEWEB-0056             
1 45159U 20008AE  26280.07036385 -.00000498  00000+0 -14643-2 0  9996
2 45159  87.8932  14.0070 0001784 111.0966 249.0352 13.10374483322836
ONEWEB-0057             
1 45160U 20008AF  26280.24032517  .00000351  00000+0  96945-3 0  9992
2 45160  87.8928  13.9822 0002315 100.4005 259.7383 13.10377781323021
ONEWEB-0058             
1 45161U 20008AG  26280.22675624 -.00000403  00000+0 -11898-2 0  9996
2 45161  87.8912  13.9805 0001533  97.9257 262.2045 13.10376758323090
ONEWEB-0059             
1 45162U 20008AH  26279.76521141 -.00000394  00000+0 -11655-2 0  9998
2 45162  87.8918  14.0761 0002260  97.5868 262.5516 13.10374402322934
ONEWEB-0062             
1 45163U 20008AJ  26280.24685199  .00000623  00000+0  17484-2 0  9997
2 45163  87.8926  13.9747 0001464 103.8124 256.3166 13.10375001322867
ONEWEB-0065             
1 45164U 20008AK  26280.20441275 -.00000322  00000+0 -95906-3 0  9993
2 45164  87.8922  13.9911 0002070 106.5367 253.5988 13.10370855322559
ONEWEB-0066             
1 45424U 20020A   26280.15036745  .00000181  00000+0  47441-3 0  9994
2 45424  87.8962 358.8209 0001809  96.7992 263.3342 13.11415286317350
ONEWEB-0067             
1 45425U 20020B   26280.18743372 -.00000174  00000+0 -52677-3 0  9990
2 45425  87.8988 358.7589 0002040  97.6423 262.4937 13.11429945317410
ONEWEB-0080             
1 45426U 20020C   26280.18780741  .00000020  00000+0  20456-4 0  9991
2 45426  87.8979 358.8234 0001494 103.4321 256.6973 13.11419644317380
ONEWEB-0090             
1 45427U 20020D   26280.14031650  .00000526  00000+0  14483-2 0  9998
2 45427  87.8971 358.8356 0001745 102.2697 257.8626 13.11417930317340
ONEWEB-0061             
1 45428U 20020E   26280.17225824 -.00000483  00000+0 -14000-2 0  9999
2 45428  87.8971 358.8101 0001802 100.5589 259.5742 13.11417057317308
ONEWEB-0081             
1 45429U 20020F   26280.15375270  .00000089  00000+0  21465-3 0  9993
2 45429  87.8966 358.8216 0002052  99.2673 260.8687 13.11415356317411
ONEWEB-0069             
1 45430U 20020G   26280.15558388 -.00000024  00000+0 -10416-3 0  9993
2 45430  87.8970 358.8267 0001884  94.6745 265.4599 13.11416076317340
ONEWEB-0031             
1 45431U 20020H   26280.19103646 -.00000079  00000+0 -25954-3 0  9994
2 45431  87.8962 358.8141 0001634 103.1470 256.9841 13.11419672317336
ONEWEB-0027             
1 45432U 20020J   26280.19093339  .00000004  00000+0 -22972-4 0  9997
2 45432  87.9185 343.6309 0001722 111.3334 248.7981 13.17649614321102
ONEWEB-0064             
1 45433U 20020K   26280.18934449 -.00000100  00000+0 -31697-3 0  9994
2 45433  87.8967 358.8126 0001701 105.3292 254.8024 13.11419527317369
ONEWEB-0018             
1 45434U 20020L   26280.14512626  .00000383  00000+0  10452-2 0  9996
2 45434  87.8967 358.8214 0001824  87.2858 272.8479 13.11417356317306
ONEWEB-0083             
1 45435U 20020M   26280.21155330  .00000646  00000+0  17859-2 0  9990
2 45435  87.8974 358.8080 0001753 101.0028 259.1297 13.11417347317352
ONEWEB-0095             
1 45436U 20020N   26280.20304576  .00000411  00000+0  11233-2 0  9998
2 45436  87.8961 358.8106 0002172 118.7466 241.3881 13.11419644317359
ONEWEB-0092             
1 45437U 20020P   26280.15726865 -.00000246  00000+0 -72995-3 0  9993
2 45437  87.8971 358.8175 0001751  94.0256 266.1072 13.11414938317462
ONEWEB-0085             
1 45438U 20020Q   26280.21126778  .00000591  00000+0  16314-2 0  9991
2 45438  87.8968 358.8081 0001809 101.6954 258.4378 13.11417233317351
ONEWEB-0096             
1 45439U 20020R   26280.21324287  .00000624  00000+0  17234-2 0  9996
2 45439  87.8967 358.8078 0001859 105.1186 255.0148 13.11417190317347
ONEWEB-0037             
1 45440U 20020S   26280.16209279 -.00000294  00000+0 -86489-3 0  9999
2 45440  87.8980 358.7983 0001873 106.9311 253.2022 13.11415677317375
ONEWEB-0042             
1 45441U 20020T   26280.20278066  .00000444  00000+0  12157-2 0  9990
2 45441  87.8970 358.8061 0001956  99.6262 260.5087 13.11419709317347
ONEWEB-0098             
1 45442U 20020U   26280.19868218  .00000282  00000+0  75972-3 0  9998
2 45442  87.8957 358.8118 0001766 100.8249 259.3078 13.11417689317324
ONEWEB-0055             
1 45443U 20020V   26280.17735036 -.00000495  00000+0 -14323-2 0  9998
2 45443  87.8974 358.8213 0001882 102.7192 257.4146 13.11417642317297
ONEWEB-0093             
1 45444U 20020W   26280.17055599 -.00000551  00000+0 -15901-2 0  9994
2 45444  87.8972 358.8212 0001978  93.2497 266.8858 13.11416561317353
ONEWEB-0029             
1 45445U 20020X   26280.18441610 -.00000324  00000+0 -95036-3 0  9995
2 45445  87.8966 358.8131 0001945  94.1745 265.9606 13.11418979317331
ONEWEB-0068             
1 45446U 20020Y   26280.15701068 -.00000093  00000+0 -29798-3 0  9994
2 45446  87.8966 358.8204 0001921  95.6477 264.4870 13.11415504317276
ONEWEB-0046             
1 45447U 20020Z   26280.14867247  .00000326  00000+0  88365-3 0  9998
2 45447  87.8964 358.8217 0002095 100.0098 260.1266 13.11415549317284
ONEWEB-0063             
1 45448U 20020AA  26280.17761049 -.00000468  00000+0 -13558-2 0  9995
2 45448  87.8972 358.8243 0002083 107.1761 252.9595 13.11418672317379
ONEWEB-0019             
1 45449U 20020AB  26279.75857702  .00000432  00000+0  11831-2 0  9991
2 45449  87.8968 358.8877 0001616 101.3588 258.7721 13.11415654317161
ONEWEB-0094             
1 45450U 20020AC  26280.20880397  .00000039  00000+0  68158-4 0  9990
2 45450  87.9188 343.6182 0001777  92.7944 267.3391 13.17649428321063
ONEWEB-0087             
1 45451U 20020AD  26280.03491292 -.00000284  00000+0 -83851-3 0  9994
2 45451  87.8969 358.8297 0001867  92.1202 268.0140 13.11417542317245
ONEWEB-0082             
1 45452U 20020AE  26280.18412632 -.00000291  00000+0 -85642-3 0  9990
2 45452  87.8974 358.8130 0002176  91.9172 268.2206 13.11419218317354
ONEWEB-0050             
1 45453U 20020AF  26280.25863999  .00001638  00000+0  16492-3 0  9996
2 45453  88.9368 218.0029 0001413 339.7785  20.3388 14.90685954357075
ONEWEB-0034             
1 45454U 20020AG  26280.14542617  .00000377  00000+0  10266-2 0  9997
2 45454  87.8970 358.8302 0001888 100.7352 259.3989 13.11415881317262
ONEWEB-0060             
1 45455U 20020AH  26280.17663023 -.00000472  00000+0 -13680-2 0  9997
2 45455  87.8967 358.8148 0002049  72.3197 287.8155 13.11417504317229
ONEWEB-0086             
1 45456U 20020AJ  26280.23160783  .00000049  00000+0  10245-3 0  9993
2 45456  87.8974 358.8074 0001415  78.6742 281.4545 13.11415742317299
ONEWEB-0088             
1 45457U 20020AK  26280.20971457  .00000544  00000+0  14985-2 0  9993
2 45457  87.8977 358.7912 0002263 103.5193 256.6187 13.11417586317220
ONEWEB-0102             
1 47258U 20100A   26280.20260515  .00000466  00000+0  12601-2 0  9995
2 47258  87.8945 328.4308 0001695  94.1765 265.9558 13.12443594279420
ONEWEB-0109             
1 47259U 20100B   26280.13480250  .00000513  00000+0  13914-2 0  9999
2 47259  87.8956 328.4378 0001767 102.5045 257.6282 13.12444164279241
ONEWEB-0110             
1 47260U 20100C   26280.16194001 -.00000342  00000+0 -98592-3 0  9998
2 47260  87.8956 328.4163 0001726  88.9433 271.1893 13.12443358279410
ONEWEB-0111             
1 47261U 20100D   26280.19244979  .00000284  00000+0  75406-3 0  9994
2 47261  87.8947 328.4269 0001896  94.0959 266.0386 13.12444105279250
ONEWEB-0114             
1 47262U 20100E   26280.14669642  .00000078  00000+0  18034-3 0  9993
2 47262  87.8949 328.4362 0001650 104.7388 255.3923 13.12441538279200
ONEWEB-0117             
1 47263U 20100F   26280.13823437  .00000327  00000+0  87266-3 0  9997
2 47263  87.8953 328.4269 0001895  96.2418 263.8927 13.12442731279217
ONEWEB-0118             
1 47264U 20100G   26280.24835488 -.00000302  00000+0 -87451-3 0  9990
2 47264  87.8954 328.4078 0002066 105.3098 254.8259 13.12443026279423
ONEWEB-0119             
1 47265U 20100H   26280.12128952  .00000517  00000+0  14013-2 0  9998
2 47265  87.8943 328.4396 0001856  97.6058 262.5281 13.12443994279380
ONEWEB-0120             
1 47266U 20100J   26280.14512978  .00000107  00000+0  26203-3 0  9996
2 47266  87.8944 328.4369 0001736 102.4589 257.6734 13.12442836279419
ONEWEB-0121             
1 47267U 20100K   26280.13314378  .00000458  00000+0  12379-2 0  9997
2 47267  87.8955 328.4360 0002032  89.6897 270.4464 13.12443569279328
ONEWEB-0122             
1 47268U 20100L   26280.20343939  .00002502  00000+0  69166-2 0  9999
2 47268  87.8952 328.4250 0001605  98.4504 261.6807 13.12458501279248
ONEWEB-0123             
1 47269U 20100M   26280.12296905  .00000422  00000+0  11371-2 0  9995
2 47269  87.8950 328.4401 0001939  99.7351 260.3997 13.12444402279374
ONEWEB-0124             
1 47270U 20100N   26280.18905482  .00000146  00000+0  37018-3 0  9990
2 47270  87.8944 328.4269 0001756  89.7459 270.3871 13.12444128279261
ONEWEB-0125             
1 47271U 20100P   26280.16702745 -.00000352  00000+0 -10140-2 0  9993
2 47271  87.8956 328.4280 0002162  95.4362 264.7013 13.12443735279322
ONEWEB-0126             
1 47272U 20100Q   26280.18749587  .00000137  00000+0  34418-3 0  9995
2 47272  87.8947 328.4314 0001814  99.7994 260.3340 13.12444467279397
ONEWEB-0127             
1 47273U 20100R   26280.15346348 -.00000074  00000+0 -24227-3 0  9990
2 47273  87.8955 328.4334 0001770 100.9190 259.2138 13.12443582279415
ONEWEB-0128             
1 47274U 20100S   26280.17548032 -.00000471  00000+0 -13458-2 0  9991
2 47274  87.8942 328.4412 0001735  88.4461 271.6867 13.12443324279434
ONEWEB-0129             
1 47275U 20100T   26280.15516345 -.00000264  00000+0 -76827-3 0  9992
2 47275  87.8954 328.4306 0001515 134.5556 225.5696 13.12442695279364
ONEWEB-0130             
1 47276U 20100U   26280.18227394 -.00000039  00000+0 -14303-3 0  9990
2 47276  87.8955 328.4218 0001828  97.0166 263.1170 13.12444102279332
ONEWEB-0131             
1 47277U 20100V   26280.17888789 -.00000181  00000+0 -53896-3 0  9999
2 47277  87.8943 328.4284 0001788  93.6591 266.4742 13.12444026279372
ONEWEB-0132             
1 47278U 20100W   26280.20770102  .00000530  00000+0  14372-2 0  9994
2 47278  87.8947 328.4275 0001918  96.5751 263.5596 13.12442486279274
ONEWEB-0133             
1 47279U 20100X   26280.14825734  .00000086  00000+0  20268-3 0  9998
2 47279  87.8959 328.4281 0001795  93.5394 266.5940 13.12442880279429
ONEWEB-0134             
1 47280U 20100Y   26280.11789698  .00000437  00000+0  11796-2 0  9990
2 47280  87.8959 328.4312 0001590  96.8065 263.3244 13.12445266279399
ONEWEB-0135             
1 47281U 20100Z   26280.16533890 -.00000444  00000+0 -12702-2 0  9995
2 47281  87.8950 328.4311 0001598  92.8577 267.2735 13.12442112279421
ONEWEB-0136             
1 47282U 20100AA  26280.18396648 -.00000002  00000+0 -40592-4 0  9996
2 47282  87.8953 328.4170 0001530  98.0178 262.1124 13.12442635279357
ONEWEB-0137             
1 47283U 20100AB  26280.14161851  .00000201  00000+0  52218-3 0  9995
2 47283  87.8947 328.4384 0001981  99.4917 260.6436 13.12442013279252
ONEWEB-0138             
1 47284U 20100AC  26280.11958683  .00000417  00000+0  11228-2 0  9994
2 47284  87.8949 328.4445 0001631  99.3423 260.7890 13.12444306279337
ONEWEB-0139             
1 47285U 20100AD  26280.16039513 -.00000298  00000+0 -86463-3 0  9995
2 47285  87.8954 328.4233 0001845  98.4242 261.7096 13.12443044279411
ONEWEB-0140             
1 47286U 20100AE  26280.19074204  .00000219  00000+0  57429-3 0  9996
2 47286  87.8954 328.4108 0001826  92.5613 267.5725 13.12444896279384
ONEWEB-0141             
1 47287U 20100AF  26280.16011228 -.00000288  00000+0 -83632-3 0  9994
2 47287  87.8955 328.4204 0002089 103.0684 257.0678 13.12443094279369
ONEWEB-0142             
1 47288U 20100AG  26280.14851866  .00000055  00000+0  11794-3 0  9993
2 47288  87.8948 328.4378 0001767 111.4109 248.7209 13.12441757279351
ONEWEB-0143             
1 47289U 20100AH  26280.15854218 -.00000468  00000+0 -13354-2 0  9992
2 47289  87.8947 328.4353 0001908 101.7410 258.3933 13.12442215279337
ONEWEB-0144             
1 47290U 20100AJ  26280.12975673  .00000496  00000+0  13442-2 0  9997
2 47290  87.8958 328.4250 0001580 106.4535 253.6768 13.12443296279258
ONEWEB-0145             
1 47291U 20100AK  26280.17718887 -.00000161  00000+0 -48177-3 0  9990
2 47291  87.8947 328.4311 0001703 101.2914 258.8406 13.12443844279453
ONEWEB-0146             
1 47292U 20100AL  26280.17381073 -.00000286  00000+0 -82972-3 0  9993
2 47292  87.8950 328.4307 0002032  88.3730 271.7631 13.12443808279364
ONEWEB-0147             
1 47293U 20100AM  26280.13993004  .00000305  00000+0  81350-3 0  9992
2 47293  87.8956 328.4219 0001744  94.6272 265.5055 13.12442605279256
ONEWEB-0115             
1 48042U 21025A   26280.08062019 -.00000199  00000+0 -57881-3 0  9994
2 48042  87.8899 297.9526 0001874  90.0399 270.0945 13.13470132268287
ONEWEB-0152             
1 48043U 21025B   26280.32268870 -.00000091  00000+0 -28343-3 0  9997
2 48043  87.8892 297.9052 0002003  90.9469 269.1890 13.13471257268273
ONEWEB-0153             
1 48044U 21025C   26280.07214031 -.00000161  00000+0 -47615-3 0  9991
2 48044  87.8897 297.9537 0001835  95.1952 264.9387 13.13470361268238
ONEWEB-0154             
1 48045U 21025D   26280.06874522 -.00000055  00000+0 -18462-3 0  9998
2 48045  87.8893 297.9550 0001833  92.5522 267.5817 13.13470792268192
ONEWEB-0116             
1 48046U 21025E   26280.10769030  .00000174  00000+0  44041-3 0  9993
2 48046  87.8895 297.9459 0001893  88.2007 271.9339 13.13470924268341
ONEWEB-0150             
1 48047U 21025F   26280.08398911 -.00000268  00000+0 -76784-3 0  9992
2 48047  87.8898 297.9489 0002009  95.7336 264.4022 13.13471056268237
ONEWEB-0107             
1 48048U 21025G   26280.08567917 -.00000274  00000+0 -78479-3 0  9997
2 48048  87.8897 297.9439 0001805  97.4547 262.6787 13.13470856268211
ONEWEB-0101             
1 48049U 21025H   26280.04843842  .00000374  00000+0  99024-3 0  9996
2 48049  87.8894 297.9563 0001688  93.4922 266.6401 13.13471165268186
ONEWEB-0113             
1 48050U 21025J   26280.11308846  .00000246  00000+0  63350-3 0  9997
2 48050  87.8885 297.8393 0001996  93.7213 266.4145 13.13891935268304
ONEWEB-0112             
1 48051U 21025K   26280.31929717 -.00000221  00000+0 -64110-3 0  9996
2 48051  87.8897 297.8957 0001604  95.2125 264.9187 13.13470340268312
ONEWEB-0156             
1 48052U 21025L   26280.09923000 -.00000070  00000+0 -22663-3 0  9990
2 48052  87.8898 297.9490 0001871  96.3999 263.7343 13.13470347268266
ONEWEB-0161             
1 48053U 21025M   26280.07384137 -.00000158  00000+0 -46709-3 0  9995
2 48053  87.8896 297.9541 0001813  99.8206 260.3128 13.13469722268198
ONEWEB-0158             
1 48054U 21025N   26280.10936838  .00000223  00000+0  57566-3 0  9995
2 48054  87.8894 297.9455 0001843  83.3552 276.7787 13.13471988268320
ONEWEB-0157             
1 48055U 21025P   26280.05858564  .00000174  00000+0  44119-3 0  9994
2 48055  87.8888 297.9556 0001664 104.7706 255.3608 13.13470968268250
ONEWEB-0162             
1 48056U 21025Q   26280.11094927  .00000245  00000+0  63656-3 0  9993
2 48056  87.8896 297.9453 0002004  95.2852 264.8506 13.13470495268236
ONEWEB-0155             
1 48057U 21025R   26280.11782502  .00000323  00000+0  84997-3 0  9995
2 48057  87.8895 297.9445 0001862  96.0713 264.0629 13.13471151268376
ONEWEB-0149             
1 48058U 21025S   26280.06368314  .00000050  00000+0  10276-3 0  9997
2 48058  87.8890 297.9570 0002031  95.4670 264.6691 13.13469249268173
ONEWEB-0148             
1 48059U 21025T   26280.10260761  .00000076  00000+0  17387-3 0  9998
2 48059  87.8887 297.9499 0002295 102.1413 257.9974 13.13470946268303
ONEWEB-0160             
1 48060U 21025U   26280.04336459  .00000421  00000+0  11168-2 0  9995
2 48060  87.8886 297.9580 0002186  74.1311 286.0059 13.13470489268241
ONEWEB-0163             
1 48061U 21025V   26280.10430892  .00000090  00000+0  21220-3 0  9992
2 48061  87.8890 297.9487 0001705 100.6102 259.5219 13.13470022268372
ONEWEB-0159             
1 48062U 21025W   26280.32437764 -.00000125  00000+0 -37709-3 0  9992
2 48062  87.8899 297.9007 0001687  98.8455 261.2865 13.13470599268329
ONEWEB-0164             
1 48063U 21025X   26280.07721670 -.00000303  00000+0 -86425-3 0  9994
2 48063  87.8890 297.9540 0001843  90.0799 270.0542 13.13469800268279
ONEWEB-0167             
1 48064U 21025Y   26280.10513698  .00000216  00000+0  55557-3 0  9991
2 48064  87.8885 297.9504 0001227  98.1621 261.9648 13.13471750268265
ONEWEB-0166             
1 48065U 21025Z   26280.05182597  .00000350  00000+0  92309-3 0  9991
2 48065  87.8896 297.9417 0001869  94.1852 265.9491 13.13469826268334
ONEWEB-0151             
1 48066U 21025AA  26280.05350734  .00000349  00000+0  92003-3 0  9991
2 48066  87.8894 297.9546 0001735  92.8408 267.2919 13.13470660268271
ONEWEB-0170             
1 48067U 21025AB  26280.06199037  .00000198  00000+0  50695-3 0  9993
2 48067  87.8896 297.9558 0001731  76.8015 283.3308 13.13467915268235
ONEWEB-0168             
1 48068U 21025AC  26280.12293303  .00000345  00000+0  90855-3 0  9998
2 48068  87.8892 297.9442 0001780  92.6040 267.5293 13.13469607268251
ONEWEB-0173             
1 48069U 21025AD  26280.03827603  .00000366  00000+0  96820-3 0  9996
2 48069  87.8895 297.9599 0001559 100.5545 259.5760 13.13471218268487
ONEWEB-0171             
1 48070U 21025AE  26280.07552866 -.00000162  00000+0 -47825-3 0  9995
2 48070  87.8889 297.9548 0001765  91.3393 268.7938 13.13469385268305
ONEWEB-0172             
1 48071U 21025AF  26280.05522126  .00000291  00000+0  76258-3 0  9993
2 48071  87.8893 297.9578 0001522  95.7580 264.3723 13.13471459269198
ONEWEB-0174             
1 48072U 21025AG  26280.11278109  .00000367  00000+0  96905-3 0  9995
2 48072  87.8900 297.9460 0001936  96.6576 263.4773 13.13469404268520
ONEWEB-0175             
1 48073U 21025AH  26280.06706630 -.00000117  00000+0 -35642-3 0  9991
2 48073  87.8895 297.9411 0001571  86.3768 273.7541 13.13469342268173
ONEWEB-0177             
1 48074U 21025AJ  26280.07890079 -.00000284  00000+0 -81309-3 0  9990
2 48074  87.8894 297.9524 0001866 100.8568 259.2772 13.13468808268367
ONEWEB-0178             
1 48075U 21025AK  26280.09766712 -.00000162  00000+0 -47953-3 0  9991
2 48075  87.8883 297.9535 0001579  93.4374 266.6936 13.13470496268417
ONEWEB-0108             
1 48076U 21025AL  26280.05690772  .00000284  00000+0  74344-3 0  9997
2 48076  87.8897 297.9525 0001984  82.6485 277.4870 13.13472433268336
ONEWEB-0169             
1 48077U 21025AM  26280.08907566 -.00000289  00000+0 -82679-3 0  9990
2 48077  87.8893 297.9510 0001920  95.7213 264.4135 13.13469188266994
ONEWEB-0176             
1 48210U 21031A   26280.29936189 -.00000274  00000+0 -77316-3 0  9998
2 48210  87.8906 267.3301 0001778  85.3470 274.7863 13.14501889263049
ONEWEB-0184             
1 48211U 21031B   26280.27400408  .00000230  00000+0  58624-3 0  9998
2 48211  87.8904 267.3409 0001219  69.0391 291.0869 13.14501816263013
ONEWEB-0179             
1 48212U 21031C   26280.02786189 -.00003724  00000+0 -34878-3 0  9993
2 48212  87.8950 259.2333 0347951 241.3975 115.1824 14.58052463265174
ONEWEB-0180             
1 48213U 21031D   26280.27737250 -.00000129  00000+0 -38305-3 0  9991
2 48213  87.8910 267.3405 0001584  95.3734 264.7576 13.14502082262945
ONEWEB-0218             
1 48214U 21031E   26279.99321518 -.00000174  00000+0 -50389-3 0  9991
2 48214  87.8906 267.3953 0001118  91.5753 268.5505 13.14502350263067
ONEWEB-0209             
1 48215U 21031F   26280.28753607  .00000017  00000+0  10860-4 0  9999
2 48215  87.8904 267.3459 0001800  94.0792 266.0543 13.14502618263103
ONEWEB-0198             
1 48216U 21031G   26279.96799250  .00000282  00000+0  72558-3 0  9992
2 48216  87.8893 267.3985 0001506  95.1291 265.0011 13.14503989263172
ONEWEB-0189             
1 48217U 21031H   26280.28414442  .00000103  00000+0  24377-3 0  9995
2 48217  87.8914 267.3367 0001618  92.2430 267.8885 13.14503210262959
ONEWEB-0196             
1 48218U 21031J   26279.95939404  .00000279  00000+0  71702-3 0  9996
2 48218  87.8904 267.4074 0001775  92.3123 267.8210 13.14504016262912
ONEWEB-0183             
1 48219U 21031K   26280.00843627 -.00000084  00000+0 -26046-3 0  9993
2 48219  87.8902 267.3938 0002095  90.3870 269.7500 13.14503401263014
ONEWEB-0185             
1 48220U 21031L   26279.95854428  .00000280  00000+0  72065-3 0  9996
2 48220  87.8904 267.4024 0002120 100.0014 260.1355 13.14501915262934
ONEWEB-0187             
1 48221U 21031M   26280.01504309 -.00000227  00000+0 -64631-3 0  9999
2 48221  87.8902 267.4010 0001848  90.6128 269.5213 13.14502510262954
ONEWEB-0192             
1 48222U 21031N   26279.98476162 -.00000091  00000+0 -27940-3 0  9990
2 48222  87.8902 267.3960 0001788  88.0330 272.1005 13.14502354262862
ONEWEB-0219             
1 48223U 21031P   26280.04058710  .00000228  00000+0  58132-3 0  9992
2 48223  87.8908 267.3865 0001927  93.8915 266.2435 13.14504423263075
ONEWEB-0202             
1 48224U 21031Q   26279.94583402  .00000165  00000+0  41045-3 0  9996
2 48224  87.8900 267.4118 0001220  87.1411 272.9859 13.14505344263047
ONEWEB-0204             
1 48225U 21031R   26279.97883422  .00000067  00000+0  14487-3 0  9996
2 48225  87.8905 267.4002 0002223  88.8677 271.2708 13.14501877262941
ONEWEB-0205             
1 48226U 21031S   26280.26045301  .00000183  00000+0  45836-3 0  9998
2 48226  87.8902 267.3419 0001777  95.3810 264.7523 13.14505223262991
ONEWEB-0206             
1 48227U 21031T   26280.00335885 -.00000140  00000+0 -41339-3 0  9999
2 48227  87.8910 267.3923 0001989  83.3214 276.8142 13.14503488262915
ONEWEB-0182             
1 48228U 21031U   26280.30274974 -.00000123  00000+0 -36617-3 0  9998
2 48228  87.8902 267.3356 0002066  86.6324 273.5042 13.14502080263160
ONEWEB-0186             
1 48229U 21031V   26280.01013323 -.00000067  00000+0 -21553-3 0  9996
2 48229  87.8907 267.3939 0001815  88.4428 271.6910 13.14502980263071
ONEWEB-0181             
1 48230U 21031W   26279.98809733 -.00000558  00000+0 -15396-2 0  9992
2 48230  87.8905 267.4114 0001823  97.6541 262.4795 13.14502878262922
ONEWEB-0188             
1 48231U 21031X   26280.25540494  .00000144  00000+0  35481-3 0  9998
2 48231  87.8901 267.3580 0001901  88.8873 271.2475 13.14503737262863
ONEWEB-0220             
1 48232U 21031Y   26279.98898205 -.00000114  00000+0 -34096-3 0  9993
2 48232  87.8905 267.3968 0001903  92.2680 267.8668 13.14501370263097
ONEWEB-0165             
1 48233U 21031Z   26280.01859749 -.00000013  00000+0 -70278-4 0  9991
2 48233  87.8902 267.3998 0001541  92.0443 268.0863 13.14503588263050
ONEWEB-0199             
1 48234U 21031AA  26280.00165495 -.00000420  00000+0 -11665-2 0  9994
2 48234  87.8910 267.3940 0001984  81.1479 278.9876 13.14502392262950
ONEWEB-0203             
1 48235U 21031AB  26279.99151464 -.00000176  00000+0 -51007-3 0  9995
2 48235  87.8905 267.3964 0001761  79.3735 280.7593 13.14503225262962
ONEWEB-0197             
1 48236U 21031AC  26280.27215509 -.00000019  00000+0 -86079-4 0  9994
2 48236  87.8899 267.3199 0002038  86.8281 273.3082 13.14502448262914
ONEWEB-0194             
1 48237U 21031AD  26280.02363662 -.00000258  00000+0 -73142-3 0  9993
2 48237  87.8902 267.3952 0001910  81.1107 279.0239 13.14503159263053
ONEWEB-0193             
1 48238U 21031AE  26280.03889290  .00000288  00000+0  74098-3 0  9997
2 48238  87.8913 267.3869 0002002  76.3610 283.7743 13.14503351263002
ONEWEB-0191             
1 48239U 21031AF  26279.97460771  .00000122  00000+0  29464-3 0  9992
2 48239  87.8906 267.4000 0001977  88.6002 271.5354 13.14501538262854
ONEWEB-0195             
1 48240U 21031AG  26280.24541925 -.00020040  00000+0 -53338-1 0  9995
2 48240  87.8906 267.3401 0001363  97.5916 262.5369 13.15606001262872
ONEWEB-0201             
1 48241U 21031AH  26280.31980336 -.00000032  00000+0 -12040-3 0  9993
2 48241  87.8903 267.3417 0002117  96.0339 264.1032 13.14503841263118
ONEWEB-0207             
1 48242U 21031AJ  26279.99405718 -.00000218  00000+0 -62388-3 0  9998
2 48242  87.8904 267.3954 0002315  91.9197 268.2198 13.14501382262982
ONEWEB-0208             
1 48243U 21031AK  26280.28077586  .00000127  00000+0  30701-3 0  9992
2 48243  87.8903 267.3402 0001615  92.8763 267.2552 13.14502913263032
ONEWEB-0200             
1 48244U 21031AL  26280.32135507 -.00000032  00000+0 -12068-3 0  9999
2 48244  87.8908 267.3293 0001898  96.3498 263.7847 13.14505032262967
ONEWEB-0217             
1 48245U 21031AM  26280.26215740  .00000181  00000+0  45465-3 0  9991
2 48245  87.8906 267.3433 0001548  90.0212 270.1095 13.14504578262904
ONEWEB-0211             
1 48767U 21045A   26280.16816634  .00000080  00000+0  17615-3 0  9997
2 48767  87.9019 236.7329 0001230  76.5911 283.5356 13.16198319259173
ONEWEB-0223             
1 48768U 21045B   26280.22571243 -.00000099  00000+0 -29672-3 0  9997
2 48768  87.9024 236.8600 0001592  71.4968 288.6336 13.15548661259138
ONEWEB-0230             
1 48769U 21045C   26280.27324679  .00000113  00000+0  26660-3 0  9991
2 48769  87.9024 236.8588 0002099  77.8594 282.2772 13.15549521259402
ONEWEB-0237             
1 48770U 21045D   26280.18608049  .00000156  00000+0  37909-3 0  9994
2 48770  87.9022 236.8743 0001732  86.3161 273.8167 13.15550695259119
ONEWEB-0235             
1 48771U 21045E   26279.93255758  .00000102  00000+0  23793-3 0  9998
2 48771  87.9023 236.9199 0001700  68.4064 291.7247 13.15550104259073
ONEWEB-0242             
1 48772U 21045F   26280.30651503 -.00000001  00000+0 -36432-4 0  9995
2 48772  87.9026 236.8438 0001971  73.8159 286.3188 13.15549363259166
ONEWEB-0241             
1 48773U 21045G   26279.83750516  .00000947  00000+0  24824-2 0  9993
2 48773  87.9024 236.9456 0001635  73.4420 286.6890 13.15543886259011
ONEWEB-0243             
1 48774U 21045H   26280.17343260  .00000111  00000+0  26071-3 0  9997
2 48774  87.9015 236.8896 0002018  63.7394 296.3944 13.15548841259088
ONEWEB-0222             
1 48775U 21045J   26280.30888138 -.00000013  00000+0 -68657-4 0  9991
2 48775  87.9023 236.8388 0001627  74.1597 285.9713 13.15546776259140
ONEWEB-0244             
1 48776U 21045K   26280.18293060  .00000139  00000+0  33391-3 0  9995
2 48776  87.9028 236.8652 0001864  75.4551 284.6786 13.15547857259694
ONEWEB-0247             
1 48777U 21045L   26280.17976994  .00000183  00000+0  45111-3 0  9991
2 48777  87.9015 236.8825 0001846  54.1773 305.9529 13.15548678259136
ONEWEB-0245             
1 48778U 21045M   26280.17500330  .00000132  00000+0  31670-3 0  9998
2 48778  87.9024 236.8728 0001548  81.5510 278.5796 13.15546817259102
ONEWEB-0229             
1 48779U 21045N   26280.17025771  .00000127  00000+0  30266-3 0  9994
2 48779  87.9022 236.8709 0001961  75.9202 284.2146 13.15548382259139
ONEWEB-0228             
1 48780U 21045P   26280.27974010  .00000097  00000+0  22340-3 0  9996
2 48780  87.9030 236.8477 0001908  76.8912 283.2431 13.15549186259062
ONEWEB-0232             
1 48781U 21045Q   26279.95001548  .00000184  00000+0  45543-3 0  9994
2 48781  87.9028 236.9123 0001893  79.5946 280.5398 13.15549841259340
ONEWEB-0231             
1 48782U 21045R   26280.30811819  .00000002  00000+0 -29439-4 0  9993
2 48782  87.9021 236.8478 0001727  74.9257 285.2064 13.15548683259082
ONEWEB-0234             
1 48783U 21045S   26280.19389913  .00000150  00000+0  36349-3 0  9996
2 48783  87.9033 236.8595 0001821 103.2080 256.9254 13.15548785259204
ONEWEB-0238             
1 48784U 21045T   26280.19415745  .00000054  00000+0  10875-3 0  9999
2 48784  87.9031 236.8552 0002054  97.1373 262.9991 13.15547343259104
ONEWEB-0240             
1 48785U 21045U   26279.91117804 -.00000086  00000+0 -26177-3 0  9992
2 48785  87.9028 236.9192 0001633  77.2992 282.8321 13.15547224259094
ONEWEB-0246             
1 48786U 21045V   26280.20986893 -.00000082  00000+0 -25116-3 0  9997
2 48786  87.9027 236.8621 0001960  75.9319 284.2029 13.15548572259000
ONEWEB-0210             
1 48787U 21045W   26280.18452085  .00000138  00000+0  33315-3 0  9996
2 48787  87.9028 236.8649 0002131  55.4189 304.7142 13.15548235259045
ONEWEB-0214             
1 48788U 21045X   26279.88900239  .00000038  00000+0  68019-4 0  9990
2 48788  87.9027 236.9213 0002202  73.3958 286.7414 13.15547276258971
ONEWEB-0221             
1 48789U 21045Y   26280.27641768 -.00000001  00000+0 -37198-4 0  9991
2 48789  87.9027 236.8516 0001780  75.2617 284.8710 13.15549222259118
ONEWEB-0213             
1 48790U 21045Z   26279.88503041  .00000106  00000+0  24878-3 0  9993
2 48790  87.9026 236.9321 0001830  70.8351 289.2977 13.15548811259124
ONEWEB-0212             
1 48791U 21045AA  26279.93811438  .00000067  00000+0  14273-3 0  9996
2 48791  87.9023 236.9155 0002001  76.8494 283.2859 13.15546937259122
ONEWEB-0227             
1 48792U 21045AB  26279.93733701  .00000042  00000+0  77956-4 0  9994
2 48792  87.9021 236.9144 0001857  77.9582 282.1757 13.15548854259076
ONEWEB-0226             
1 48793U 21045AC  26279.93097797  .00000071  00000+0  15501-3 0  9992
2 48793  87.9024 236.9217 0001954  70.6984 289.4358 13.15547128259042
ONEWEB-0224             
1 48794U 21045AD  26279.89453574  .00000041  00000+0  75524-4 0  9996
2 48794  87.9018 236.9547 0001209  98.8480 261.2788 13.15549705258966
ONEWEB-0233             
1 48795U 21045AE  26279.89915936 -.00000026  00000+0 -10312-3 0  9990
2 48795  87.9016 236.9597 0001683  74.7173 285.4143 13.15548887258983
ONEWEB-0190             
1 48796U 21045AF  26280.19084182  .00000133  00000+0  31880-3 0  9996
2 48796  87.9025 236.8720 0001655  57.8619 302.2671 13.15549524259093
ONEWEB-0236             
1 48797U 21045AG  26280.28433159 -.00000067  00000+0 -21307-3 0  9990
2 48797  87.9025 236.8563 0001934  81.9341 278.2009 13.15549270258992
ONEWEB-0248             
1 48798U 21045AH  26280.22094251 -.00000316  00000+0 -87283-3 0  9993
2 48798  87.9026 236.8617 0001503  72.2800 287.8495 13.15548477259140
ONEWEB-0225             
1 48799U 21045AJ  26279.93891416  .00000133  00000+0  31814-3 0  9992
2 48799  87.9022 236.9228 0001638  63.4020 296.7278 13.15548254259119
ONEWEB-0215             
1 48800U 21045AK  26279.90878154 -.00000080  00000+0 -24725-3 0  9992
2 48800  87.9028 236.9162 0001503  61.2706 298.8575 13.15550462258984
ONEWEB-0216             
1 48801U 21045AL  26279.91832106 -.00000116  00000+0 -34298-3 0  9997
2 48801  87.9022 236.9254 0002009  77.8675 282.2680 13.15547955258999
ONEWEB-0239             
1 48802U 21045AM  26280.22729022 -.00000102  00000+0 -30466-3 0  9994
2 48802  87.9024 236.8677 0001169  66.3072 293.8181 13.15546821259075
ONEWEB-0249             
1 48967U 21060A   26280.22441324  .00000007  00000+0 -14802-4 0  9999
2 48967  87.9177 206.5451 0001758  73.3289 286.8034 13.16593712254359
ONEWEB-0250             
1 48968U 21060B   26279.84865368  .00000012  00000+0 -17270-5 0  9993
2 48968  87.9187 204.0161 0001487 107.0132 253.1167 13.25839420255010
ONEWEB-0252             
1 48970U 21060D   26280.17926364 -.00000260  00000+0 -71437-3 0  9997
2 48970  87.9180 206.5469 0002134  79.5727 280.5644 13.16594594254391
ONEWEB-0253             
1 48971U 21060E   26280.24420914  .00000218  00000+0  53761-3 0  9997
2 48971  87.9179 206.5392 0001759  75.2231 284.9095 13.16595373254338
ONEWEB-0254             
1 48972U 21060F   26280.17769689  .00000146  00000+0  34772-3 0  9996
2 48972  87.9182 206.5512 0001549  70.8958 289.2341 13.16595723254321
ONEWEB-0255             
1 48973U 21060G   26280.21570070 -.00000039  00000+0 -13669-3 0  9991
2 48973  87.9180 206.5487 0001712  70.9786 289.1531 13.16595312254406
ONEWEB-0256             
1 48974U 21060H   26280.24182847  .00000136  00000+0  32120-3 0  9995
2 48974  87.9179 206.5443 0001988  72.6597 287.4751 13.16595008254374
ONEWEB-0257             
1 48975U 21060J   26280.19829154 -.00000025  00000+0 -98998-4 0  9994
2 48975  87.9180 206.5437 0001831  68.2846 291.8480 13.16595455254324
ONEWEB-0258             
1 48976U 21060K   26280.19986379  .00000007  00000+0 -14436-4 0  9992
2 48976  87.9170 206.5516 0001838  73.8343 286.2990 13.16596085254338
ONEWEB-0259             
1 48977U 21060L   26280.19353847  .00000002  00000+0 -29330-4 0  9995
2 48977  87.9186 206.5562 0001674  74.1668 285.9647 13.16594946254361
ONEWEB-0260             
1 48978U 21060M   26280.18482586  .00000038  00000+0  66411-4 0  9997
2 48978  87.9172 206.5541 0002204  69.0414 291.0952 13.16593503254349
ONEWEB-0261             
1 48979U 21060N   26280.23073406  .00000057  00000+0  11427-3 0  9998
2 48979  87.9165 206.5445 0001760  64.0467 296.0845 13.16592248254402
ONEWEB-0262             
1 48980U 21060P   26280.13494547 -.00000094  00000+0 -27921-3 0  9991
2 48980  87.9180 206.5550 0001579  74.8682 285.2624 13.16595272254353
ONEWEB-0263             
1 48981U 21060Q   26280.24261571  .00000117  00000+0  27379-3 0  9994
2 48981  87.9168 206.5425 0001636  65.1246 295.0055 13.16594928254336
ONEWEB-0264             
1 48982U 21060R   26279.82384750 -.00000076  00000+0 -23148-3 0  9998
2 48982  87.9168 206.6252 0001936  68.4425 291.6912 13.16594915254288
ONEWEB-0266             
1 48984U 21060T   26280.22520450 -.00000014  00000+0 -69055-4 0  9995
2 48984  87.9178 206.5432 0001835  76.3757 283.7579 13.16594508254328
ONEWEB-0267             
1 48985U 21060U   26280.23628122  .00000080  00000+0  17668-3 0  9995
2 48985  87.9179 206.5376 0001814  68.1320 292.0004 13.16594906254338
ONEWEB-0268             
1 48986U 21060V   26280.20461815 -.00000020  00000+0 -86116-4 0  9998
2 48986  87.9176 206.5516 0002006  73.3334 286.8018 13.16595168254594
ONEWEB-0269             
1 48987U 21060W   26280.18560228  .00000008  00000+0 -13048-4 0  9993
2 48987  87.9179 206.5535 0002083  79.4978 280.6388 13.16596397254367
ONEWEB-0270             
1 48988U 21060X   26280.20303735 -.00000020  00000+0 -85133-4 0  9994
2 48988  87.9170 206.5499 0001529  68.8436 291.2859 13.16595340254406
ONEWEB-0271             
1 48989U 21060Y   26280.19037550  .00000049  00000+0  94403-4 0  9991
2 48989  87.9177 206.5458 0001737  66.4381 293.6932 13.16595207254403
ONEWEB-0272             
1 48990U 21060Z   26280.06053779 -.00000091  00000+0 -27079-3 0  9993
2 48990  87.9177 206.5792 0002120  68.7309 291.4048 13.16594455254338
ONEWEB-0273             
1 48991U 21060AA  26280.23470856  .00000106  00000+0  24275-3 0  9992
2 48991  87.9167 206.5439 0001731  71.2588 288.8730 13.16594932254339
ONEWEB-0274             
1 48992U 21060AB  26280.18402283  .00000034  00000+0  54433-4 0  9996
2 48992  87.9177 206.5534 0002111  68.2992 291.8364 13.16595860254366
ONEWEB-0275             
1 48993U 21060AC  26280.24892876 -.00000148  00000+0 -42159-3 0  9994
2 48993  87.9181 206.5394 0002659  66.6836 293.4575 13.16594470254304
ONEWEB-0276             
1 48994U 21060AD  26279.82622622 -.00000081  00000+0 -24515-3 0  9999
2 48994  87.9179 206.6215 0002011  70.5276 289.6072 13.16594303254268
ONEWEB-0277             
1 48995U 21060AE  26280.21884219 -.00000246  00000+0 -67789-3 0  9990
2 48995  87.9177 206.5474 0001739  70.1498 289.9820 13.16594143254302
ONEWEB-0278             
1 48996U 21060AF  26280.13336773 -.00000075  00000+0 -22975-3 0  9997
2 48996  87.9181 206.5596 0001849  79.6168 280.5171 13.16594886254426
ONEWEB-0279             
1 48997U 21060AG  26280.21729339  .00000051  00000+0  98892-4 0  9995
2 48997  87.9177 206.5416 0001857  66.1845 293.9480 13.16595434254369
ONEWEB-0280             
1 48998U 21060AH  26280.23232590  .00000050  00000+0  97094-4 0  9998
2 48998  87.9179 206.5424 0001545  78.6759 281.4545 13.16595216254303
ONEWEB-0281             
1 48999U 21060AJ  26280.23787312  .00000137  00000+0  32523-3 0  9997
2 48999  87.9179 206.5385 0002005  73.7103 286.4248 13.16594121254377
ONEWEB-0282             
1 49000U 21060AK  26280.26792683  .00000044  00000+0  82418-4 0  9997
2 49000  87.9181 206.5378 0001745  72.3123 287.8198 13.16597017254357
ONEWEB-0283             
1 49001U 21060AL  26280.18086927  .00000084  00000+0  18673-3 0  9991
2 49001  87.9180 206.5545 0001838  68.4686 291.6641 13.16595374254356
ONEWEB-0284             
1 49002U 21060AM  26280.25052049  .00000110  00000+0  25359-3 0  9997
2 49002  87.9181 206.5356 0001625  81.3798 278.7517 13.16595659254343
ONEWEB-0285             
1 49075U 21075A   26280.20514948  .00000521  00000+0  14125-2 0  9993
2 49075  87.8949 328.4239 0002085  99.6935 260.4429 13.12443178249904
ONEWEB-0286             
1 49076U 21075B   26280.18723305  .00000128  00000+0  32070-3 0  9993
2 49076  87.8943 328.4350 0002088  97.8992 262.2374 13.12443531249259
ONEWEB-0287             
1 49077U 21075C   26280.17250871  .00000058  00000+0  11654-3 0  9993
2 49077  87.9180 343.6324 0002273 104.3179 255.8205 13.17650676248379
ONEWEB-0288             
1 49078U 21075D   26280.16363866 -.00000334  00000+0 -96389-3 0  9999
2 49078  87.8950 328.4260 0002003 103.7312 256.4040 13.12442367249878
ONEWEB-0289             
1 49079U 21075E   26280.21131705  .00000023  00000+0  25425-4 0  9998
2 49079  87.9172 343.6397 0001590 108.0319 252.0986 13.17647528248951
ONEWEB-0290             
1 49080U 21075F   26280.18431981  .00000080  00000+0  17379-3 0  9996
2 49080  87.9183 343.6276 0001500 110.3079 249.8214 13.17647726248364
ONEWEB-0291             
1 49081U 21075G   26280.16906929  .00000103  00000+0  23325-3 0  9998
2 49081  87.9182 343.6306 0001970 110.0144 250.1200 13.17650591248352
ONEWEB-0293             
1 49082U 21075H   26280.19444284  .00000035  00000+0  58072-4 0  9995
2 49082  87.9180 343.6277 0001820 103.7281 256.4053 13.17648250248380
ONEWEB-0294             
1 49083U 21075J   26280.09416574 -.00000337  00000+0 -97326-3 0  9997
2 49083  87.8954 328.4450 0001610 104.2531 255.8777 13.12444964249258
ONEWEB-0295             
1 49084U 21075K   26280.19360032  .00000115  00000+0  26266-3 0  9993
2 49084  87.9184 343.6325 0002103 106.6961 253.4402 13.17648152248344
ONEWEB-0296             
1 49085U 21075L   26280.15008273 -.00000041  00000+0 -14848-3 0  9999
2 49085  87.8947 328.4379 0001996 107.0456 253.0891 13.12443154249264
ONEWEB-0297             
1 49086U 21075M   26280.18057218 -.00000115  00000+0 -35423-3 0  9990
2 49086  87.8943 328.4346 0001957  99.5689 260.5661 13.12445199249871
ONEWEB-0298             
1 49087U 21075N   26280.19795959  .00000068  00000+0  14125-3 0  9994
2 49087  87.9180 343.6293 0002009  97.8026 262.3333 13.17648487248371
ONEWEB-0299             
1 49088U 21075P   26280.12355477  .00000082  00000+0  17873-3 0  9994
2 49088  87.9189 343.6344 0002069 101.7555 258.3809 13.17650876248341
ONEWEB-0300             
1 49089U 21075Q   26280.17294809 -.00000326  00000+0 -94269-3 0  9998
2 49089  87.8956 328.4280 0002160  90.3732 269.7644 13.12444441249893
ONEWEB-0301             
1 49090U 21075R   26280.15688154 -.00000172  00000+0 -51372-3 0  9995
2 49090  87.8954 328.4268 0002030  89.1323 271.0038 13.12443040249254
ONEWEB-0302             
1 49091U 21075S   26280.14331259  .00000130  00000+0  32547-3 0  9991
2 49091  87.8947 328.4375 0001726 107.8134 252.3183 13.12441769249232
ONEWEB-0304             
1 49092U 21075T   26280.17419055  .00000035  00000+0  58246-4 0  9995
2 49092  87.9181 343.6366 0002043 103.0928 257.0431 13.17648510248320
ONEWEB-0305             
1 49093U 21075U   26280.16744838  .00000063  00000+0  12961-3 0  9999
2 49093  87.9183 343.6305 0002260 105.3387 254.7995 13.17647742248359
ONEWEB-0308             
1 49094U 21075V   26280.13653042  .00000382  00000+0  10266-2 0  9992
2 49094  87.8956 328.4378 0001858  97.2905 262.8435 13.12443368249246
ONEWEB-0309             
1 49095U 21075W   26280.17082407  .00000094  00000+0  20839-3 0  9996
2 49095  87.9179 343.6299 0001633 112.7639 247.3665 13.17649454248324
ONEWEB-0310             
1 49096U 21075X   26280.15177999 -.00000069  00000+0 -22706-3 0  9995
2 49096  87.8946 328.4459 0001834  97.1477 262.9860 13.12443005249874
ONEWEB-0311             
1 49097U 21075Y   26280.17755998  .00000083  00000+0  17936-3 0  9992
2 49097  87.9181 343.6290 0002355 102.6904 257.4491 13.17650804248370
ONEWEB-0312             
1 49098U 21075Z   26280.19276651  .00000098  00000+0  21860-3 0  9996
2 49098  87.9179 343.6359 0002035 107.2140 252.9214 13.17648766248357
ONEWEB-0313             
1 49099U 21075AA  26280.12174103 -.00000023  00000+0 -92863-4 0  9991
2 49099  87.9180 343.6536 0002026 100.8040 259.3319 13.17648185248335
ONEWEB-0314             
1 49100U 21075AB  26280.16406306 -.00000027  00000+0 -10191-3 0  9998
2 49100  87.9190 343.6312 0002102 109.0358 251.1001 13.17647923248314
ONEWEB-0315             
1 49101U 21075AC  26280.20091330  .00000451  00000+0  12189-2 0  9998
2 49101  87.8954 328.4095 0002253  96.9096 263.2289 13.12444001249861
ONEWEB-0316             
1 49102U 21075AD  26280.15268018 -.00000054  00000+0 -16916-3 0  9996
2 49102  87.9126 313.2025 0001748 101.2420 258.8909 13.18684795251963
ONEWEB-0317             
1 49103U 21075AE  26280.20426243  .00000093  00000+0  22390-3 0  9993
2 49103  87.8947 328.4269 0001304 102.2372 257.8903 13.12442378249881
ONEWEB-0318             
1 49104U 21075AF  26280.14999366  .00000036  00000+0  58450-4 0  9992
2 49104  87.9129 313.2066 0002084  96.0917 264.0453 13.18690999251921
ONEWEB-0319             
1 49105U 21075AG  26280.17925674  .00000043  00000+0  78110-4 0  9990
2 49105  87.9179 343.6331 0002392  97.0070 263.1334 13.17647500248352
ONEWEB-0323             
1 49106U 21075AH  26280.18566096  .00000052  00000+0  11017-3 0  9993
2 49106  87.8955 328.4183 0002416 100.5223 259.6178 13.12444723249249
ONEWEB-0329             
1 49107U 21075AJ  26280.18768480  .00000095  00000+0  21138-3 0  9997
2 49107  87.9181 343.6328 0002008 103.7493 256.3862 13.17648033248331
ONEWEB-0330             
1 49108U 21075AK  26280.19121458  .00000058  00000+0  11552-3 0  9995
2 49108  87.9187 343.6466 0001919 104.6537 255.4807 13.17649066248370
ONEWEB-0292             
1 49186U 21083A   26280.07045880 -.00000096  00000+0 -29793-3 0  9991
2 49186  87.8890 297.9633 0002018  92.4052 267.7309 13.13469932245615
ONEWEB-0303             
1 49187U 21083B   26280.14579776  .00000084  00000+0  18066-3 0  9992
2 49187  87.9129 313.2055 0002068  95.8962 264.2406 13.18685867244738
ONEWEB-0306             
1 49188U 21083C   26280.13568322  .00000100  00000+0  22096-3 0  9994
2 49188  87.9136 313.1994 0001655  96.9786 263.1534 13.18685499244770
ONEWEB-0307             
1 49189U 21083D   26280.06451870  .00000060  00000+0  12815-3 0  9999
2 49189  87.8893 297.9633 0001965  95.0378 265.0975 13.13469097245613
ONEWEB-0320             
1 49190U 21083E   26280.15589022 -.00000064  00000+0 -19555-3 0  9996
2 49190  87.9122 313.2016 0001865  94.6357 265.4988 13.18684334244737
ONEWEB-0321             
1 49191U 21083F   26280.24533005  .00000047  00000+0  83074-4 0  9994
2 49191  87.9164 252.0763 0001836  78.1927 281.9413 13.20770355251625
ONEWEB-0322             
1 49192U 21083G   26280.06028860  .00000155  00000+0  38971-3 0  9998
2 49192  87.8886 297.9630 0001581  82.4145 277.7164 13.13469882245603
ONEWEB-0324             
1 49193U 21083H   26280.12892581 -.00000017  00000+0 -74747-4 0  9996
2 49193  87.9133 313.2066 0001846 100.0004 260.1336 13.18684773244755
ONEWEB-0325             
1 49194U 21083J   26280.13230843  .00000067  00000+0  13700-3 0  9999
2 49194  87.9129 313.2046 0001960  91.5588 268.5768 13.18685042244769
ONEWEB-0326             
1 49195U 21083K   26280.14761381  .00000020  00000+0  17936-4 0  9992
2 49195  87.9128 313.2053 0002156  93.3774 266.7605 13.18686667244755
ONEWEB-0327             
1 49196U 21083L   26280.14735120  .00000069  00000+0  14289-3 0  9995
2 49196  87.9123 313.2025 0002240  89.6953 270.4436 13.18686599244771
ONEWEB-0328             
1 49197U 21083M   26280.05014183  .00000357  00000+0  94289-3 0  9993
2 49197  87.8895 297.9494 0001833  97.1394 262.9944 13.13469698245589
ONEWEB-0331             
1 49198U 21083N   26280.14073908 -.00000031  00000+0 -11023-3 0  9990
2 49198  87.9132 313.2032 0002237  97.1334 263.0053 13.18686099244761
ONEWEB-0333             
1 49199U 21083P   26280.12122789  .00000371  00000+0  98067-3 0  9999
2 49199  87.8888 297.9513 0001910  91.2029 268.9319 13.13470969245609
ONEWEB-0334             
1 49200U 21083Q   26280.25962462  .00000064  00000+0  12597-3 0  9999
2 49200  87.9166 252.0844 0001450  64.0044 296.1238 13.20773428251586
ONEWEB-0335             
1 49201U 21083R   26280.11616481  .00000398  00000+0  10549-2 0  9996
2 49201  87.8887 297.9488 0002019  92.7083 267.4277 13.13470210245617
ONEWEB-0336             
1 49202U 21083S   26280.08738879 -.00000146  00000+0 -43419-3 0  9995
2 49202  87.8899 297.9507 0002142  96.1787 263.9587 13.13470493245606
ONEWEB-0337             
1 49203U 21083T   26280.09739730 -.00000093  00000+0 -28844-3 0  9990
2 49203  87.8890 297.9538 0001898  98.2769 261.8576 13.13472129245605
ONEWEB-0338             
1 49204U 21083U   26279.93387003 -.00000315  00000+0 -80765-3 0  9991
2 49204  87.9165 252.1509 0001711  76.6864 283.4460 13.20772183251568
ONEWEB-0339             
1 49205U 21083V   26280.02982390  .00000206  00000+0  52895-3 0  9994
2 49205  87.8886 297.9605 0001768  88.2718 271.8613 13.13470520245578
ONEWEB-0340             
1 49206U 21083W   26280.12724979  .00000087  00000+0  18808-3 0  9996
2 49206  87.9126 313.2085 0002048  96.8274 263.3091 13.18684976244724
ONEWEB-0341             
1 49207U 21083X   26280.13398319  .00000023  00000+0  26260-4 0  9995
2 49207  87.9128 313.2063 0001937 109.0254 251.1088 13.18684204244741
ONEWEB-0342             
1 49208U 21083Y   26279.94061159  .00000023  00000+0  23500-4 0  9996
2 49208  87.9165 252.1395 0001900  82.5643 277.5706 13.20772554251532
ONEWEB-0343             
1 49209U 21083Z   26280.14240118 -.00000021  00000+0 -86842-4 0  9993
2 49209  87.9124 313.2037 0001470  93.6132 266.5168 13.18683745244798
ONEWEB-0344             
1 49210U 21083AA  26280.10092579  .00000102  00000+0  24571-3 0  9995
2 49210  87.8888 297.9583 0001886 105.1043 255.0295 13.13470773245583
ONEWEB-0345             
1 49211U 21083AB  26280.09245977 -.00000230  00000+0 -66376-3 0  9999
2 49211  87.8889 297.9501 0001785 102.3244 257.8085 13.13470571245599
ONEWEB-0346             
1 49212U 21083AC  26280.13905213  .00000040  00000+0  69781-4 0  9992
2 49212  87.9133 313.2048 0002531  96.1812 263.9609 13.18684580244739
ONEWEB-0348             
1 49213U 21083AD  26280.00627764 -.00000107  00000+0 -29438-3 0  9991
2 49213  87.9165 252.1316 0002294  93.8598 266.2798 13.20772221251573
ONEWEB-0350             
1 49214U 21083AE  26280.11122022  .00000268  00000+0  70018-3 0  9997
2 49214  87.8887 297.9485 0002078  62.2742 297.8598 13.13471317245620
ONEWEB-0351             
1 49215U 21083AF  26279.99939936  .00000006  00000+0 -16994-4 0  9997
2 49215  87.9165 252.1325 0001359  89.1531 270.9758 13.20771890251536
ONEWEB-0352             
1 49216U 21083AG  26280.08230116 -.00000381  00000+0 -10786-2 0  9992
2 49216  87.8891 297.9572 0001455  92.2612 267.8683 13.13469908245716
ONEWEB-0354             
1 49217U 21083AH  26280.25375974  .00000082  00000+0  16968-3 0  9999
2 49217  87.9164 252.0793 0002171  95.6928 264.4453 13.20772177251607
ONEWEB-0355             
1 49218U 21083AJ  26280.11191021  .00000293  00000+0  76697-3 0  9993
2 49218  87.8888 297.9528 0001696  96.6961 263.4361 13.13471526245597
ONEWEB-0357             
1 49219U 21083AK  26280.25034243 -.00004513  00000+0 -11138-1 0  9999
2 49219  87.9166 252.0741 0001620  57.1919 302.9371 13.20763699251601
ONEWEB-0332             
1 49279U 21090A   26280.02537163  .00000104  00000+0  24027-3 0  9990
2 49279  87.8899 267.3896 0001794  82.1054 278.0281 13.15786035242278
ONEWEB-0347             
1 49280U 21090B   26279.93725664  .00000061  00000+0  11895-3 0  9996
2 49280  87.9165 252.1444 0001889  76.5569 283.5775 13.20773752245798
ONEWEB-0349             
1 49281U 21090C   26279.96925226 -.00000001  00000+0 -34650-4 0  9997
2 49281  87.9163 252.1381 0002006  83.6858 276.4504 13.20772673244587
ONEWEB-0353             
1 49282U 21090D   26279.95259797  .00000161  00000+0  39995-3 0  9991
2 49282  87.8903 267.4069 0001863  80.3411 279.7929 13.14504984242261
ONEWEB-0356             
1 49283U 21090E   26279.96757212  .00000067  00000+0  13202-3 0  9996
2 49283  87.9166 252.1329 0002532  78.7848 281.3570 13.20771382244586
ONEWEB-0358             
1 49284U 21090F   26279.92799631  .00000034  00000+0  51079-4 0  9993
2 49284  87.9165 252.1486 0002089  84.9838 275.1534 13.20771674245301
ONEWEB-0359             
1 49285U 21090G   26279.99449799 -.00000054  00000+0 -16468-3 0  9994
2 49285  87.9165 252.1270 0002136  86.9101 273.2277 13.20771068245299
ONEWEB-0360             
1 49286U 21090H   26279.98438497 -.00000230  00000+0 -59730-3 0  9992
2 49286  87.9163 252.1347 0001920  85.6758 274.4594 13.20770886244603
ONEWEB-0361             
1 49287U 21090J   26279.96586931  .00000033  00000+0  49976-4 0  9999
2 49287  87.9167 252.1380 0002064  85.7914 274.3455 13.20770524245054
ONEWEB-0362             
1 49288U 21090K   26280.00699142 -.00000040  00000+0 -13283-3 0  9997
2 49288  87.9094 282.6862 0001687  94.4221 265.7105 13.19724564241665
ONEWEB-0363             
1 49289U 21090L   26279.98102959  .00000108  00000+0  23292-3 0  9992
2 49289  87.9162 252.1341 0002307  81.7951 278.3444 13.20772289245068
ONEWEB-0364             
1 49290U 21090M   26279.94398699  .00000081  00000+0  16690-3 0  9992
2 49290  87.9164 252.1490 0001950  82.8117 277.3238 13.20770404246198
ONEWEB-0365             
1 49291U 21090N   26280.01647087  .00000030  00000+0  42782-4 0  9997
2 49291  87.9098 282.6787 0001883  90.5482 269.5867 13.19724526241174
ONEWEB-0366             
1 49292U 21090P   26280.25369742  .00000064  00000+0  13681-3 0  9995
2 49292  87.8902 267.3477 0001927  88.1832 271.9518 13.14504377242283
ONEWEB-0367             
1 49293U 21090Q   26280.28320716  .00000052  00000+0  95455-4 0  9994
2 49293  87.9165 252.0763 0001831  82.7097 277.4244 13.20770155244625
ONEWEB-0368             
1 49294U 21090R   26280.25711375  .00000084  00000+0  17501-3 0  9997
2 49294  87.9165 252.0855 0002264  65.0788 295.0581 13.20772955245777
ONEWEB-0369             
1 49295U 21090S   26280.31500073 -.00000030  00000+0 -10735-3 0  9991
2 49295  87.9092 282.6210 0002174  81.4387 278.6992 13.19724421241208
ONEWEB-0370             
1 49296U 21090T   26279.91368616  .00000031  00000+0  43528-4 0  9997
2 49296  87.9163 252.1480 0001843  91.2720 268.8625 13.20772990244619
ONEWEB-0371             
1 49297U 21090U   26280.01963272  .00000009  00000+0 -91285-5 0  9990
2 49297  87.9095 282.6772 0002084  84.2454 275.8917 13.19725536241206
ONEWEB-0372             
1 49298U 21090V   26280.28223123  .00000037  00000+0  58596-4 0  9991
2 49298  87.9164 252.0771 0001968  82.6818 277.4539 13.20771844244633
ONEWEB-0373             
1 49299U 21090W   26279.92883518  .00000014  00000+0  28119-5 0  9995
2 49299  87.9164 252.1469 0002055  85.1314 275.0054 13.20770695245771
ONEWEB-0374             
1 49300U 21090X   26280.01181739 -.00000062  00000+0 -20112-3 0  9994
2 49300  87.8910 267.3920 0002522  86.9716 273.1702 13.14504072242252
ONEWEB-0375             
1 49301U 21090Y   26280.22008533  .00000003  00000+0 -24811-4 0  9993
2 49301  87.9164 252.0809 0002541  85.6234 274.5190 13.20771007245311
ONEWEB-0376             
1 49302U 21090Z   26280.01805655  .00000061  00000+0  12049-3 0  9993
2 49302  87.9100 282.6770 0001754  84.6962 275.4371 13.19724560241205
ONEWEB-0377             
1 49303U 21090AA  26279.97947391 -.00000101  00000+0 -28144-3 0  9991
2 49303  87.9163 252.1313 0002271  82.6996 277.4395 13.20770260245279
ONEWEB-0378             
1 49304U 21090AB  26280.22694583 -.00000072  00000+0 -20865-3 0  9993
2 49304  87.9164 252.0847 0002076  80.9639 279.1730 13.20769873244572
ONEWEB-0379             
1 49305U 21090AC  26280.31122190 -.00000152  00000+0 -44584-3 0  9997
2 49305  87.8903 267.3375 0002015  83.0318 277.1040 13.14503908242296
ONEWEB-0380             
1 49306U 21090AD  26280.01489620  .00000065  00000+0  13028-3 0  9999
2 49306  87.9098 282.6782 0002007  94.2892 265.8470 13.19723959241179
ONEWEB-0381             
1 49307U 21090AE  26279.97596787 -.00000030  00000+0 -10621-3 0  9996
2 49307  87.9162 252.1370 0002216  84.7780 275.3606 13.20769945244581
ONEWEB-0382             
1 49308U 21090AF  26279.96248765  .00000017  00000+0  10732-4 0  9993
2 49308  87.9164 252.1340 0002255  81.2832 278.8557 13.20770022244574
ONEWEB-0383             
1 49309U 21090AG  26279.99996561 -.00000178  00000+0 -51386-3 0  9990
2 49309  87.8904 267.3934 0002072  84.2161 275.9205 13.14503626242289
ONEWEB-0384             
1 49310U 21090AH  26279.94737999  .00000065  00000+0  12742-3 0  9991
2 49310  87.9164 252.1790 0002479  76.9267 283.2143 13.20819119244580
ONEWEB-0385             
1 49311U 21090AJ  26279.95577173  .00000060  00000+0  11473-3 0  9994
2 49311  87.9164 252.1397 0002161  83.1452 276.9927 13.20771533244551
ONEWEB-0386             
1 49312U 21090AK  26279.97259495 -.00000077  00000+0 -22090-3 0  9998
2 49312  87.9166 252.1308 0002128  79.3538 280.7835 13.20770601244579
ONEWEB-0387             
1 49313U 21090AL  26279.95744251  .00000055  00000+0  10302-3 0  9993
2 49313  87.9166 252.1485 0002257  89.2771 270.8621 13.20769834244577
ONEWEB-0388             
1 49314U 21090AM  26280.01016030  .00000035  00000+0  55083-4 0  9994
2 49314  87.9103 282.6781 0002029  87.5960 272.5405 13.19725220241164
ONEWEB-0389             
1 50469U 21132A   26280.20455960 -.00000042  00000+0 -14060-3 0  9993
2 50469  87.9180 343.6292 0002120  94.0226 266.1148 13.17648008232830
ONEWEB-0390             
1 50470U 21132B   26280.20627150  .00000063  00000+0  12956-3 0  9990
2 50470  87.9179 343.6295 0001740 109.1915 250.9405 13.17649364232836
ONEWEB-0391             
1 50471U 21132C   26280.20794735  .00000025  00000+0  32196-4 0  9992
2 50471  87.9176 343.6379 0002630 110.8027 249.3386 13.17648476232832
ONEWEB-0392             
1 50472U 21132D   26280.16238696  .00000030  00000+0  43783-4 0  9997
2 50472  87.9186 343.6250 0002304 102.4428 257.6961 13.17647788232861
ONEWEB-0393             
1 50473U 21132E   26280.13791907  .00000038  00000+0  65306-4 0  9997
2 50473  87.9180 343.6377 0002032 100.8714 259.2647 13.17649278232858
ONEWEB-0394             
1 50474U 21132F   26280.09184167  .00000117  00000+0  26308-3 0  9993
2 50474  87.9133 313.2042 0002012  92.3975 267.7387 13.18687422236348
ONEWEB-0395             
1 50475U 21132G   26280.17082835 -.00000637  00000+0 -18328-2 0  9993
2 50475  87.8966 358.8139 0001850 107.3975 252.7355 13.11416514230393
ONEWEB-0396             
1 50476U 21132H   26280.08508370 -.00000022  00000+0 -87376-4 0  9990
2 50476  87.9130 313.2167 0002108  93.6190 266.5183 13.18685297236387
ONEWEB-0397             
1 50477U 21132J   26280.10027587  .00000077  00000+0  16261-3 0  9992
2 50477  87.9130 313.2142 0002090  90.0603 270.0769 13.18687101236365
ONEWEB-0398             
1 50478U 21132K   26280.21479761  .00000575  00000+0  15860-2 0  9996
2 50478  87.8969 358.8038 0001738 111.5689 248.5624 13.11416999230299
ONEWEB-0399             
1 50479U 21132L   26280.20121002  .00000127  00000+0  32156-3 0  9999
2 50479  87.8964 358.8118 0002313  99.3238 260.8152 13.11418194230288
ONEWEB-0400             
1 50480U 21132M   26280.15422561  .00000074  00000+0  15577-3 0  9998
2 50480  87.9133 313.1953 0001834  99.2005 260.9334 13.18686996236360
ONEWEB-0401             
1 50481U 21132N   26280.12388590  .00000045  00000+0  82619-4 0  9999
2 50481  87.9134 313.1998 0001883  87.6516 272.4831 13.18685910236368
ONEWEB-0402             
1 50482U 21132P   26280.08677450  .00000063  00000+0  12779-3 0  9990
2 50482  87.9137 313.1947 0001994  81.5238 278.6121 13.18685768236386
ONEWEB-0403             
1 50483U 21132Q   26280.11207828  .00000111  00000+0  24943-3 0  9993
2 50483  87.9131 313.2123 0002047  96.5755 263.5610 13.18686216236349
ONEWEB-0404             
1 50484U 21132R   26280.18256468 -.00000394  00000+0 -11484-2 0  9995
2 50484  87.8970 358.8154 0002135 105.7804 254.3559 13.11418692230376
ONEWEB-0405             
1 50485U 21132S   26280.12556079 -.00000003  00000+0 -40959-4 0  9999
2 50485  87.9135 313.1990 0001651 107.4493 252.6820 13.18686676236743
ONEWEB-0406             
1 50486U 21132T   26280.11712330 -.00000072  00000+0 -21559-3 0  9993
2 50486  87.9128 313.2100 0002419  99.7380 260.4025 13.18685983236374
ONEWEB-0407             
1 50487U 21132U   26280.11036744 -.00000021  00000+0 -85982-4 0  9997
2 50487  87.9135 313.2083 0001743  92.0455 268.0877 13.18685179236311
ONEWEB-0409             
1 50488U 21132V   26280.18086615 -.00000412  00000+0 -11981-2 0  9997
2 50488  87.8970 358.8074 0002038 107.6014 252.5337 13.11418816230267
ONEWEB-0412             
1 50489U 21132W   26280.09856834  .00000076  00000+0  15958-3 0  9999
2 50489  87.9128 313.2134 0001924  85.0937 275.0415 13.18684780236403
ONEWEB-0413             
1 50490U 21132X   26280.10364321  .00000114  00000+0  25737-3 0  9997
2 50490  87.9134 313.2120 0001805  86.5433 273.5906 13.18686126236349
ONEWEB-0414             
1 50491U 21132Y   26280.16433979  .00000031  00000+0  45408-4 0  9996
2 50491  87.9132 313.1857 0002023  90.9119 269.2245 13.18687354236383
ONEWEB-0417             
1 50492U 21132Z   26280.17277149  .00000115  00000+0  25961-3 0  9997
2 50492  87.9134 313.1981 0002124  98.9870 261.1503 13.18684715236362
ONEWEB-0418             
1 50493U 21132AA  26280.18275513  .00000040  00000+0  69021-4 0  9995
2 50493  87.9128 313.1970 0002131 104.5836 255.5533 13.18688319236429
ONEWEB-0419             
1 50494U 21132AB  26280.14834843  .00000073  00000+0  15364-3 0  9995
2 50494  87.9132 313.2190 0002045 102.6104 257.5257 13.18687492236337
ONEWEB-0420             
1 50495U 21132AC  26280.16600523  .00001964  00000+0  49465-2 0  9992
2 50495  87.9124 313.1979 0002007  99.1018 261.0341 13.18699713236338
ONEWEB-0421             
1 50496U 21132AD  26280.08339893  .00000023  00000+0  25218-4 0  9990
2 50496  87.9137 313.2168 0002136  86.7447 273.3929 13.18685211236364
ONEWEB-0424             
1 50497U 21132AE  26280.12050002  .00000069  00000+0  14277-3 0  9990
2 50497  87.9130 313.2097 0001825 110.4743 249.6585 13.18684543236391
ONEWEB-0426             
1 50498U 21132AF  26280.14916193 -.00000005  00000+0 -45593-4 0  9993
2 50498  87.9134 313.1952 0002644  95.3667 264.7766 13.18684692236340
ONEWEB-0427             
1 50499U 21132AG  26280.11882234  .00000011  00000+0 -41918-5 0  9993
2 50499  87.9134 313.1933 0002095  97.0411 263.0960 13.18686696236362
ONEWEB-0429             
1 50500U 21132AH  26280.10532867  .00000092  00000+0  20088-3 0  9990
2 50500  87.9126 313.2114 0001786  92.5221 267.6116 13.18685008236339
ONEWEB-0430             
1 50501U 21132AJ  26280.24526305  .00000009  00000+0 -88892-5 0  9994
2 50501  87.9125 313.1826 0001662  93.7495 266.3827 13.18684218236390
ONEWEB-0432             
1 50502U 21132AK  26280.07651946  .00000000  00000+0 -33805-4 0  9990
2 50502  87.9136 313.2081 0001567 103.0902 257.0405 13.18687419236327
ONEWEB-0440             
1 50503U 21132AL  26280.11375928  .00000147  00000+0  33999-3 0  9993
2 50503  87.9129 313.2105 0001885  85.2953 274.8395 13.18685537236321
ONEWEB-0450             
1 50504U 21132AM  26280.10714127  .00000030  00000+0  44251-4 0  9996
2 50504  87.9137 313.2100 0001758  93.2546 266.8788 13.18685965236357
ONEWEB-0410             
1 51622U 22012A   26280.14720469  .00000083  00000+0  18092-3 0  9997
2 51622  87.9179 343.6354 0003195 104.3644 255.7843 13.17647815228444
ONEWEB-0411             
1 51623U 22012B   26280.18250525  .00000567  00000+0  15879-2 0  9999
2 51623  87.8911  13.9883 0001335 111.9940 248.1329 13.10371755223955
ONEWEB-0415             
1 51624U 22012C   26280.02640179  .00000609  00000+0  17085-2 0  9999
2 51624  87.8924  14.0168 0001789 115.3791 244.7521 13.10372510223937
ONEWEB-0416             
1 51625U 22012D   26280.19100012  .00000320  00000+0  88122-3 0  9996
2 51625  87.8910  13.9944 0001756 115.8068 244.3240 13.10370811223991
ONEWEB-0422             
1 51626U 22012E   26280.15730615 -.00008911  00000+0 -22990-1 0  9996
2 51626  87.9189 343.6315 0001447  97.7476 262.3820 13.17699480228558
ONEWEB-0423             
1 51627U 22012F   26280.15057670  .00000034  00000+0  55681-4 0  9992
2 51627  87.9177 343.6361 0001976  98.8871 261.2484 13.17648519228444
ONEWEB-0425             
1 51628U 22012G   26280.20115538 -.00000216  00000+0 -65442-3 0  9996
2 51628  87.8919  13.9810 0002181 107.3151 252.8215 13.10369113223996
ONEWEB-0428             
1 51629U 22012H   26279.79902191  .00000572  00000+0  16037-2 0  9996
2 51629  87.8911  14.0628 0001783 102.7698 257.3629 13.10373294223905
ONEWEB-0431             
1 51630U 22012J   26280.22647238 -.00000350  00000+0 -10402-2 0  9992
2 51630  87.8926  13.9764 0001259 113.6519 246.4740 13.10375169224012
ONEWEB-0434             
1 51631U 22012K   26280.20473344 -.00003326  00000+0 -95705-2 0  9991
2 51631  87.8915  14.0064 0002464 101.2455 258.8949 13.10345454223995
ONEWEB-0435             
1 51632U 22012L   26280.21132596 -.00000549  00000+0 -16089-2 0  9996
2 51632  87.8911  13.9848 0001483  96.5522 263.5774 13.10370778223986
ONEWEB-0436             
1 51633U 22012M   26280.14212482 -.00000071  00000+0 -21506-3 0  9993
2 51633  87.9189 343.6282 0001832  92.1007 268.0335 13.17647795228428
ONEWEB-0438             
1 51634U 22012N   26280.19607650  .00000054  00000+0  11744-3 0  9996
2 51634  87.8908  13.9917 0001991 105.5283 254.6065 13.10372015224015
ONEWEB-0439             
1 51635U 22012P   26280.19946416 -.00000072  00000+0 -24210-3 0  9997
2 51635  87.8921  13.9828 0001928 100.9944 259.1401 13.10369474223990
ONEWEB-0442             
1 51636U 22012Q   26280.21047372  .00000021  00000+0  20750-4 0  9992
2 51636  87.9182 343.6378 0002451 103.6109 256.5296 13.17647725228420
ONEWEB-0443             
1 51637U 22012R   26280.15394896  .00000008  00000+0 -11745-4 0  9992
2 51637  87.9175 343.6487 0002052  91.1196 269.0171 13.17648064228460
ONEWEB-0444             
1 51638U 22012S   26280.26564285  .00000449  00000+0  12492-2 0  9992
2 51638  87.8919  13.9686 0001826  97.1066 263.0270 13.10369604224018
ONEWEB-0445             
1 51639U 22012T   26280.20963928 -.00000509  00000+0 -14931-2 0  9993
2 51639  87.8920  13.9723 0001769 107.5698 252.5623 13.10371630224013
ONEWEB-0446             
1 51640U 22012U   26279.80580843  .00000305  00000+0  83843-3 0  9991
2 51640  87.8910  14.0718 0001838 113.5845 246.5476 13.10370094223941
ONEWEB-0448             
1 51641U 22012V   26280.19269237  .00000246  00000+0  66980-3 0  9994
2 51641  87.8911  13.9905 0001820 103.2532 256.8798 13.10370907223965
ONEWEB-0449             
1 51642U 22012W   26280.27412546 -.00000035  00000+0 -13794-3 0  9990
2 51642  87.8918  13.9674 0002260 108.2407 251.8967 13.10369620223986
ONEWEB-0451             
1 51643U 22012X   26280.13875186  .00000035  00000+0  58218-4 0  9998
2 51643  87.9191 343.6276 0002118  99.2918 260.8453 13.17649964228401
ONEWEB-0452             
1 51644U 22012Y   26280.13708820  .00000072  00000+0  15128-3 0  9992
2 51644  87.9175 343.6514 0002232  94.0763 266.0624 13.17648921228418
ONEWEB-0456             
1 51646U 22012AA  26280.20623921 -.00000381  00000+0 -11267-2 0  9994
2 51646  87.8920  13.9743 0001687  99.2495 260.8824 13.10370404224017
ONEWEB-0457             
1 51647U 22012AB  26279.80228191  .00000464  00000+0  12932-2 0  9999
2 51647  87.8918  14.0639 0001804 117.4885 242.6426 13.10375769223966
ONEWEB-0458             
1 51648U 22012AC  26280.19186265  .00000261  00000+0  71096-3 0  9991
2 51648  87.8914  13.9693 0001960  97.3662 262.7689 13.10371109223972
ONEWEB-0461             
1 51649U 22012AD  26280.15900160  .00000064  00000+0  13100-3 0  9999
2 51649  87.9181 343.6318 0001945 103.1544 256.9804 13.17647380228631
ONEWEB-0463             
1 51650U 22012AE  26280.14045408  .00000035  00000+0  56983-4 0  9990
2 51650  87.9175 343.6506 0001810 106.1011 254.0320 13.17648351228415
ONEWEB-0464             
1 51651U 22012AF  26280.20290152 -.00004503  00000+0 -12948-1 0  9992
2 51651  87.8908  13.9896 0001648  95.7995 264.3320 13.10336334223991
ONEWEB-0468             
1 51652U 22012AG  26280.20795825  .00000647  00000+0  18178-2 0  9995
2 51652  87.8910  13.9820 0001582  96.1910 263.9398 13.10367274223976
ONEWEB-0473             
1 51653U 22012AH  26280.19439310  .00000160  00000+0  42289-3 0  9999
2 51653  87.8906  13.9854 0001783 100.7432 259.3896 13.10390349223974
ONEWEB-0474             
1 51654U 22012AJ  26280.26226038  .00000537  00000+0  15023-2 0  9992
2 51654  87.8920  13.9681 0001772  97.7850 262.3479 13.10370494223976
ONEWEB-0475             
1 51655U 22012AK  26280.15226625  .00000050  00000+0  95464-4 0  9992
2 51655  87.9180 343.6446 0001935  80.7363 279.3987 13.17649265228430
ONEWEB-0490             
1 54113U 22138A   26280.04017667  .00000074  00000+0  15330-3 0  9994
2 54113  87.9095 282.6734 0001731  85.2829 274.8502 13.19724784191580
ONEWEB-0492             
1 54114U 22138B   26280.06544623  .00000009  00000+0 -88002-5 0  9991
2 54114  87.9101 282.6691 0001546  92.3198 267.8112 13.19726543191598
ONEWEB-0495             
1 54115U 22138C   26280.04332951  .00000058  00000+0  11339-3 0  9999
2 54115  87.9090 282.6710 0001486  71.5700 288.5594 13.19726727191575
ONEWEB-0497             
1 54116U 22138D   26280.05594828  .00000040  00000+0  67838-4 0  9991
2 54116  87.9101 282.6689 0001839  87.3210 272.8134 13.19723443191564
ONEWEB-0499             
1 54117U 22138E   26280.03939187  .00000069  00000+0  14082-3 0  9994
2 54117  87.9095 282.6744 0001802  83.4801 276.6537 13.19724018191571
ONEWEB-0500             
1 54118U 22138F   26280.04175908  .00000068  00000+0  13766-3 0  9996
2 54118  87.9099 282.6735 0001793  90.1403 269.9935 13.19726386191586
ONEWEB-0501             
1 54119U 22138G   26280.29920937 -.00000023  00000+0 -89349-4 0  9998
2 54119  87.9095 282.6220 0001630  78.6438 281.4878 13.19726819191598
ONEWEB-0502             
1 54120U 22138H   26280.05755433 -.00000269  00000+0 -70439-3 0  9992
2 54120  87.9105 282.6621 0001881  80.8126 279.3220 13.19726318191584
ONEWEB-0503             
1 54121U 22138J   26280.04648828  .00000056  00000+0  10757-3 0  9990
2 54121  87.9106 282.6711 0002125  87.2687 272.8689 13.19723958191574
ONEWEB-0504             
1 54122U 22138K   26280.03385922  .00000137  00000+0  30858-3 0  9997
2 54122  87.9095 282.6752 0001882  81.8950 278.2396 13.19726743191580
ONEWEB-0505             
1 54123U 22138L   26280.03068856  .00000017  00000+0  99582-5 0  9990
2 54123  87.9094 282.6746 0001739  76.0577 284.0749 13.19725197191562
ONEWEB-0506             
1 54124U 22138M   26280.00542531  .00000177  00000+0  40918-3 0  9999
2 54124  87.9097 282.6803 0001708  81.1121 279.0205 13.19725957191552
ONEWEB-0507             
1 54125U 22138N   26280.02593683  .00000060  00000+0  11874-3 0  9996
2 54125  87.9089 282.6791 0001760  85.1034 275.0300 13.19724373191604
ONEWEB-0508             
1 54126U 22138P   26280.02280263  .00000094  00000+0  20337-3 0  9995
2 54126  87.9097 282.6805 0001635  82.0018 278.1300 13.19725185191582
ONEWEB-0509             
1 54127U 22138Q   26279.99752688 -.00000001  00000+0 -33915-4 0  9992
2 54127  87.9095 282.6838 0001782  89.4465 270.6872 13.19725708191556
ONEWEB-0510             
1 54128U 22138R   26279.94904205  .00000101  00000+0  21736-3 0  9998
2 54128  87.9166 252.1371 0002289  90.8240 269.3155 13.20771474194038
ONEWEB-0511             
1 54129U 22138S   26279.99435257  .00000007  00000+0 -15493-4 0  9990
2 54129  87.9093 282.6824 0002042  83.1106 277.0259 13.19723678191581
ONEWEB-0512             
1 54130U 22138T   26280.06228692  .00000045  00000+0  80108-4 0  9991
2 54130  87.9096 282.6704 0001794  80.8918 279.2417 13.19725195191565
ONEWEB-0513             
1 54131U 22138U   26280.02209902  .00000073  00000+0  14925-3 0  9995
2 54131  87.9093 282.6050 0002084  62.6801 297.4544 13.20261840191476
ONEWEB-0514             
1 54132U 22138V   26280.30552438 -.00000056  00000+0 -17240-3 0  9998
2 54132  87.9098 282.6207 0002002  92.2694 267.8668 13.19723963191616
ONEWEB-0515             
1 54133U 22138W   26280.01132866  .00000007  00000+0 -15595-4 0  9993
2 54133  87.9167 252.1238 0001898 108.8261 251.3079 13.20772539194067
ONEWEB-0516             
1 54134U 22138X   26280.05279535  .00000018  00000+0  11760-4 0  9994
2 54134  87.9090 282.6721 0001750  90.2205 269.9128 13.19725011191582
ONEWEB-0517             
1 54135U 22138Y   26280.03227337  .00000095  00000+0  20596-3 0  9997
2 54135  87.9100 282.6754 0002184  86.8795 273.2588 13.19727231191582
ONEWEB-0518             
1 54136U 22138Z   26280.05123358  .00000107  00000+0  23476-3 0  9992
2 54136  87.9093 282.6742 0001704  92.1666 267.9662 13.19724892191588
ONEWEB-0519             
1 54137U 22138AA  26280.30393153 -.00000035  00000+0 -11992-3 0  9995
2 54137  87.9094 282.6199 0002054  88.4371 271.6997 13.19724185191629
ONEWEB-0520             
1 54138U 22138AB  26280.03543569  .00000071  00000+0  14451-3 0  9995
2 54138  87.9097 282.6757 0001703  83.2723 276.8604 13.19726541191571
ONEWEB-0521             
1 54139U 22138AC  26279.99278379  .00000061  00000+0  12037-3 0  9990
2 54139  87.9102 282.6771 0002159  89.8000 270.3380 13.19726983191515
ONEWEB-0522             
1 54140U 22138AD  26280.04805544  .00000064  00000+0  12684-3 0  9991
2 54140  87.9103 282.6677 0001874  84.5654 275.5692 13.19723617191562
ONEWEB-0523             
1 54141U 22138AE  26279.99784762 -.00000067  00000+0 -19607-3 0  9999
2 54141  87.9164 252.1333 0002426 100.2182 259.9225 13.20769625194064
ONEWEB-0524             
1 54142U 22138AF  26280.21502279 -.00000041  00000+0 -13292-3 0  9994
2 54142  87.9164 252.0860 0001681 109.3588 250.7728 13.20770471194092
ONEWEB-0525             
1 54143U 22138AG  26279.99121088  .00000032  00000+0  48430-4 0  9994
2 54143  87.9098 282.6838 0001575  82.6345 277.4967 13.19725098191573
ONEWEB-0526             
1 54144U 22138AH  26280.02438278  .00000067  00000+0  13418-3 0  9998
2 54144  87.9096 282.6768 0001744  89.1893 270.9439 13.19725042191551
ONEWEB-0529             
1 54145U 22138AJ  26280.02753087  .00000073  00000+0  14984-3 0  9993
2 54145  87.9091 282.6781 0001714  85.2475 274.8854 13.19726785191573
ONEWEB-0531             
1 54146U 22138AK  26280.20154876  .00000017  00000+0  10300-4 0  9992
2 54146  87.9164 252.0863 0002259  97.1875 262.9515 13.20769947194099
ONEWEB-0535             
1 54147U 22138AL  26280.28814875  .00000051  00000+0  95095-4 0  9995
2 54147  87.9106 282.6208 0002140  95.2250 264.9127 13.19723717191623
ONEWEB-0536             
1 54148U 22138AM  26279.96082148  .00000052  00000+0  95061-4 0  9993
2 54148  87.9164 252.1487 0002221 109.9028 250.2344 13.20770228194055
ONEWEB-0527             
1 54642U 22166A   26280.28306580 -.00000138  00000+0 -36568-3 0  9992
2 54642  87.9235 221.6926 0001692 102.1739 257.9585 13.21808239186346
ONEWEB-0528             
1 54643U 22166B   26279.90537637 -.00000123  00000+0 -32857-3 0  9990
2 54643  87.9309 221.7691 0001769  71.2950 288.8376 13.21825922186300
ONEWEB-0539             
1 54644U 22166C   26280.24600243  .00000056  00000+0  10449-3 0  9990
2 54644  87.9318 221.6804 0002104  72.6006 287.5357 13.21824269186349
ONEWEB-0540             
1 54645U 22166D   26280.25287864  .00000094  00000+0  19536-3 0  9990
2 54645  87.9308 221.7013 0002037  76.9771 283.1590 13.21824108186335
ONEWEB-0542             
1 54646U 22166E   26280.25611423  .00000021  00000+0  19560-4 0  9991
2 54646  87.9317 221.6786 0002217  72.8589 287.2788 13.21824947186340
ONEWEB-0545             
1 54647U 22166F   26279.91799531 -.00000002  00000+0 -35562-4 0  9991
2 54647  87.9307 221.7484 0002587  76.5815 283.5607 13.21825090186269
ONEWEB-0580             
1 54648U 22166G   26280.27124482 -.00000858  00000+0 -21089-2 0  9996
2 54648  87.9312 221.6783 0002322  79.4734 280.6661 13.21829598186351
ONEWEB-0582             
1 54649U 22166H   26280.16191168  .00000032  00000+0  46625-4 0  9997
2 54649  87.9316 221.6960 0002396  73.2931 286.8466 13.21824908186312
ONEWEB-0583             
1 54650U 22166J   26279.87090825  .00000029  00000+0  39859-4 0  9990
2 54650  87.9312 221.7738 0002075  74.9527 285.1837 13.21826296186289
ONEWEB-0584             
1 54651U 22166K   26280.26956140  .00000050  00000+0  89580-4 0  9997
2 54651  87.9310 221.6774 0002008  76.9735 283.1623 13.21824572186327
ONEWEB-0585             
1 54652U 22166L   26280.29310440  .00000040  00000+0  64694-4 0  9996
2 54652  87.9317 221.6668 0001784  74.4836 285.6495 13.21824342186332
ONEWEB-0586             
1 54653U 22166M   26280.30659118 -.00000003  00000+0 -38789-4 0  9994
2 54653  87.9313 221.6859 0002235  73.4587 286.6792 13.21826045186338
ONEWEB-0587             
1 54654U 22166N   26279.86248875 -.00000044  00000+0 -13772-3 0  9997
2 54654  87.9322 221.7586 0001606  77.8577 282.2737 13.21824856186435
ONEWEB-0589             
1 54655U 22166P   26279.84902559 -.00000169  00000+0 -44138-3 0  9990
2 54655  87.9310 221.7596 0002796  76.2115 283.9330 13.21824980186295
ONEWEB-0590             
1 54656U 22166Q   26279.87413783  .00000011  00000+0 -48626-5 0  9993
2 54656  87.9319 221.7556 0002050  87.2058 272.9311 13.21825747186280
ONEWEB-0591             
1 54657U 22166R   26280.26450240  .00000079  00000+0  15963-3 0  9997
2 54657  87.9311 221.6827 0002016  77.8427 282.2933 13.21824135186363
ONEWEB-0592             
1 54658U 22166S   26280.26788689  .00000088  00000+0  18247-3 0  9997
2 54658  87.9319 221.6701 0001974  75.6036 284.5316 13.21827194186242
ONEWEB-0593             
1 54659U 22166T   26280.28974887 -.00000030  00000+0 -10395-3 0  9992
2 54659  87.9317 221.6720 0002057  72.4395 287.6964 13.21827111186352
ONEWEB-0594             
1 54660U 22166U   26280.15855397  .00000003  00000+0 -24794-4 0  9992
2 54660  87.9308 221.7101 0001793  73.0833 287.0498 13.21824949186350
ONEWEB-0595             
1 54661U 22166V   26279.90789759 -.00000131  00000+0 -34921-3 0  9997
2 54661  87.9318 221.7500 0001758  79.3020 280.8312 13.21824726186295
ONEWEB-0596             
1 54662U 22166W   26280.26116249  .00000083  00000+0  16995-3 0  9992
2 54662  87.9309 221.6840 0001905  76.2723 283.8623 13.21824955186340
ONEWEB-0597             
1 54663U 22166X   26280.24264531  .00000023  00000+0  24383-4 0  9994
2 54663  87.9308 221.6891 0002062  75.1569 284.9794 13.21824428186343
ONEWEB-0600             
1 54664U 22166Y   26279.84565757 -.00000194  00000+0 -50020-3 0  9990
2 54664  87.9312 221.7607 0002014  69.5892 290.5458 13.21825180186265
ONEWEB-0601             
1 54665U 22166Z   26280.29144359  .00000012  00000+0 -33976-5 0  9994
2 54665  87.9311 221.6861 0002213  73.7706 286.3672 13.21826813186511
ONEWEB-0602             
1 54666U 22166AA  26280.25695593  .00000066  00000+0  12760-3 0  9996
2 54666  87.9307 221.6977 0001973  68.9303 291.2042 13.21825165186353
ONEWEB-0603             
1 54667U 22166AB  26280.26285161  .00000085  00000+0  17341-3 0  9995
2 54667  87.9321 221.6656 0002030  73.3930 286.7427 13.21825436186284
ONEWEB-0604             
1 54668U 22166AC  26280.17534873  .00000108  00000+0  23046-3 0  9998
2 54668  87.9312 221.6958 0001898  74.7771 285.3573 13.21824222186233
ONEWEB-0605             
1 54669U 22166AD  26280.24434200  .00000056  00000+0  10504-3 0  9997
2 54669  87.9313 221.6897 0002484  83.7516 276.3900 13.21825792186312
ONEWEB-0606             
1 54670U 22166AE  26280.26620883  .00000087  00000+0  17978-3 0  9991
2 54670  87.9311 221.6971 0001795  74.0004 286.1328 13.21826145186376
ONEWEB-0607             
1 54671U 22166AF  26280.23254512  .00000006  00000+0 -16207-4 0  9998
2 54671  87.9316 221.6820 0002053  75.7253 284.4109 13.21823865186348
ONEWEB-0608             
1 54672U 22166AG  26279.86080892  .00000076  00000+0  15305-3 0  9997
2 54672  87.9318 221.7563 0002439  78.1703 281.9704 13.21824474186307
ONEWEB-0610             
1 54673U 22166AH  26279.91630562 -.00000046  00000+0 -14226-3 0  9999
2 54673  87.9312 221.7482 0002529  71.4698 288.6711 13.21824465186213
ONEWEB-0611             
1 54674U 22166AJ  26280.28807625  .00000020  00000+0  17405-4 0  9991
2 54674  87.9316 221.6726 0001901  75.8220 284.3125 13.21825403186259
ONEWEB-0612             
1 54675U 22166AK  26279.84733983 -.00000180  00000+0 -46845-3 0  9995
2 54675  87.9316 221.7626 0002075  74.8053 285.3310 13.21824542186188
ONEWEB-0615             
1 54676U 22166AL  26279.90287067 -.00000055  00000+0 -16400-3 0  9995
2 54676  87.9309 221.7577 0001717  72.0875 288.0446 13.21824892186201
ONEWEB-0655             
1 54677U 22166AM  26280.25778575  .00000099  00000+0  20832-3 0  9995
2 54677  87.9312 221.6877 0002066  70.3998 289.7359 13.21824437186243
ONEWEB-0659             
1 54678U 22166AN  26280.19890938 -.00000021  00000+0 -81481-4 0  9992
2 54678  87.9307 221.6983 0001849  79.6601 280.4741 13.21824477186323
ONEWEB-0685             
1 54679U 22166AP  26280.27040058  .00000080  00000+0  15955-3 0  9997
2 54679  87.9309 221.6362 0002382  86.6209 273.5198 13.23188877186230
ONEWEB-0712             
1 54680U 22166AQ  26280.23153897  .00000034  00000+0  54991-4 0  9994
2 54680  87.9180 206.5413 0001980  59.4170 300.7157 13.16594762186803
ONEWEB-0714             
1 54681U 22166AR  26280.12826320 -.00000045  00000+0 -14027-3 0  9990
2 54681  87.9316 221.7052 0001908  66.4531 293.6803 13.21824471186326
ONEWEB-0532             
1 55140U 23004A   26280.19023082  .00000097  00000+0  21705-3 0  9990
2 55140  87.9182 343.6267 0002067 107.5518 252.5839 13.17648969182330
ONEWEB-0533             
1 55141U 23004B   26280.14487202  .00000116  00000+0  28704-3 0  9992
2 55141  87.8947 328.4410 0002118  96.3183 263.8186 13.12441827182744
ONEWEB-0541             
1 55142U 23004C   26280.18596955 -.00000242  00000+0 -71990-3 0  9990
2 55142  87.8968 358.8096 0001758 109.0711 251.0608 13.11419768180624
ONEWEB-0543             
1 55143U 23004D   26280.15758420 -.00000064  00000+0 -19420-3 0  9997
2 55143  87.9123 313.2091 0001740  88.4079 271.7252 13.18684687184457
ONEWEB-0544             
1 55144U 23004E   26280.15084129  .00000073  00000+0  15135-3 0  9993
2 55144  87.9126 313.2103 0001693  95.5347 264.5978 13.18684133184450
ONEWEB-0560             
1 55145U 23004F   26280.14410964 -.00000018  00000+0 -79181-4 0  9996
2 55145  87.9123 313.2014 0001620  93.4286 266.7032 13.18686434184460
ONEWEB-0565             
1 55146U 23004G   26280.13736812  .00000070  00000+0  14447-3 0  9998
2 55146  87.9118 313.2210 0001749 106.0595 254.0730 13.18685106184458
ONEWEB-0567             
1 55147U 23004H   26280.13061377  .00000089  00000+0  19388-3 0  9995
2 55147  87.9122 313.2155 0001675 102.6427 257.4893 13.18687471184450
ONEWEB-0569             
1 55148U 23004J   26280.06536495  .00000034  00000+0  56917-4 0  9996
2 55148  87.8894 297.9559 0000955  93.3668 266.7570 13.13469860184860
ONEWEB-0570             
1 55149U 23004K   26280.12217679  .00000075  00000+0  15723-3 0  9998
2 55149  87.9124 313.2146 0002273 103.2546 256.8840 13.18687808184446
ONEWEB-0571             
1 55150U 23004L   26280.11544405  .00000147  00000+0  34084-3 0  9990
2 55150  87.9122 313.2150 0001218 134.9261 225.1971 13.18687580184456
ONEWEB-0572             
1 55151U 23004M   26280.14551205  .00000053  00000+0  10242-3 0  9996
2 55151  87.9179 343.6381 0001882 104.1041 256.0300 13.17648020182221
ONEWEB-0573             
1 55152U 23004N   26280.10868343  .00000089  00000+0  19266-3 0  9991
2 55152  87.9123 313.2190 0001494 121.6522 238.4756 13.18688122184442
ONEWEB-0588             
1 55153U 23004P   26280.17783419  .00000095  00000+0  20875-3 0  9994
2 55153  87.9121 313.2033 0002120 108.1832 251.9531 13.18686937184452
ONEWEB-0598             
1 55154U 23004Q   26280.16391743 -.00000284  00000+0 -83673-3 0  9996
2 55154  87.8966 358.8187 0001232 117.1698 242.9556 13.11416741180570
ONEWEB-0599             
1 55155U 23004R   26280.18264035  .00000053  00000+0  10314-3 0  9996
2 55155  87.9182 343.6293 0001608  97.4989 262.6326 13.17651114182232
ONEWEB-0614             
1 55156U 23004S   26280.15884202 -.00000092  00000+0 -29412-3 0  9992
2 55156  87.8957 358.8234 0002235 105.7778 254.3596 13.11415364180516
ONEWEB-0616             
1 55157U 23004T   26280.14888723  .00000018  00000+0  13020-4 0  9999
2 55157  87.9180 343.6405 0001615  70.4291 289.7015 13.17647662182443
ONEWEB-0617             
1 55158U 23004U   26280.22327724  .00000347  00000+0  94256-3 0  9992
2 55158  87.8958 358.8087 0002166 108.2798 251.8566 13.11416051180544
ONEWEB-0618             
1 55159U 23004V   26280.11885763  .00002364  00000+0  12829-3 0  9990
2 55159  86.9061 132.1649 0009864 230.2165 129.8208 15.14007763199192
ONEWEB-0619             
1 55160U 23004W   26280.18094510  .00000068  00000+0  14301-3 0  9997
2 55160  87.9190 343.6238 0002234  94.2807 265.8580 13.17648542182346
ONEWEB-0620             
1 55161U 23004X   26280.14187972  .00000454  00000+0  12458-2 0  9998
2 55161  87.8959 358.8267 0001689 110.2659 249.8651 13.11416798180503
ONEWEB-0621             
1 55162U 23004Y   26280.16899594 -.00000572  00000+0 -16494-2 0  9998
2 55162  87.8963 358.8198 0002090 101.3422 258.7940 13.11415765180488
ONEWEB-0622             
1 55163U 23004Z   26280.17408355 -.00000488  00000+0 -14123-2 0  9994
2 55163  87.8960 358.8192 0002486 117.7032 242.4348 13.11417695180472
ONEWEB-0623             
1 55164U 23004AA  26280.17587523  .00000112  00000+0  25549-3 0  9997
2 55164  87.9181 343.6427 0002727 106.0682 254.0751 13.17650669182332
ONEWEB-0624             
1 55165U 23004AB  26280.14579502  .00000144  00000+0  36187-3 0  9998
2 55165  87.8950 328.3374 0002004 102.1290 258.0063 13.12931133182767
ONEWEB-0625             
1 55166U 23004AC  26280.16575467  .00000076  00000+0  16340-3 0  9990
2 55166  87.9180 343.6436 0001381  97.5845 262.5443 13.17648295182326
ONEWEB-0626             
1 55167U 23004AD  26280.15563930  .00000026  00000+0  34496-4 0  9990
2 55167  87.9181 343.6447 0001573 104.6919 255.4387 13.17649478182327
ONEWEB-0627             
1 55168U 23004AE  26280.14381407  .00000063  00000+0  12819-3 0  9992
2 55168  87.9182 343.6481 0002368 101.0357 259.1041 13.17650773182325
ONEWEB-0628             
1 55169U 23004AF  26280.16871986 -.00000358  00000+0 -10303-2 0  9995
2 55169  87.8953 328.4229 0002520  96.1454 263.9962 13.12443311182726
ONEWEB-0629             
1 55170U 23004AG  26280.16917002  .00000090  00000+0  19985-3 0  9994
2 55170  87.9182 343.6259 0002209  91.5954 268.5431 13.17667258182335
ONEWEB-0631             
1 55171U 23004AH  26280.09521508  .00000049  00000+0  91168-4 0  9997
2 55171  87.9134 313.1971 0001868 110.7724 249.3608 13.18685661184429
ONEWEB-0709             
1 55172U 23004AJ  26280.20801968  .00000510  00000+0  14038-2 0  9994
2 55172  87.8956 358.8159 0001161 125.8656 234.2580 13.11417221180552
ONEWEB-0710             
1 55173U 23004AK  26280.20962652 -.00000045  00000+0 -14861-3 0  9993
2 55173  87.9182 343.6254 0002036 102.6029 257.5330 13.17647861182332
ONEWEB-0711             
1 55174U 23004AL  26280.17917382 -.00000410  00000+0 -11937-2 0  9996
2 55174  87.8966 358.8141 0002493 109.2900 250.8498 13.11418308180518
ONEWEB-0713             
1 55175U 23004AM  26280.19782923  .00000270  00000+0  72707-3 0  9995
2 55175  87.8970 358.8134 0002181 106.1295 254.0073 13.11419475180503
ONEWEB-0715             
1 55176U 23004AN  26280.19274593  .00000024  00000+0  32795-4 0  9996
2 55176  87.8968 358.8137 0001548 123.2775 236.8501 13.11419465180540
ONEWEB-0716             
1 55177U 23004AP  26280.20287761  .00000010  00000+0 -84245-5 0  9994
2 55177  87.9183 343.6298 0001796  92.8214 267.3123 13.17648240182334
ONEWEB-0717             
1 55178U 23004AQ  26280.18600868  .00000024  00000+0  29007-4 0  9997
2 55178  87.9183 343.6286 0002318 110.7645 249.3736 13.17648363182382
ONEWEB-0719             
1 55179U 23004AR  26280.19613731  .00000092  00000+0  20274-3 0  9993
2 55179  87.9191 343.6091 0001955  94.2178 265.9177 13.17648811182335
ONEWEB-0530             
1 55796U 23029A   26280.20997698 -.00000035  00000+0 -11814-3 0  9993
2 55796  87.9152 252.1067 0002392  88.5831 271.5577 13.20769952175931
ONEWEB-0534             
1 55797U 23029B   26279.89518765  .00001122  00000+0  27276-2 0  9995
2 55797  87.9166 252.1715 0001719  81.8335 278.2993 13.20753866175892
ONEWEB-0556             
1 55798U 23029C   26280.28068641  .00000030  00000+0  41242-4 0  9992
2 55798  87.9155 252.0930 0002575  67.5778 292.5628 13.20770283175944
ONEWEB-0562             
1 55799U 23029D   26280.26721603  .00000068  00000+0  13440-3 0  9994
2 55799  87.9165 252.0848 0002818  80.2328 279.9124 13.20772768175947
ONEWEB-0563             
1 55800U 23029E   26279.95914361  .00000094  00000+0  19986-3 0  9996
2 55800  87.9155 252.1695 0001829  78.1067 282.0271 13.20770751175899
ONEWEB-0564             
1 55801U 23029F   26279.95240503  .00000084  00000+0  17532-3 0  9991
2 55801  87.9163 252.1497 0002359  83.3085 276.8317 13.20772860175903
ONEWEB-0638             
1 55802U 23029G   26279.98137520 -.00000053  00000+0 -17726-3 0  9992
2 55802  87.8893 267.4360 0002345  78.2414 281.8979 13.14502243174082
ONEWEB-0639             
1 55803U 23029H   26280.31654961  .00000512  00000+0  12473-2 0  9996
2 55803  87.9092 282.6214 0002619 119.5380 240.6014 13.19737682173698
ONEWEB-0640             
1 55804U 23029J   26279.98982890 -.00000133  00000+0 -39204-3 0  9996
2 55804  87.8891 267.4240 0002342  73.9805 286.1582 13.14503409174108
ONEWEB-0641             
1 55805U 23029K   26280.00858757  .00000056  00000+0  10736-3 0  9997
2 55805  87.9100 282.6796 0001816  85.9446 274.1895 13.19724878173661
ONEWEB-0642             
1 55806U 23029L   26280.00383905  .00000036  00000+0  58455-4 0  9995
2 55806  87.9091 282.6860 0001078  84.4015 275.7241 13.19726749173659
ONEWEB-0643             
1 55807U 23029M   26280.26555856  .00000289  00000+0  74601-3 0  9990
2 55807  87.8898 267.3581 0001240  90.6825 269.4447 13.14503393174116
ONEWEB-0644             
1 55808U 23029N   26280.30236202  .00000065  00000+0  13032-3 0  9990
2 55808  87.9094 282.6263 0001564  89.3286 270.8026 13.19724358173690
ONEWEB-0645             
1 55809U 23029P   26280.17285571  .00000070  00000+0  14319-3 0  9994
2 55809  87.9091 282.6498 0001703  76.3355 283.7968 13.19726238173671
ONEWEB-0646             
1 55810U 23029Q   26280.03858270  .00000130  00000+0  29157-3 0  9996
2 55810  87.9094 282.6771 0001616  88.7946 271.3372 13.19724433173640
ONEWEB-0648             
1 55811U 23029R   26280.00503307 -.00000329  00000+0 -92268-3 0  9997
2 55811  87.8900 267.3946 0001477  60.0760 300.0516 13.14502281174081
ONEWEB-0649             
1 55812U 23029S   26280.06385929  .00000041  00000+0  71043-4 0  9990
2 55812  87.9094 282.6703 0001717  83.3992 276.7336 13.19727163173687
ONEWEB-0650             
1 55813U 23029T   26280.05911971  .00000055  00000+0  10452-3 0  9993
2 55813  87.9091 282.6729 0001296  83.7624 276.3657 13.19724283173650
ONEWEB-0652             
1 55814U 23029U   26279.98644694 -.00000084  00000+0 -26053-3 0  9997
2 55814  87.8902 267.4034 0002015  89.2109 270.9251 13.14502854174058
ONEWEB-0653             
1 55815U 23029V   26280.04731166 -.00000224  00000+0 -63841-3 0  9990
2 55815  87.8902 267.3901 0001935  84.2808 275.8542 13.14502087174091
ONEWEB-0654             
1 55816U 23029W   26280.27060602  .00000188  00000+0  47129-3 0  9994
2 55816  87.8901 267.3416 0002252  86.8052 273.3336 13.14505123174148
ONEWEB-0656             
1 55817U 23029X   26279.94567613  .00000107  00000+0  23240-3 0  9990
2 55817  87.9170 252.1351 0002399  87.9034 272.2374 13.20770905175906
ONEWEB-0657             
1 55818U 23029Y   26280.05439293  .00000089  00000+0  18869-3 0  9997
2 55818  87.9095 282.6735 0002388 105.6261 254.5135 13.19726353173660
ONEWEB-0658             
1 55819U 23029Z   26280.04965137  .00000143  00000+0  32474-3 0  9997
2 55819  87.9102 282.6596 0001474  88.7575 271.3726 13.19726012173675
ONEWEB-0660             
1 55820U 23029AA  26280.02025615 -.00000253  00000+0 -71694-3 0  9996
2 55820  87.8904 267.3921 0001904  79.6418 280.4927 13.14502953174093
ONEWEB-0661             
1 55821U 23029AB  26279.97799803  .00000113  00000+0  27056-3 0  9992
2 55821  87.8894 267.4283 0002021  79.1586 280.9771 13.14502491174073
ONEWEB-0662             
1 55822U 23029AC  26280.01350579 -.00000018  00000+0 -84063-4 0  9991
2 55822  87.8890 267.4274 0001943  82.2632 277.8719 13.14504322174127
ONEWEB-0663             
1 55823U 23029AD  26278.37976139  .00035424  00000+0  86276-1 0  9996
2 55823  87.9164 252.5149 0001283 233.7520 126.3495 13.21143071175695
ONEWEB-0664             
1 55824U 23029AE  26279.93219941  .00000018  00000+0  13352-4 0  9990
2 55824  87.9156 252.1767 0002216  76.5696 283.5685 13.20771604175890
ONEWEB-0665             
1 55825U 23029AF  26280.05158193  .00000016  00000+0  76219-5 0  9997
2 55825  87.8905 267.3990 0001779  79.1557 280.9773 13.14502065174104
ONEWEB-0666             
1 55826U 23029AG  26280.22848359  .00000010  00000+0 -70756-5 0  9992
2 55826  87.9155 252.1069 0002137 102.8033 257.3340 13.20770295175944
ONEWEB-0667             
1 55827U 23029AH  26280.22344242 -.00000019  00000+0 -78727-4 0  9990
2 55827  87.9168 252.0814 0001917  78.4402 281.6946 13.20770160175931
ONEWEB-0669             
1 55828U 23029AJ  26279.99110850 -.00000186  00000+0 -48863-3 0  9991
2 55828  87.9162 252.1334 0002474  84.3692 275.7723 13.20769889175900
ONEWEB-0670             
1 55829U 23029AK  26279.95429802  .00000266  00000+0  68223-3 0  9997
2 55829  87.8889 267.4306 0002168  79.3370 280.8004 13.14505066174110
ONEWEB-0671             
1 55830U 23029AL  26280.27236863  .00000059  00000+0  11456-3 0  9995
2 55830  87.9096 282.6309 0001816  83.8184 276.3156 13.19725933173688
ONEWEB-0672             
1 55831U 23029AM  26280.21335997  .00000014  00000+0  29833-5 0  9999
2 55831  87.9166 252.0833 0002122  89.3779 270.7598 13.20771606175930
ONEWEB-0673             
1 55832U 23029AN  26280.02199912 -.00000010  00000+0 -58584-4 0  9996
2 55832  87.9098 282.6776 0001906  86.1495 273.9856 13.19726375173659
ONEWEB-0674             
1 55833U 23029AP  26279.99660094 -.00000216  00000+0 -61739-3 0  9998
2 55833  87.8902 267.4044 0002200  78.7858 281.3519 13.14502809174109
ONEWEB-0675             
1 55834U 23029AQ  26280.03700788  .00000068  00000+0  13853-3 0  9998
2 55834  87.9093 282.6790 0001839 100.9658 259.1682 13.19724145173671
ONEWEB-0720             
1 55835U 23029AR  26280.02912041  .00000060  00000+0  11648-3 0  9997
2 55835  87.9089 282.6805 0001647  84.3989 275.7331 13.19726753173596
ONEWEB-0537             
1 56046U 23043A   26280.21411862 -.00000080  00000+0 -24392-3 0  9998
2 56046  87.9180 206.5411 0001867  79.2846 280.8495 13.16595057173709
ONEWEB-0538             
1 56047U 23043B   26280.20777975 -.00000030  00000+0 -11155-3 0  9996
2 56047  87.9179 206.5448 0001640  76.6562 283.4752 13.16595550173717
ONEWEB-0546             
1 56048U 23043C   26280.27110751  .00000011  00000+0 -58229-5 0  9990
2 56048  87.9178 206.5318 0002166  91.5731 268.5648 13.16593343173717
ONEWEB-0547             
1 56049U 23043D   26280.27880919  .00000054  00000+0  99840-4 0  9990
2 56049  87.9315 221.6741 0001802  73.4866 286.6466 13.21824188173037
ONEWEB-0548             
1 56050U 23043E   26280.21964875 -.00000023  00000+0 -94526-4 0  9994
2 56050  87.9182 206.5372 0002264  68.9446 291.1926 13.16595074173708
ONEWEB-0549             
1 56051U 23043F   26280.27296508  .00022632  00000+0  54721-1 0  9990
2 56051  87.9312 221.6763 0002325  70.6032 289.5353 13.21714518173038
ONEWEB-0550             
1 56052U 23043G   26280.25947888  .00000083  00000+0  16983-3 0  9999
2 56052  87.9314 221.6792 0002080  70.6486 289.4873 13.21827217173031
ONEWEB-0551             
1 56053U 23043H   26279.95951931  .00000072  00000+0  15782-3 0  9993
2 56053  87.9017 236.9400 0001595  77.3174 282.8135 13.15548202171094
ONEWEB-0552             
1 56054U 23043J   26279.87594602  .00000094  00000+0  19732-3 0  9996
2 56054  87.9309 221.7569 0001893  69.4842 290.6495 13.21827478172989
ONEWEB-0553             
1 56055U 23043K   26280.20144423 -.00000026  00000+0 -10148-3 0  9997
2 56055  87.9178 206.5461 0002121  84.6701 275.4672 13.16593721173719
ONEWEB-0554             
1 56056U 23043L   26280.18878008  .00000037  00000+0  62016-4 0  9990
2 56056  87.9170 206.5553 0002353  67.9688 292.1693 13.16594123173692
ONEWEB-0555             
1 56057U 23043M   26280.22678386  .00000049  00000+0  93311-4 0  9998
2 56057  87.9178 206.5385 0002163  87.0077 273.1302 13.16594917173707
ONEWEB-0557             
1 56058U 23043N   26280.16503078  .00000064  00000+0  13265-3 0  9993
2 56058  87.9179 206.5614 0001780  87.9067 272.2268 13.16594051173694
ONEWEB-0558             
1 56059U 23043P   26279.86922696  .00000019  00000+0  14030-4 0  9992
2 56059  87.9312 221.7556 0001681  82.0583 278.0742 13.21826418172991
ONEWEB-0559             
1 56060U 23043Q   26280.16022348  .00000944  00000+0  22525-2 0  9997
2 56060  87.9318 221.6959 0001823  74.5609 285.5726 13.21834105173042
ONEWEB-0566             
1 56061U 23043R   26280.30488381  .00000024  00000+0  25809-4 0  9996
2 56061  87.9316 221.6658 0001669  71.2421 288.8894 13.21824286173042
ONEWEB-0568             
1 56062U 23043S   26280.18242789 -.00000114  00000+0 -33271-3 0  9996
2 56062  87.9181 206.5464 0001953  80.9627 279.1725 13.16594670173716
ONEWEB-0574             
1 56063U 23043T   26279.84398254 -.00000132  00000+0 -34991-3 0  9997
2 56063  87.9315 221.7623 0002128  74.8700 285.2669 13.21825030173023
ONEWEB-0575             
1 56064U 23043U   26280.25211896  .00000157  00000+0  37674-3 0  9997
2 56064  87.9179 206.5284 0002196  74.1818 285.9555 13.16593808173710
ONEWEB-0576             
1 56065U 23043V   26280.23309475 -.00000260  00000+0 -71494-3 0  9992
2 56065  87.9180 206.5424 0002064  75.6904 284.4456 13.16593950173706
ONEWEB-0577             
1 56066U 23043W   26280.23944700  .00000115  00000+0  26791-3 0  9996
2 56066  87.9180 206.5391 0002646  70.2557 289.8859 13.16595832173731
ONEWEB-0578             
1 56067U 23043X   26280.28470871  .00000025  00000+0  29344-4 0  9993
2 56067  87.9315 221.6706 0002097  83.2180 276.9193 13.21827062173047
ONEWEB-0579             
1 56068U 23043Y   26280.27629956  .00000051  00000+0  91154-4 0  9990
2 56068  87.9318 221.6744 0001849  68.6267 291.5064 13.21827702173052
ONEWEB-0581             
1 56069U 23043Z   26280.24577317  .00000147  00000+0  35022-3 0  9998
2 56069  87.9177 206.5424 0002403  68.9802 291.1586 13.16596179173700
ONEWEB-0609             
1 56070U 23043AA  26279.90959227  .00001857  00000+0  48977-2 0  9996
2 56070  87.9013 236.9333 0001939  80.0056 280.1293 13.15539728171129
ONEWEB-0613             
1 56071U 23043AB  26280.21146028 -.00000116  00000+0 -34211-3 0  9996
2 56071  87.9016 236.8863 0001711  74.2535 285.8784 13.15548051171165
ONEWEB-0630             
1 56072U 23043AC  26279.90246013 -.00000062  00000+0 -19954-3 0  9993
2 56072  87.9026 236.9274 0001806  73.2807 286.8521 13.15549717171115
ONEWEB-0632             
1 56073U 23043AD  26280.20194996 -.00000019  00000+0 -83382-4 0  9990
2 56073  87.9019 236.8800 0002080  76.6386 283.4976 13.15549271171152
ONEWEB-0633             
1 56074U 23043AE  26279.89136160 -.00000012  00000+0 -64752-4 0  9996
2 56074  87.9026 236.9261 0001552  74.8417 285.2885 13.15549672171098
ONEWEB-0634             
1 56075U 23043AF  26279.87712420  .00000154  00000+0  37402-3 0  9990
2 56075  87.9018 236.9604 0001918  87.8932 272.2418 13.15548443171085
ONEWEB-0635             
1 56076U 23043AG  26280.17659825  .00000146  00000+0  35273-3 0  9990
2 56076  87.9026 236.8726 0002203  76.1146 284.0230 13.15548205171152
ONEWEB-0636             
1 56077U 23043AH  26280.24473060  .00000082  00000+0  18374-3 0  9996
2 56077  87.9022 236.8625 0002140  77.7565 282.3805 13.15548374171144
ONEWEB-0637             
1 56078U 23043AJ  26279.93417016  .00000029  00000+0  43688-4 0  9998
2 56078  87.9011 236.9335 0002164  83.4016 276.7360 13.15548676171129
ONEWEB-0647             
1 56079U 23043AK  26279.92937191 -.00002758  00000+0 -73630-2 0  9990
2 56079  87.9014 236.9469 0002056  76.3679 283.7680 13.15549795171112
ONEWEB-0651             
1 56080U 23043AL  26280.22887371 -.00000028  00000+0 -10965-3 0  9992
2 56080  87.9014 236.8796 0002207  82.5730 277.5651 13.15549458172353
ONEWEB-0718             
1 56081U 23043AM  26280.30016740 -.00000298  00000+0 -82652-3 0  9997
2 56081  87.9023 236.8527 0001747  92.7079 267.4251 13.15548434171179
ONEWEB-0561             
1 56710U 23068A   26280.24196861  .00000012  00000+0 -29758-5 0  9992
2 56710  87.9165 252.0862 0002148  75.1578 284.9793 13.20771321164291
ONEWEB-0668             
1 56711U 23068B   26280.22044249  .00000020  00000+0  19017-4 0  9997
2 56711  87.9179 206.5408 0001979  89.6218 270.5139 13.16596092166527
ONEWEB-0676             
1 56712U 23068C   26280.22834965  .00000038  00000+0  64761-4 0  9995
2 56712  87.9174 206.5464 0002206  71.5151 288.6219 13.16596233166442
ONEWEB-0677             
1 56713U 23068D   26280.00290460 -.00000051  00000+0 -15782-3 0  9993
2 56713  87.9165 252.1251 0002325  86.3731 273.7668 13.20770028164569
ONEWEB-0678             
1 56714U 23068E   26279.88821090  .00000059  00000+0  12187-3 0  9999
2 56714  87.9026 236.9310 0001861  71.1091 289.0241 13.15548527163979
ONEWEB-0679             
1 56715U 23068F   26280.18719572  .00000008  00000+0 -13881-4 0  9994
2 56715  87.9179 206.5450 0002297  83.0422 277.0970 13.16595651166465
ONEWEB-0680             
1 56716U 23068G   26280.27797803  .00000063  00000+0  12080-3 0  9997
2 56716  87.9319 221.6758 0002199  90.0676 270.0710 13.21827212165901
ONEWEB-0681             
1 56717U 23068H   26280.28285051  .00033267  00000+0  80477-1 0  9991
2 56717  87.9319 221.6842 0002677  63.5048 296.6360 13.21611817165890
ONEWEB-0682             
1 56718U 23068J   26279.91197384 -.00000100  00000+0 -30077-3 0  9996
2 56718  87.9022 236.9246 0002188  91.8525 268.2856 13.15548717164143
ONEWEB-0683             
1 56719U 23068K   26280.16390881  .00000068  00000+0  14600-3 0  9998
2 56719  87.9024 236.8777 0001929  86.3653 273.7698 13.15549527164142
ONEWEB-0684             
1 56720U 23068L   26279.94366079  .00000112  00000+0  26297-3 0  9991
2 56720  87.9022 236.9086 0001032  38.5419 321.5785 13.15549575163949
ONEWEB-0686             
1 56721U 23068M   26280.22361124  .00000020  00000+0  18956-4 0  9993
2 56721  87.9169 206.5508 0001596  80.1698 279.9613 13.16595374166455
ONEWEB-0694             
1 56722U 23068N   26280.22993382  .00000037  00000+0  62391-4 0  9991
2 56722  87.9178 206.5308 0001989  87.3762 272.7597 13.16596023166512
ONEWEB-0696             
1 56723U 23068P   26280.28115353 -.00000265  00000+0 -73747-3 0  9993
2 56723  87.9018 236.8717 0001885  64.6017 295.5308 13.15548260164107
ONEWEB-0703             
1 56724U 23068Q   26279.91038934 -.00000111  00000+0 -32761-3 0  9992
2 56724  87.9024 236.9309 0002224  55.5268 304.6073 13.15548782163949
ONEWEB-0721             
1 56725U 23068R   26279.88822224 -.00000064  00000+0 -18859-3 0  9991
2 56725  86.6775  49.8292 0001608  98.2630 261.8686 13.22476278172709
ONEWEB-0015             
1 61594U 24188A   26279.77904001 -.00000557  00000+0 -16077-2 0  9993
2 61594  87.8958 358.9144 0002374  99.4965 260.6431 13.11414559 99086
ONEWEB-0687             
1 61595U 24188B   26280.16069914  .00000108  00000+0  24617-3 0  9994
2 61595  87.9177 343.6416 0002309 107.7377 252.4007 13.17648199100640
ONEWEB-0688             
1 61596U 24188C   26280.18939350  .00000107  00000+0  24150-3 0  9998
2 61596  87.9180 343.6364 0003148  93.8498 266.2994 13.17649280100648
ONEWEB-0689             
1 61597U 24188D   26280.19443053  .00000128  00000+0  32433-3 0  9996
2 61597  87.8972 358.8030 0001880 110.8839 249.2490 13.11420383 99133
ONEWEB-0690             
1 61598U 24188E   26280.20462745  .00000487  00000+0  13378-2 0  9992
2 61598  87.8970 358.8107 0001666  81.5696 278.5621 13.11418126 99317
ONEWEB-0691             
1 61599U 24188F   26279.66547152  .00000403  00000+0  11020-2 0  9997
2 61599  87.8978 358.8372 0002213 102.5214 257.6161 13.11418013 99096
ONEWEB-0692             
1 61600U 24188G   26280.14356502  .00000940  00000+0  26156-2 0  9994
2 61600  87.8958 358.8346 0001416 121.6667 238.4599 13.11425069 99143
ONEWEB-0693             
1 61601U 24188H   26280.20117834 -.00000007  00000+0 -50757-4 0  9997
2 61601  87.9170 343.6472 0001956  75.9227 284.2122 13.17647956100630
ONEWEB-0695             
1 61602U 24188J   26280.19612818  .00000195  00000+0  51391-3 0  9998
2 61602  87.8961 358.8157 0001693 118.0004 242.1295 13.11419892 99143
ONEWEB-0697             
1 61603U 24188K   26280.15204355 -.00000063  00000+0 -21302-3 0  9993
2 61603  87.8965 358.8185 0001266 119.6405 240.4849 13.11414739 99126
ONEWEB-0698             
1 61604U 24188L   26280.20631608  .00000496  00000+0  13628-2 0  9994
2 61604  87.8960 358.8188 0000778  77.3273 282.7942 13.11418337 99159
ONEWEB-0699             
1 61605U 24188M   26280.23169867 -.00000072  00000+0 -24260-3 0  9998
2 61605  87.8927  13.9741 0001182 115.4607 244.6643 13.10376756 97983
ONEWEB-0700             
1 61606U 24188N   26280.23339490  .00000052  00000+0  11150-3 0  9990
2 61606  87.8937  13.8993 0001271 112.8336 247.2926 13.10377411 97973
ONEWEB-0701             
1 61607U 24188P   26280.25037471  .00000684  00000+0  19229-2 0  9992
2 61607  87.8923  13.9730 0001134 116.4806 243.6438 13.10373240 97984
ONEWEB-0702             
1 61608U 24188Q   26280.17579402 -.00000452  00000+0 -13120-2 0  9998
2 61608  87.8977 358.7508 0001438 142.6263 217.4965 13.11416951 99166
ONEWEB-0704             
1 61609U 24188R   26280.23848571  .00000235  00000+0  63626-3 0  9996
2 61609  87.8924  13.9663 0001433 138.0040 222.1198 13.10377064 97965
ONEWEB-0705             
1 61610U 24188S   26280.24359577  .00000462  00000+0  12859-2 0  9995
2 61610  87.8927  13.9715 0002180 129.1568 230.9754 13.10374998 90134
ONEWEB-0706             
1 61611U 24188T   26280.22830987 -.00000263  00000+0 -79008-3 0  9994
2 61611  87.8926  13.9763 0001624 121.1420 238.9867 13.10375893 98055
ONEWEB-0707             
1 61612U 24188U   26280.23510383  .00000067  00000+0  15556-3 0  9999
2 61612  87.8926  13.9720 0001599 120.9911 239.1373 13.10375606 97991
ONEWEB-0708             
1 61613U 24188V   26279.71927854  .00000698  00000+0  19633-2 0  9995
2 61613  87.8912  14.0830 0002240 112.7088 247.4276 13.10372766 97908
