ONEWEB-0012             
1 44057U 19010A   26256.40964709  .00000051  00000+0  99939-4 0  9999
2 44057  87.9132 211.2637 0002455  87.9004 272.2408 13.16593925363177
ONEWEB-0010             
1 44058U 19010B   26256.43497674  .00000033  00000+0  51791-4 0  9999
2 44058  87.9143 211.2580 0001966  70.5974 289.5369 13.16593264363226
ONEWEB-0008             
1 44059U 19010C   26256.84029943 -.00000034  00000+0 -12312-3 0  9993
2 44059  87.9140 211.1726 0001882  90.6671 269.4676 13.16593373363396
ONEWEB-0007             
1 44060U 19010D   26256.94582909  .00001324  00000+0  34831-2 0  9992
2 44060  87.8971 241.5205 0002263  77.2373 282.9011 13.15542365363041
ONEWEB-0006             
1 44061U 19010E   26256.49343449  .00000081  00000+0  18050-3 0  9992
2 44061  87.8982 241.5843 0001859  83.6608 276.4734 13.15549957363037
ONEWEB-0011             
1 44062U 19010F   26256.91809433 -.00000079  00000+0 -24397-3 0  9990
2 44062  87.8982 241.5105 0001796  83.8582 276.2753 13.15549463363088
ONEWEB-0013             
1 45131U 20008A   26256.80643801 -.00000642  00000+0 -19011-2 0  9992
2 45131  87.8556  34.9335 0002614 107.4789 252.6623 13.09464478317666
ONEWEB-0017             
1 45132U 20008B   26256.34539003  .00000400  00000+0  11109-2 0  9990
2 45132  87.8896  18.7140 0001586 100.8053 259.3253 13.10369998319495
ONEWEB-0020             
1 45133U 20008C   26256.77299015  .00000043  00000+0  85810-4 0  9999
2 45133  87.8898  18.6312 0001749  99.9063 260.2262 13.10375101319942
ONEWEB-0021             
1 45134U 20008D   26256.78827361  .00000611  00000+0  17136-2 0  9997
2 45134  87.8895  18.6377 0001819  97.2524 262.8810 13.10374266320256
ONEWEB-0023             
1 45136U 20008F   26256.79930204  .00000553  00000+0  15488-2 0  9994
2 45136  87.8899  18.6234 0001776 107.7067 252.4254 13.10372095319685
ONEWEB-0024             
1 45137U 20008G   26256.77143538 -.00000129  00000+0 -40560-3 0  9990
2 45137  87.8914  18.6271 0001717  97.8226 262.3097 13.10376028319849
ONEWEB-0025             
1 45138U 20008H   26256.77114861 -.00000126  00000+0 -39855-3 0  9990
2 45138  87.8911  18.6162 0001361 110.4442 249.6831 13.10375814320177
ONEWEB-0026             
1 45139U 20008J   26256.73925994  .00000305  00000+0  82416-3 0  9992
2 45139  87.8968   3.4604 0001695  98.2409 261.8911 13.11417461322712
ONEWEB-0028             
1 45140U 20008K   26256.56094243 -.00000434  00000+0 -12606-2 0  9997
2 45140  87.8962   3.5000 0002325 106.4176 253.7207 13.11416301320205
ONEWEB-0032             
1 45141U 20008L   26256.57629022  .00000313  00000+0  86104-3 0  9997
2 45141  87.8896  18.6703 0002159 110.7765 249.3593 13.10371006319877
ONEWEB-0033             
1 45142U 20008M   26256.77978160  .00000293  00000+0  80195-3 0  9991
2 45142  87.8898  18.6333 0001424  84.1168 276.0121 13.10375230319815
ONEWEB-0035             
1 45143U 20008N   26256.80028328  .00000504  00000+0  14089-2 0  9991
2 45143  87.8893  18.6244 0001759  97.7518 262.3809 13.10371632319545
ONEWEB-0036             
1 45144U 20008P   26256.39615343  .00000304  00000+0  83550-3 0  9993
2 45144  87.8918  18.7312 0001840 104.4572 255.6759 13.10375557319918
ONEWEB-0038             
1 45145U 20008Q   26256.74944164  .00000567  00000+0  15631-2 0  9994
2 45145  87.8979   3.4793 0003010  71.7259 288.4197 13.11416433321934
ONEWEB-0039             
1 45146U 20008R   26256.63046483  .00000525  00000+0  14685-2 0  9992
2 45146  87.8904  18.6573 0002275 103.5239 256.6142 13.10375434319748
ONEWEB-0040             
1 45147U 20008S   26256.39459181  .00000255  00000+0  69431-3 0  9999
2 45147  87.8894  18.7108 0001751 108.6046 251.5272 13.10376730319414
ONEWEB-0043             
1 45149U 20008U   26256.77821947  .00000245  00000+0  66587-3 0  9994
2 45149  87.8909  18.6301 0002216 105.6942 254.4430 13.10376988319789
ONEWEB-0044             
1 45150U 20008V   26256.73057425  .00000259  00000+0  70613-3 0  9994
2 45150  87.8890  18.6401 0001821 104.0559 256.0771 13.10369959320079
ONEWEB-0045             
1 45151U 20008W   26256.28643463  .00000533  00000+0  14689-2 0  9993
2 45151  87.8969   3.5478 0001925 100.5158 259.6187 13.11416862321950
ONEWEB-0047             
1 45152U 20008X   26256.57092686  .00000568  00000+0  15897-2 0  9991
2 45152  87.8903  18.6733 0001731  92.9230 267.2095 13.10371850319776
ONEWEB-0048             
1 45153U 20008Y   26256.33691136  .00000682  00000+0  19173-2 0  9999
2 45153  87.8890  18.7321 0001867  98.0550 262.0789 13.10371175319355
ONEWEB-0049             
1 45154U 20008Z   26256.41651878  .00000529  00000+0  14791-2 0  9999
2 45154  87.8893  18.7059 0001700 113.9869 246.1437 13.10371578319588
ONEWEB-0051             
1 45155U 20008AA  26256.28474160  .00000496  00000+0  13639-2 0  9995
2 45155  87.8969   3.5515 0001769 101.1100 259.0227 13.11417914322630
ONEWEB-0052             
1 45156U 20008AB  26256.81893114 -.00000340  00000+0 -10110-2 0  9990
2 45156  87.8901  18.6179 0001820 112.1113 248.0208 13.10372237319544
ONEWEB-0053             
1 45157U 20008AC  26256.77468582  .00000088  00000+0  21584-3 0  9998
2 45157  87.8895  18.6416 0002118 108.9747 251.1610 13.10375697319510
ONEWEB-0054             
1 45158U 20008AD  26256.81033514  .00000070  00000+0  16453-3 0  9997
2 45158  87.8892  18.6235 0001684 101.4192 258.7125 13.10368749319633
ONEWEB-0056             
1 45159U 20008AE  26256.78133475  .00000422  00000+0  11732-2 0  9996
2 45159  87.8910  18.6255 0001483 103.4303 256.6990 13.10376215319780
ONEWEB-0057             
1 45160U 20008AF  26256.79859389  .00000557  00000+0  15596-2 0  9999
2 45160  87.8901  18.6320 0002081 113.0119 247.1228 13.10371933319952
ONEWEB-0058             
1 45161U 20008AG  26256.78502273  .00000521  00000+0  14563-2 0  9990
2 45161  87.8890  18.6332 0001754  91.0936 269.0393 13.10374223320022
ONEWEB-0059             
1 45162U 20008AH  26256.62889870  .00000542  00000+0  15161-2 0  9993
2 45162  87.8902  18.6662 0002061 107.1264 253.0089 13.10377156319906
ONEWEB-0062             
1 45163U 20008AJ  26256.42330179  .00000291  00000+0  79858-3 0  9990
2 45163  87.8898  18.7001 0001603  91.4904 268.6407 13.10369187319749
ONEWEB-0065             
1 45164U 20008AK  26256.76265373 -.00000620  00000+0 -18112-2 0  9994
2 45164  87.8906  18.6406 0001752 110.5912 249.5404 13.10374573319486
ONEWEB-0066             
1 45424U 20020A   26256.72724977 -.00000177  00000+0 -53467-3 0  9993
2 45424  87.8965   3.4645 0001889  97.8256 262.3087 13.11417919314282
ONEWEB-0067             
1 45425U 20020B   26256.76452152  .00000225  00000+0  59917-3 0  9999
2 45425  87.8987   3.3973 0001928 104.5247 255.6095 13.11425322314348
ONEWEB-0080             
1 45426U 20020C   26256.38320201  .00000136  00000+0  34872-3 0  9991
2 45426  87.8976   3.5397 0001624  91.5691 268.5623 13.11412936314268
ONEWEB-0090             
1 45427U 20020D   26256.71721501 -.00000469  00000+0 -13600-2 0  9993
2 45427  87.8976   3.4770 0001725  99.5671 260.5652 13.11418196314270
ONEWEB-0061             
1 45428U 20020E   26256.74916339  .00000584  00000+0  16113-2 0  9990
2 45428  87.8970   3.4523 0001828 100.3957 259.7377 13.11416325314235
ONEWEB-0081             
1 45429U 20020F   26256.73063922 -.00000020  00000+0 -91081-4 0  9997
2 45429  87.8971   3.4645 0001979 105.2254 254.9093 13.11417790314344
ONEWEB-0069             
1 45430U 20020G   26256.57988869  .00000181  00000+0  47463-3 0  9997
2 45430  87.8973   3.4988 0002032  98.8107 261.3251 13.11418350314254
ONEWEB-0031             
1 45431U 20020H   26256.53905655  .00000072  00000+0  16761-3 0  9992
2 45431  87.8961   3.5038 0001658  96.0283 264.1034 13.11415898314239
ONEWEB-0027             
1 45432U 20020J   26256.72664167 -.00000029  00000+0 -10688-3 0  9990
2 45432  87.9208 348.2824 0001501 102.2303 257.8997 13.17647626318016
ONEWEB-0064             
1 45433U 20020K   26256.68995330  .00000141  00000+0  36334-3 0  9994
2 45433  87.8969   3.4703 0001618  97.0554 263.0758 13.11414823314288
ONEWEB-0018             
1 45434U 20020L   26256.72202975 -.00000355  00000+0 -10374-2 0  9990
2 45434  87.8968   3.4641 0002151  94.3709 265.7664 13.11418811314235
ONEWEB-0083             
1 45435U 20020M   26256.33064201 -.00000576  00000+0 -16623-2 0  9994
2 45435  87.8975   3.5401 0001773  98.0517 262.0812 13.11416217314228
ONEWEB-0095             
1 45436U 20020N   26256.32216161 -.00000384  00000+0 -11195-2 0  9994
2 45436  87.8961   3.5456 0001396 121.6007 238.5257 13.11416956314223
ONEWEB-0092             
1 45437U 20020P   26256.58157162  .00000255  00000+0  68236-3 0  9992
2 45437  87.8974   3.4893 0001955  94.4510 265.6841 13.11418420314373
ONEWEB-0085             
1 45438U 20020Q   26256.55924625 -.00000523  00000+0 -15116-2 0  9994
2 45438  87.8969   3.4962 0001806 101.1027 259.0304 13.11415481314251
ONEWEB-0096             
1 45439U 20020R   26256.71381794 -.00000493  00000+0 -14270-2 0  9993
2 45439  87.8968   3.4652 0001692 103.1093 257.0223 13.11416174314264
ONEWEB-0037             
1 45440U 20020S   26256.73899237  .00000353  00000+0  96071-3 0  9996
2 45440  87.8982   3.4381 0001676 104.5904 255.5410 13.11417587314304
ONEWEB-0042             
1 45441U 20020T   26256.55078579 -.00000339  00000+0 -99360-3 0  9995
2 45441  87.8969   3.4936 0001931 103.9174 256.2168 13.11416021314245
ONEWEB-0098             
1 45442U 20020U   26256.77556466 -.00000233  00000+0 -69427-3 0  9990
2 45442  87.8957   3.4569 0001763  98.6840 261.4488 13.11415980314255
ONEWEB-0055             
1 45443U 20020V   26256.75425438  .00000520  00000+0  14311-2 0  9991
2 45443  87.8975   3.4625 0001766 103.3926 256.7398 13.11416019314229
ONEWEB-0093             
1 45444U 20020W   26256.74746760  .00000538  00000+0  14823-2 0  9992
2 45444  87.8972   3.4631 0002103 100.1827 259.9538 13.11416986314285
ONEWEB-0029             
1 45445U 20020X   26256.37982785  .00000281  00000+0  75655-3 0  9997
2 45445  87.8963   3.5317 0002056 100.2642 259.8718 13.11413967314219
ONEWEB-0068             
1 45446U 20020Y   26256.35241860  .00000247  00000+0  66199-3 0  9993
2 45446  87.8972   3.5390 0001988 100.1055 260.0297 13.11417614314153
ONEWEB-0046             
1 45447U 20020Z   26256.72555426 -.00000231  00000+0 -68871-3 0  9995
2 45447  87.8966   3.4648 0001962 107.7961 252.3381 13.11417673314213
ONEWEB-0063             
1 45448U 20020AA  26256.29674326  .00000506  00000+0  13925-2 0  9991
2 45448  87.8973   3.5562 0001748 111.5605 248.5709 13.11416030314248
ONEWEB-0019             
1 45449U 20020AB  26256.71693400 -.00000490  00000+0 -14180-2 0  9991
2 45449  87.8972   3.4547 0001741  95.0086 265.1241 13.11416446314148
ONEWEB-0094             
1 45450U 20020AC  26256.28888652  .00000034  00000+0  53497-4 0  9998
2 45450  87.9213 348.3591 0002010  94.8274 265.3087 13.17649713317914
ONEWEB-0087             
1 45451U 20020AD  26256.30664589  .00000110  00000+0  27323-3 0  9996
2 45451  87.8970   3.5327 0002044  97.4278 262.7082 13.11414968314134
ONEWEB-0082             
1 45452U 20020AE  26256.53213986  .00000321  00000+0  86889-3 0  9999
2 45452  87.8974   3.4998 0002263 104.4818 255.6561 13.11414726314252
ONEWEB-0050             
1 45453U 20020AF  26256.42737284  .00001436  00000+0  14450-3 0  9993
2 45453  88.9326 221.2244 0005125  46.0586 314.1065 14.90613222353526
ONEWEB-0034             
1 45454U 20020AG  26256.72230202 -.00000351  00000+0 -10274-2 0  9991
2 45454  87.8976   3.4719 0001821 102.0917 258.0415 13.11417596314196
ONEWEB-0060             
1 45455U 20020AH  26256.75353697  .00000526  00000+0  14480-2 0  9994
2 45455  87.8967   3.4574 0002729  91.0697 269.0744 13.11416467314155
ONEWEB-0086             
1 45456U 20020AJ  26256.35072375  .00000117  00000+0  29330-3 0  9999
2 45456  87.8978   3.5393 0002180  81.7259 278.4116 13.11418349314168
ONEWEB-0088             
1 45457U 20020AK  26256.32880808 -.00000513  00000+0 -14837-2 0  9992
2 45457  87.8981   3.5222 0001926 112.5968 247.5364 13.11416576314095
ONEWEB-0102             
1 47258U 20100A   26256.26413410  .00000044  00000+0  86997-4 0  9991
2 47258  87.8987 333.1849 0001910  93.2777 266.8570 13.12443624276281
ONEWEB-0109             
1 47259U 20100B   26256.27259914  .00000341  00000+0  91129-3 0  9992
2 47259  87.8994 333.1749 0001752  99.4228 260.7098 13.12444685276110
ONEWEB-0110             
1 47260U 20100C   26256.22347821  .00000128  00000+0  32081-3 0  9999
2 47260  87.8994 333.1683 0002067  93.6060 266.5304 13.12441500276273
ONEWEB-0111             
1 47261U 20100D   26256.25397011 -.00000208  00000+0 -61224-3 0  9991
2 47261  87.8987 333.1809 0002006  98.9214 261.2142 13.12443676276119
ONEWEB-0114             
1 47262U 20100E   26256.66563944  .00000506  00000+0  13710-2 0  9992
2 47262  87.8993 333.0989 0001604  96.5516 263.5795 13.12442258276122
ONEWEB-0117             
1 47263U 20100F   26256.19976852  .00000415  00000+0  11180-2 0  9995
2 47263  87.8993 333.1791 0001915  99.1903 260.9442 13.12442877276070
ONEWEB-0118             
1 47264U 20100G   26256.61481997 -.00000172  00000+0 -51380-3 0  9993
2 47264  87.8995 333.0995 0001781 109.8250 250.3070 13.12440237276329
ONEWEB-0119             
1 47265U 20100H   26256.94518682 -.00000196  00000+0 -57973-3 0  9992
2 47265  87.8983 333.0428 0001892  99.9755 260.1587 13.12443493276341
ONEWEB-0120             
1 47266U 20100J   26256.66409669  .00000462  00000+0  12491-2 0  9995
2 47266  87.8985 333.1006 0001682  97.9200 262.2119 13.12442971276330
ONEWEB-0121             
1 47267U 20100K   26256.57586168  .00000312  00000+0  83157-3 0  9998
2 47267  87.8994 333.1124 0002210  99.4752 260.6627 13.12444091276239
ONEWEB-0122             
1 47268U 20100L   26256.26497980  .00000053  00000+0  11185-3 0  9992
2 47268  87.8991 333.1786 0001798  94.5452 265.5882 13.12443144276105
ONEWEB-0123             
1 47269U 20100M   26256.64192570 -.00000068  00000+0 -22385-3 0  9994
2 47269  87.8991 333.1025 0002247 104.6402 255.4975 13.12443485276299
ONEWEB-0124             
1 47270U 20100N   26256.25057563 -.00000332  00000+0 -95732-3 0  9995
2 47270  87.8981 333.1812 0002024  93.8760 266.2600 13.12443069276128
ONEWEB-0125             
1 47271U 20100P   26256.91469715  .00000096  00000+0  23087-3 0  9994
2 47271  87.8993 333.0437 0002123 106.0156 254.1207 13.12441986276271
ONEWEB-0126             
1 47272U 20100Q   26256.63020343 -.00000377  00000+0 -10826-2 0  9994
2 47272  87.8985 333.1097 0001773  99.8562 260.2767 13.12442389276307
ONEWEB-0127             
1 47273U 20100R   26256.44372539  .00000430  00000+0  11596-2 0  9994
2 47273  87.8984 333.1414 0001748  98.1603 261.9724 13.12442103276305
ONEWEB-0128             
1 47274U 20100S   26256.61821323 -.00000339  00000+0 -97834-3 0  9994
2 47274  87.8982 333.1203 0002062  92.3601 267.7763 13.12442205276348
ONEWEB-0129             
1 47275U 20100T   26256.67412300  .00000350  00000+0  93875-3 0  9994
2 47275  87.8995 333.0919 0000803  94.4108 265.7112 13.12441705276285
ONEWEB-0130             
1 47276U 20100U   26256.24379342 -.00000412  00000+0 -11806-2 0  9990
2 47276  87.8993 333.1737 0001870  97.9737 262.1604 13.12442057276192
ONEWEB-0131             
1 47277U 20100V   26256.92654529 -.00000255  00000+0 -74406-3 0  9990
2 47277  87.8982 333.0469 0001951  95.7021 264.4330 13.12441466276323
ONEWEB-0132             
1 47278U 20100W   26256.26922416 -.00000052  00000+0 -18020-3 0  9996
2 47278  87.8985 333.1815 0001946  99.7381 260.3967 13.12444280276137
ONEWEB-0133             
1 47279U 20100X   26256.51474421  .00000367  00000+0  98574-3 0  9992
2 47279  87.8998 333.1190 0001995  96.4852 263.6504 13.12441902276321
ONEWEB-0134             
1 47280U 20100Y   26256.94179731 -.00000325  00000+0 -93958-3 0  9994
2 47280  87.8997 333.0312 0001826  92.1513 267.9825 13.12443113276359
ONEWEB-0135             
1 47281U 20100Z   26256.91299961  .00000158  00000+0  40391-3 0  9995
2 47281  87.8984 333.0486 0001880  89.7051 270.4293 13.12441118276370
ONEWEB-0136             
1 47282U 20100AA  26256.93163002 -.00000346  00000+0 -99854-3 0  9993
2 47282  87.8993 333.0332 0001731  90.8198 269.3129 13.12442335276301
ONEWEB-0137             
1 47283U 20100AB  26256.66057067  .00000413  00000+0  11139-2 0  9999
2 47283  87.8992 333.1014 0001908 103.8739 256.2602 13.12442724276179
ONEWEB-0138             
1 47284U 20100AC  26256.25735488 -.00000254  00000+0 -74246-3 0  9999
2 47284  87.8990 333.1828 0001738  93.8699 266.2628 13.12443469276205
ONEWEB-0139             
1 47285U 20100AD  26256.90806344  .00000209  00000+0  54700-3 0  9993
2 47285  87.8992 333.0400 0001855  98.9386 261.1952 13.12440971276368
ONEWEB-0140             
1 47286U 20100AE  26256.48098342 -.00000312  00000+0 -90154-3 0  9998
2 47286  87.8995 333.1173 0002042  96.4722 263.6639 13.12443490276274
ONEWEB-0141             
1 47287U 20100AF  26256.67906897  .00000246  00000+0  64918-3 0  9996
2 47287  87.8995 333.0819 0001869 109.4828 250.6503 13.12440895276282
ONEWEB-0142             
1 47288U 20100AG  26256.51499150 -.00000413  00000+0 -11845-2 0  9997
2 47288  87.8987 333.1310 0001450 102.2644 257.8647 13.12447433276254
ONEWEB-0143             
1 47289U 20100AH  26256.90623306  .00000397  00000+0  10683-2 0  9991
2 47289  87.8988 333.0531 0001807 103.6901 256.4428 13.12443053276286
ONEWEB-0144             
1 47290U 20100AJ  26256.64870879  .00000061  00000+0  13368-3 0  9995
2 47290  87.8994 333.0857 0001527  94.5818 265.5485 13.12444047276176
ONEWEB-0145             
1 47291U 20100AK  26256.61989107 -.00000370  00000+0 -10650-2 0  9993
2 47291  87.8986 333.1092 0001708  96.6280 263.5043 13.12440655276367
ONEWEB-0146             
1 47292U 20100AL  26256.92147180 -.00000187  00000+0 -55460-3 0  9990
2 47292  87.8993 333.0477 0002251  98.7837 261.3546 13.12441282276313
ONEWEB-0147             
1 47293U 20100AM  26256.65888299  .00000387  00000+0  10390-2 0  9996
2 47293  87.8994 333.0829 0001896  94.4816 265.6529 13.12443005276177
ONEWEB-0115             
1 48042U 21025A   26256.84642949 -.00000330  00000+0 -93749-3 0  9997
2 48042  87.8928 302.5865 0002005  94.4589 265.6769 13.13467547265237
ONEWEB-0152             
1 48043U 21025B   26256.85997452 -.00000244  00000+0 -70324-3 0  9999
2 48043  87.8929 302.5850 0002045  98.7576 261.3785 13.13469318265194
ONEWEB-0153             
1 48044U 21025C   26256.53326275 -.00000187  00000+0 -54665-3 0  9990
2 48044  87.8935 302.6483 0001846  96.5817 263.5522 13.13468882265140
ONEWEB-0154             
1 48045U 21025D   26256.52987944 -.00000121  00000+0 -36696-3 0  9998
2 48045  87.8932 302.6502 0001934  95.0762 265.0588 13.13469312265105
ONEWEB-0116             
1 48046U 21025E   26256.56881369  .00000210  00000+0  54137-3 0  9994
2 48046  87.8932 302.6399 0002051  94.7146 265.4218 13.13470221265254
ONEWEB-0150             
1 48047U 21025F   26256.84982910 -.00000360  00000+0 -10208-2 0  9998
2 48047  87.8931 302.5822 0001905 101.3411 258.7932 13.13469559265183
ONEWEB-0107             
1 48048U 21025G   26256.54681147 -.00000323  00000+0 -91890-3 0  9990
2 48048  87.8933 302.6381 0001747  96.3319 263.8009 13.13470409265123
ONEWEB-0101             
1 48049U 21025H   26256.50957462  .00000315  00000+0  82821-3 0  9996
2 48049  87.8922 302.6519 0001823  92.5474 267.5864 13.13469785265091
ONEWEB-0113             
1 48050U 21025J   26256.58176291  .00000264  00000+0  68332-3 0  9993
2 48050  87.8921 302.5383 0001908 101.0097 259.1247 13.13891750265218
ONEWEB-0112             
1 48051U 21025K   26256.85659360 -.00000288  00000+0 -82454-3 0  9996
2 48051  87.8931 302.5749 0001751  89.8616 270.2714 13.13469372265238
ONEWEB-0156             
1 48052U 21025L   26256.86505106 -.00000102  00000+0 -31444-3 0  9994
2 48052  87.8932 302.5824 0001829  98.3178 261.8158 13.13469328265215
ONEWEB-0161             
1 48053U 21025M   26256.53495714 -.00000240  00000+0 -69133-3 0  9991
2 48053  87.8934 302.6486 0001699  97.8081 262.3241 13.13468900265107
ONEWEB-0158             
1 48054U 21025N   26256.87522253  .00000194  00000+0  49577-3 0  9994
2 48054  87.8932 302.5790 0002136  90.4567 269.6807 13.13471143265277
ONEWEB-0157             
1 48055U 21025P   26256.51972619  .00000127  00000+0  31190-3 0  9999
2 48055  87.8928 302.6517 0001488  94.7897 265.3402 13.13470308265167
ONEWEB-0162             
1 48056U 21025Q   26256.87677380  .00000111  00000+0  26766-3 0  9992
2 48056  87.8923 302.5795 0001938 100.9871 259.1476 13.13469160265180
ONEWEB-0155             
1 48057U 21025R   26256.57896794  .00000403  00000+0  10693-2 0  9997
2 48057  87.8931 302.6388 0001798  98.0317 262.1016 13.13471015265282
ONEWEB-0149             
1 48058U 21025S   26256.52479436  .00000012  00000+0 -31535-5 0  9991
2 48058  87.8929 302.6526 0001917 101.6735 258.4609 13.13468265265089
ONEWEB-0148             
1 48059U 21025T   26256.86844134 -.00000069  00000+0 -22401-3 0  9993
2 48059  87.8922 302.5857 0001871 113.4222 246.7104 13.13469977265250
ONEWEB-0160             
1 48060U 21025U   26256.88537187  .00000348  00000+0  91879-3 0  9997
2 48060  87.8923 302.5785 0002605  92.7108 267.4320 13.13469370265203
ONEWEB-0163             
1 48061U 21025V   26256.87012729  .00000113  00000+0  27448-3 0  9998
2 48061  87.8928 302.5832 0001621  95.5179 264.6135 13.13469844265320
ONEWEB-0159             
1 48062U 21025W   26256.55696234 -.00000117  00000+0 -35665-3 0  9999
2 48062  87.8931 302.6402 0001694  93.2910 266.8413 13.13469613265201
ONEWEB-0164             
1 48063U 21025X   26256.84305012 -.00000278  00000+0 -79587-3 0  9992
2 48063  87.8931 302.5887 0002000  93.9113 266.2245 13.13469345265223
ONEWEB-0167             
1 48064U 21025Y   26256.87098186  .00000094  00000+0  22137-3 0  9990
2 48064  87.8923 302.5859 0001559  77.2671 282.8632 13.13470565265215
ONEWEB-0166             
1 48065U 21025Z   26256.58912389  .00000266  00000+0  69387-3 0  9998
2 48065  87.8931 302.6209 0001866  97.4028 262.7314 13.13468965265255
ONEWEB-0151             
1 48066U 21025AA  26256.89552854  .00000305  00000+0  79990-3 0  9995
2 48066  87.8930 302.5739 0001843  92.2606 267.8734 13.13469316265233
ONEWEB-0170             
1 48067U 21025AB  26256.37073512  .00000028  00000+0  42286-4 0  9999
2 48067  87.8933 302.6811 0002289  85.4406 274.6985 13.13467770265120
ONEWEB-0168             
1 48068U 21025AC  26256.88875956  .00000373  00000+0  98568-3 0  9994
2 48068  87.8929 302.5787 0001871  93.9825 266.1518 13.13469388265206
ONEWEB-0173             
1 48069U 21025AD  26256.57558088  .00000274  00000+0  71597-3 0  9998
2 48069  87.8930 302.6393 0001566  90.3528 269.7781 13.13470073265401
ONEWEB-0171             
1 48070U 21025AE  26256.84134377 -.00000427  00000+0 -12030-2 0  9999
2 48070  87.8927 302.5906 0001969  92.1656 267.9699 13.13469509265250
ONEWEB-0172             
1 48071U 21025AF  26256.82105082  .00000274  00000+0  71577-3 0  9999
2 48071  87.8931 302.5924 0001778  91.0975 269.0357 13.13470498266148
ONEWEB-0174             
1 48072U 21025AG  26256.19299582  .00000354  00000+0  93386-3 0  9990
2 48072  87.8931 302.7159 0001832 100.1727 259.9609 13.13469003265382
ONEWEB-0175             
1 48073U 21025AH  26256.83289042 -.00000099  00000+0 -30529-3 0  9990
2 48073  87.8933 302.5752 0001944  85.7063 274.4288 13.13468553265123
ONEWEB-0177             
1 48074U 21025AJ  26256.54002868 -.00000319  00000+0 -90971-3 0  9990
2 48074  87.8927 302.6482 0001703  98.9875 261.1446 13.13469184265274
ONEWEB-0178             
1 48075U 21025AK  26256.55879498 -.00000112  00000+0 -34254-3 0  9996
2 48075  87.8920 302.6504 0001779  89.2481 270.8852 13.13470924265320
ONEWEB-0108             
1 48076U 21025AL  26256.82274504  .00000312  00000+0  81930-3 0  9997
2 48076  87.8930 302.5859 0002038 100.5681 259.5678 13.13470220265286
ONEWEB-0169             
1 48077U 21025AM  26256.55017813 -.00000104  00000+0 -31909-3 0  9998
2 48077  87.8933 302.6455 0001923  98.8626 261.2720 13.13472981263904
ONEWEB-0176             
1 48210U 21031A   26256.77896454 -.00000133  00000+0 -39397-3 0  9995
2 48210  87.8893 272.0312 0001902  87.7076 272.4271 13.14501605259955
ONEWEB-0184             
1 48211U 21031B   26256.75361675 -.00000144  00000+0 -42288-3 0  9991
2 48211  87.8899 272.0422 0002042  70.8202 289.3148 13.14503682259928
ONEWEB-0179             
1 48212U 21031C   26256.76156975  .00002123  00000+0  19495-3 0  9999
2 48212  87.8932 265.1568 0348682 321.9816  35.7236 14.57895515261780
ONEWEB-0180             
1 48213U 21031D   26256.52864944 -.00000176  00000+0 -50868-3 0  9993
2 48213  87.8904 272.0863 0001559  84.5569 275.5738 13.14504004259826
ONEWEB-0218             
1 48214U 21031E   26256.77727661 -.00000085  00000+0 -26496-3 0  9994
2 48214  87.8901 272.0348 0001540  68.2762 291.8531 13.14501525260016
ONEWEB-0209             
1 48215U 21031F   26256.76712846 -.00000211  00000+0 -60361-3 0  9993
2 48215  87.8899 272.0472 0001680  92.6938 267.4384 13.14501417260017
ONEWEB-0198             
1 48216U 21031G   26256.52370883 -.00000074  00000+0 -23484-3 0  9991
2 48216  87.8887 272.0870 0001543  82.6472 277.4833 13.14501901260093
ONEWEB-0189             
1 48217U 21031H   26256.53539035 -.00000153  00000+0 -44816-3 0  9999
2 48217  87.8904 272.0815 0001647  85.7504 274.3814 13.14501853259839
ONEWEB-0196             
1 48218U 21031J   26256.97182871  .00000131  00000+0  31903-3 0  9997
2 48218  87.8898 272.0021 0001717  90.6897 269.4430 13.14502870259894
ONEWEB-0183             
1 48219U 21031K   26256.56415039  .00000194  00000+0  48907-3 0  9999
2 48219  87.8896 272.0796 0001914  97.7406 262.3941 13.14501779259936
ONEWEB-0185             
1 48220U 21031L   26256.51447652  .00000088  00000+0  20316-3 0  9998
2 48220  87.8901 272.0883 0001644 102.8037 257.3276 13.14503117259854
ONEWEB-0187             
1 48221U 21031M   26256.79914773  .00000181  00000+0  45395-3 0  9990
2 48221  87.8892 272.0416 0001753  91.9521 268.1810 13.14504262259905
ONEWEB-0192             
1 48222U 21031N   26256.76882478 -.00000156  00000+0 -45524-3 0  9992
2 48222  87.8896 272.0367 0001853  89.2965 270.8377 13.14501709259819
ONEWEB-0219             
1 48223U 21031P   26256.97688850  .00000004  00000+0 -23631-4 0  9991
2 48223  87.8904 271.9954 0001662  95.8696 264.2623 13.14502132260041
ONEWEB-0202             
1 48224U 21031Q   26256.57770443  .00000258  00000+0  66026-3 0  9992
2 48224  87.8897 272.0830 0001661  69.8506 290.2803 13.14503857259972
ONEWEB-0204             
1 48225U 21031R   26256.53454358 -.00000145  00000+0 -42586-3 0  9995
2 48225  87.8899 272.0857 0002057 100.6857 259.4505 13.14502724259863
ONEWEB-0205             
1 48226U 21031S   26256.58785171  .00000119  00000+0  28607-3 0  9998
2 48226  87.8899 272.0736 0001626  90.8226 269.3090 13.14503504259889
ONEWEB-0206             
1 48227U 21031T   26256.78743378  .00000091  00000+0  21190-3 0  9993
2 48227  87.8902 272.0310 0002054  92.4210 267.7155 13.14501876259862
ONEWEB-0182             
1 48228U 21031U   26256.78236577 -.00000053  00000+0 -17639-3 0  9995
2 48228  87.8896 272.0369 0002009  96.4947 263.6412 13.14501978260079
ONEWEB-0186             
1 48229U 21031V   26256.79419906  .00000199  00000+0  50235-3 0  9994
2 48229  87.8901 272.0333 0001838  90.1751 269.9590 13.14501508260021
ONEWEB-0181             
1 48230U 21031W   26256.54386251 -.00000187  00000+0 -53911-3 0  9998
2 48230  87.8896 272.0975 0001570  93.8167 266.3142 13.14504701259842
ONEWEB-0188             
1 48231U 21031X   26256.81112597  .00000132  00000+0  32039-3 0  9995
2 48231  87.8891 272.0441 0001871  93.5512 266.5832 13.14500972259788
ONEWEB-0220             
1 48232U 21031Y   26256.77303430 -.00000124  00000+0 -36884-3 0  9994
2 48232  87.8900 272.0367 0001771  98.0275 262.1056 13.14500824260049
ONEWEB-0165             
1 48233U 21031Z   26256.80266707  .00000247  00000+0  63189-3 0  9996
2 48233  87.8900 272.0398 0001607  84.0123 276.1190 13.14501344260007
ONEWEB-0199             
1 48234U 21031AA  26256.93797336  .00000013  00000+0 -60718-6 0  9998
2 48234  87.8903 272.0021 0002115  90.1648 269.9724 13.14502479259921
ONEWEB-0203             
1 48235U 21031AB  26256.54723371 -.00000071  00000+0 -22504-3 0  9997
2 48235  87.8899 272.0821 0002048  84.3821 275.7542 13.14501915259889
ONEWEB-0197             
1 48236U 21031AC  26256.52343705 -.00000060  00000+0 -19537-3 0  9995
2 48236  87.8896 272.0678 0002005  95.3615 264.7744 13.14504052259790
ONEWEB-0194             
1 48237U 21031AD  26256.80774906  .00000241  00000+0  61424-3 0  9999
2 48237  87.8898 272.0358 0002084  88.1259 272.0110 13.14504602260005
ONEWEB-0193             
1 48238U 21031AE  26256.97520400  .00000068  00000+0  14969-3 0  9995
2 48238  87.8907 271.9947 0002291  87.8141 272.3252 13.14502209259970
ONEWEB-0191             
1 48239U 21031AF  26256.53034056 -.00000150  00000+0 -43808-3 0  9993
2 48239  87.8900 272.0856 0001927  94.7821 265.3529 13.14503732259771
ONEWEB-0195             
1 48240U 21031AG  26256.81197799  .00000175  00000+0  43676-3 0  9998
2 48240  87.8898 272.0287 0001582  84.6230 275.5080 13.14503155259792
ONEWEB-0201             
1 48241U 21031AH  26256.57106001  .00000277  00000+0  71143-3 0  9991
2 48241  87.8898 272.0883 0001735 102.5507 257.5817 13.14502779259993
ONEWEB-0207             
1 48242U 21031AJ  26256.77812389 -.00000150  00000+0 -43882-3 0  9998
2 48242  87.8899 272.0353 0001985 101.9485 258.1868 13.14501188259932
ONEWEB-0208             
1 48243U 21031AK  26256.76037600 -.00000150  00000+0 -43975-3 0  9996
2 48243  87.8897 272.0418 0001629  85.5526 274.5790 13.14501920259942
ONEWEB-0200             
1 48244U 21031AL  26256.57262903  .00000242  00000+0  61835-3 0  9997
2 48244  87.8903 272.0746 0001628  95.7654 264.3661 13.14503657259841
ONEWEB-0217             
1 48245U 21031AM  26256.74177763  .00000124  00000+0  30090-3 0  9994
2 48245  87.8902 272.0439 0001707  82.2481 277.8842 13.14503210259819
ONEWEB-0211             
1 48767U 21045A   26256.67804333 -.00000030  00000+0 -11187-3 0  9994
2 48767  87.8974 241.4181 0001773  64.2889 295.8425 13.16198215256086
ONEWEB-0223             
1 48768U 21045B   26256.49582119  .00000060  00000+0  12566-3 0  9993
2 48768  87.8981 241.5865 0002009  74.5692 285.5661 13.15547624256016
ONEWEB-0230             
1 48769U 21045C   26256.92364488 -.00000009  00000+0 -57505-4 0  9997
2 48769  87.8977 241.5101 0002107  88.5613 271.5759 13.15547899256334
ONEWEB-0237             
1 48770U 21045D   26256.91256190 -.00000123  00000+0 -36078-3 0  9996
2 48770  87.8975 241.5111 0001698  82.8292 277.3032 13.15549711256051
ONEWEB-0235             
1 48771U 21045E   26256.96326634  .00000055  00000+0  11229-3 0  9996
2 48771  87.8983 241.4950 0002149  72.9912 287.1454 13.15549547256056
ONEWEB-0242             
1 48772U 21045F   26256.50057734  .00000147  00000+0  35559-3 0  9993
2 48772  87.8984 241.5854 0002134  82.4461 277.6912 13.15548737256032
ONEWEB-0241             
1 48773U 21045G   26256.94424211  .00000128  00000+0  30581-3 0  9999
2 48773  87.8978 241.5061 0001955  75.7775 284.3573 13.15548652256000
ONEWEB-0243             
1 48774U 21045H   26256.67171248 -.00000142  00000+0 -41170-3 0  9993
2 48774  87.8973 241.5728 0002510  78.6806 281.4607 13.15548482255995
ONEWEB-0222             
1 48775U 21045J   26256.95930794  .00000124  00000+0  29620-3 0  9998
2 48775  87.8982 241.4899 0001972  78.1723 281.9629 13.15549319256077
ONEWEB-0244             
1 48776U 21045K   26256.90942725  .00004531  00000+0  12006-1 0  9995
2 48776  87.8971 241.4968 0001726  78.3527 281.7797 13.15495005256632
ONEWEB-0247             
1 48777U 21045L   26256.44987407 -.00000138  00000+0 -40007-3 0  9996
2 48777  87.8971 241.6111 0002613  70.8506 289.2907 13.15547607256019
ONEWEB-0245             
1 48778U 21045M   26256.90147169 -.00000102  00000+0 -30407-3 0  9995
2 48778  87.8982 241.5084 0001828  80.5111 279.6226 13.15549613256046
ONEWEB-0229             
1 48779U 21045N   26256.89670015 -.00000083  00000+0 -25511-3 0  9993
2 48779  87.8982 241.5065 0002106  82.6632 277.4738 13.15547102256075
ONEWEB-0228             
1 48780U 21045P   26256.93012872  .00000008  00000+0 -12328-4 0  9990
2 48780  87.8985 241.4976 0002020  83.2356 276.9004 13.15547359255999
ONEWEB-0232             
1 48781U 21045Q   26256.44828091 -.00000086  00000+0 -26170-3 0  9991
2 48781  87.8983 241.5927 0001945  83.7217 276.4135 13.15547674256251
ONEWEB-0231             
1 48782U 21045R   26256.50216604  .00000139  00000+0  33480-3 0  9999
2 48782  87.8980 241.5899 0001991  78.4786 281.6568 13.15547923255951
ONEWEB-0234             
1 48783U 21045S   26256.92033386 -.00000055  00000+0 -17930-3 0  9991
2 48783  87.8986 241.4939 0001205  93.2967 266.8301 13.15547139256147
ONEWEB-0238             
1 48784U 21045T   26256.92061883 -.00000096  00000+0 -28879-3 0  9994
2 48784  87.8984 241.4897 0001610  88.3724 271.7591 13.15547619256043
ONEWEB-0240             
1 48785U 21045U   26256.94186653  .00000104  00000+0  24346-3 0  9993
2 48785  87.8983 241.4938 0001882  76.5395 283.5945 13.15549594256074
ONEWEB-0246             
1 48786U 21045V   26256.93631504  .00000047  00000+0  90432-4 0  9999
2 48786  87.8983 241.4976 0002093  84.4340 275.7029 13.15547299255941
ONEWEB-0210             
1 48787U 21045W   26256.91096617 -.00000109  00000+0 -32344-3 0  9996
2 48787  87.8983 241.5003 0002783  75.8447 284.2992 13.15547449255987
ONEWEB-0214             
1 48788U 21045X   26256.91967999 -.00000070  00000+0 -22016-3 0  9999
2 48788  87.8984 241.4958 0002337  87.5406 272.5992 13.15547461255958
ONEWEB-0221             
1 48789U 21045Y   26256.92681500 -.00000041  00000+0 -14224-3 0  9992
2 48789  87.8981 241.5023 0002001  79.5404 280.5952 13.15547497256042
ONEWEB-0213             
1 48790U 21045Z   26256.45938031 -.00000088  00000+0 -26736-3 0  9998
2 48790  87.8981 241.5981 0002188  78.8876 281.2500 13.15548583256042
ONEWEB-0212             
1 48791U 21045AA  26256.96880725  .00000029  00000+0  42971-4 0  9994
2 48791  87.8982 241.4904 0002116  84.1596 275.9775 13.15550484256102
ONEWEB-0227             
1 48792U 21045AB  26256.51167846 -.00000017  00000+0 -77952-4 0  9994
2 48792  87.8981 241.5808 0001996  81.6639 278.4718 13.15548162255992
ONEWEB-0226             
1 48793U 21045AC  26256.96168065  .00000071  00000+0  15524-3 0  9992
2 48793  87.8984 241.4963 0002230  81.9201 278.2182 13.15548428256020
ONEWEB-0224             
1 48794U 21045AD  26256.69705771 -.00000124  00000+0 -36312-3 0  9993
2 48794  87.8970 241.5771 0001295  66.2018 293.9248 13.15548256255919
ONEWEB-0233             
1 48795U 21045AE  26256.92984350  .00000017  00000+0  10224-4 0  9996
2 48795  87.8970 241.5372 0001977  76.7723 283.3628 13.15547341255967
ONEWEB-0190             
1 48796U 21045AF  26256.91730787 -.00000086  00000+0 -26192-3 0  9997
2 48796  87.8978 241.5080 0002363  69.3801 290.7582 13.15548610256037
ONEWEB-0236             
1 48797U 21045AG  26256.93473383  .00000024  00000+0  30626-4 0  9994
2 48797  87.8975 241.5073 0001921  87.0697 273.0653 13.15548155255920
ONEWEB-0248             
1 48798U 21045AH  26256.94742064  .00000117  00000+0  27657-3 0  9993
2 48798  87.8981 241.4972 0001935  70.7498 289.3842 13.15549045256085
ONEWEB-0225             
1 48799U 21045AJ  26256.51324099 -.00000096  00000+0 -29019-3 0  9993
2 48799  87.8982 241.5893 0002258  71.2277 288.9098 13.15546814256034
ONEWEB-0215             
1 48800U 21045AK  26256.93949335  .00000090  00000+0  20528-3 0  9996
2 48800  87.8982 241.4910 0002192  66.8788 293.2573 13.15549067255961
ONEWEB-0216             
1 48801U 21045AL  26256.94899085  .00000171  00000+0  42068-3 0  9997
2 48801  87.8980 241.5009 0002062  86.2770 273.8596 13.15547229255971
ONEWEB-0239             
1 48802U 21045AM  26256.49740667  .00000083  00000+0  18770-3 0  9994
2 48802  87.8981 241.5945 0002000  60.7346 299.3984 13.15547731255950
ONEWEB-0249             
1 48967U 21060A   26256.36134446  .00000038  00000+0  66429-4 0  9996
2 48967  87.9143 211.2694 0002025  76.0712 284.0644 13.16593331251219
ONEWEB-0250             
1 48968U 21060B   26256.83107044  .00000020  00000+0  16261-4 0  9993
2 48968  87.9150 208.6462 0001049  72.0910 288.0341 13.25837800251964
ONEWEB-0252             
1 48970U 21060D   26256.92423945  .00000038  00000+0  66332-4 0  9990
2 48970  87.9142 211.1504 0002058  89.5311 270.6056 13.16596911251339
ONEWEB-0253             
1 48971U 21060E   26256.60914865 -.00000078  00000+0 -23891-3 0  9990
2 48971  87.9141 211.2180 0001955  77.5872 282.5478 13.16592954251225
ONEWEB-0254             
1 48972U 21060F   26256.84663387  .00000056  00000+0  11289-3 0  9999
2 48972  87.9143 211.1696 0001972  70.1980 289.9363 13.16593782251254
ONEWEB-0255             
1 48973U 21060G   26256.42865139  .00000054  00000+0  10773-3 0  9998
2 48973  87.9143 211.2579 0002034  74.3325 285.8031 13.16593968251270
ONEWEB-0256             
1 48974U 21060H   26256.60677238 -.00000084  00000+0 -25360-3 0  9993
2 48974  87.9141 211.2233 0002169  81.8566 278.2810 13.16593455251266
ONEWEB-0257             
1 48975U 21060J   26256.63923587  .00000075  00000+0  16369-3 0  9995
2 48975  87.9145 211.2077 0002153  77.1066 283.0305 13.16594228251221
ONEWEB-0258             
1 48976U 21060K   26256.41282538  .00000101  00000+0  23133-3 0  9993
2 48976  87.9135 211.2629 0001993  78.3404 281.7951 13.16594560251203
ONEWEB-0259             
1 48977U 21060L   26256.40648193  .00000053  00000+0  10558-3 0  9999
2 48977  87.9144 211.2648 0001920  74.9678 285.1665 13.16593547251237
ONEWEB-0260             
1 48978U 21060M   26256.85374483  .00000023  00000+0  25300-4 0  9996
2 48978  87.9138 211.1736 0002386  83.9831 276.1571 13.16595620251270
ONEWEB-0261             
1 48979U 21060N   26256.59566909 -.00000091  00000+0 -27268-3 0  9995
2 48979  87.9133 211.2260 0002249  72.2522 287.8854 13.16593937251299
ONEWEB-0262             
1 48980U 21060P   26256.80388239  .00000022  00000+0  24836-4 0  9990
2 48980  87.9144 211.1738 0001857  71.5837 288.5495 13.16593970251282
ONEWEB-0263             
1 48981U 21060Q   26256.83554868 -.00000085  00000+0 -25580-3 0  9994
2 48981  87.9132 211.1790 0002153  70.4108 289.7255 13.16593661251258
ONEWEB-0264             
1 48982U 21060R   26256.56876866  .00000091  00000+0  20374-3 0  9991
2 48982  87.9135 211.2308 0002210  77.2051 282.9326 13.16593400251226
ONEWEB-0266             
1 48984U 21060T   26256.59013571 -.00000065  00000+0 -20481-3 0  9994
2 48984  87.9145 211.2219 0001970  79.4115 280.7237 13.16593094251212
ONEWEB-0267             
1 48985U 21060U   26256.60122487 -.00000062  00000+0 -19588-3 0  9997
2 48985  87.9142 211.2166 0002187  75.4736 284.6638 13.16593340251220
ONEWEB-0268             
1 48986U 21060V   26256.56956176  .00000097  00000+0  22126-3 0  9991
2 48986  87.9143 211.2311 0002113  81.4024 278.7347 13.16594225251482
ONEWEB-0269             
1 48987U 21060W   26256.62656583  .00000037  00000+0  62605-4 0  9999
2 48987  87.9139 211.2178 0001989  87.7639 272.3720 13.16594442251262
ONEWEB-0270             
1 48988U 21060X   26256.56797881  .00000080  00000+0  17475-3 0  9992
2 48988  87.9133 211.2313 0001979  68.6782 291.4560 13.16594062251299
ONEWEB-0271             
1 48989U 21060Y   26256.85930565  .00000042  00000+0  77106-4 0  9999
2 48989  87.9141 211.1651 0002132  72.7778 287.3586 13.16593274251337
ONEWEB-0272             
1 48990U 21060Z   26256.80545594  .00000032  00000+0  49699-4 0  9995
2 48990  87.9141 211.1834 0002325  80.7296 279.4098 13.16593124251277
ONEWEB-0273             
1 48991U 21060AA  26256.82764033  .00000032  00000+0  48922-4 0  9997
2 48991  87.9131 211.1802 0002047  74.4741 285.6616 13.16593381251256
ONEWEB-0274             
1 48992U 21060AB  26256.62497943  .00000019  00000+0  16464-4 0  9990
2 48992  87.9135 211.2186 0002346  82.1034 278.0363 13.16594578251265
ONEWEB-0275             
1 48993U 21060AC  26256.84188998 -.00000030  00000+0 -11210-3 0  9990
2 48993  87.9143 211.1728 0002797  89.6827 270.4625 13.16595184251225
ONEWEB-0276             
1 48994U 21060AD  26256.57114264  .00000021  00000+0  22462-4 0  9996
2 48994  87.9142 211.2252 0002207  80.3182 279.8198 13.16593160251204
ONEWEB-0277             
1 48995U 21060AE  26256.81180132 -.00000009  00000+0 -57634-4 0  9998
2 48995  87.9140 211.1816 0002083  74.1230 286.0130 13.16595391251221
ONEWEB-0278             
1 48996U 21060AF  26256.42231111  .00000064  00000+0  13477-3 0  9995
2 48996  87.9144 211.2538 0001840  80.7212 279.4127 13.16594000251308
ONEWEB-0279             
1 48997U 21060AG  26256.58222286  .00000042  00000+0  75180-4 0  9992
2 48997  87.9144 211.2206 0002247  74.1118 286.0260 13.16593536251254
ONEWEB-0280             
1 48998U 21060AH  26256.82526715 -.00000024  00000+0 -96033-4 0  9996
2 48998  87.9142 211.1763 0001791  72.4072 287.7254 13.16594590251222
ONEWEB-0281             
1 48999U 21060AJ  26256.83079380  .00000013  00000+0  12595-5 0  9997
2 48999  87.9145 211.1721 0002122  82.2437 277.8935 13.16593213251297
ONEWEB-0282             
1 49000U 21060AK  26256.63289848  .00000051  00000+0  10104-3 0  9995
2 49000  87.9144 211.2169 0001992  76.0817 284.0535 13.16595239251245
ONEWEB-0283             
1 49001U 21060AL  26256.39381441  .00000123  00000+0  28822-3 0  9997
2 49001  87.9141 211.2633 0002147  76.9076 283.2295 13.16593726251229
ONEWEB-0284             
1 49002U 21060AM  26256.84346229 -.00000011  00000+0 -61796-4 0  9999
2 49002  87.9141 211.1694 0001745  75.8757 284.2567 13.16593984251266
ONEWEB-0285             
1 49075U 21075A   26256.64785621  .00000055  00000+0  11856-3 0  9993
2 49075  87.8987 333.1017 0001933 106.5857 253.5484 13.12445413246810
ONEWEB-0286             
1 49076U 21075B   26256.62992615 -.00000398  00000+0 -11426-2 0  9999
2 49076  87.8984 333.1141 0001971 105.5945 254.5401 13.12441691246167
ONEWEB-0287             
1 49077U 21075C   26256.70823929  .00000075  00000+0  15997-3 0  9998
2 49077  87.9206 348.2848 0001909 112.1763 247.9571 13.17648972245282
ONEWEB-0288             
1 49078U 21075D   26256.60634456  .00000112  00000+0  27700-3 0  9990
2 49078  87.8992 333.1030 0001758 105.0791 255.0533 13.12440350246783
ONEWEB-0289             
1 49079U 21075E   26256.51923138  .00000021  00000+0  21672-4 0  9991
2 49079  87.9193 348.3394 0001501  93.9114 266.2189 13.17650194245839
ONEWEB-0290             
1 49080U 21075F   26256.94784842  .00000008  00000+0 -11997-4 0  9992
2 49080  87.9211 348.2339 0001460  92.1185 268.0114 13.17650220245303
ONEWEB-0291             
1 49081U 21075G   26256.70486323  .00000077  00000+0  16525-3 0  9996
2 49081  87.9204 348.2830 0001615 109.4558 250.6748 13.17649179245266
ONEWEB-0293             
1 49082U 21075H   26256.50235563  .00000062  00000+0  12746-3 0  9998
2 49082  87.9204 348.3257 0001691 100.1744 259.9579 13.17650896245262
ONEWEB-0294             
1 49083U 21075J   26256.61314066 -.00000009  00000+0 -59732-4 0  9997
2 49083  87.8994 333.1065 0001599  95.3824 264.7487 13.12441291246173
ONEWEB-0295             
1 49084U 21075K   26257.00003472 -.00009096  00000+0 -23484-1 0  9995
2 49084  87.9203 348.2323 0001801 110.7432  92.7831 13.17647734  4972
ONEWEB-0296             
1 49085U 21075L   26256.51657256  .00000519  00000+0  14078-2 0  9995
2 49085  87.8987 333.1314 0001676 107.9682 252.1630 13.12442471246163
ONEWEB-0297             
1 49086U 21075M   26256.92824235 -.00000326  00000+0 -94255-3 0  9998
2 49086  87.8982 333.0531 0001863 102.8663 257.2674 13.12442175246828
ONEWEB-0298             
1 49087U 21075N   26256.27807434  .00000009  00000+0 -88023-5 0  9994
2 49087  87.9206 348.3724 0001960 102.6422 257.4929 13.17649706245223
ONEWEB-0299             
1 49088U 21075P   26256.65929244 -.00000003  00000+0 -40197-4 0  9995
2 49088  87.9213 348.2849 0001889 106.0342 254.0998 13.17649536245251
ONEWEB-0300             
1 49089U 21075Q   26256.92062421 -.00000141  00000+0 -42690-3 0  9993
2 49089  87.8994 333.0441 0002259 102.2267 257.9115 13.12441596246843
ONEWEB-0301             
1 49090U 21075R   26256.90454362  .00000484  00000+0  13091-2 0  9992
2 49090  87.8989 333.0435 0002227  99.2100 260.9280 13.12441490246208
ONEWEB-0302             
1 49091U 21075S   26256.20484315  .00000481  00000+0  13020-2 0  9996
2 49091  87.8986 333.1914 0001559  99.3926 260.7379 13.12442475246091
ONEWEB-0304             
1 49092U 21075T   26256.55805670  .00000071  00000+0  14927-3 0  9999
2 49092  87.9206 348.3190 0001810 104.9274 255.2058 13.17649770245219
ONEWEB-0305             
1 49093U 21075U   26256.55129538  .00000081  00000+0  17625-3 0  9991
2 49093  87.9207 348.3121 0001848 113.8327 246.2998 13.17650243245247
ONEWEB-0308             
1 49094U 21075V   26256.19806507  .00000380  00000+0  10202-2 0  9995
2 49094  87.8995 333.1897 0001894  99.2743 260.8600 13.12443335246108
ONEWEB-0309             
1 49095U 21075W   26256.70653514  .00000023  00000+0  24989-4 0  9994
2 49095  87.9202 348.2827 0001409  97.4300 262.6992 13.17647384245234
ONEWEB-0310             
1 49096U 21075X   26256.28955959  .00000456  00000+0  12330-2 0  9991
2 49096  87.8985 333.1852 0001890  98.8694 261.2649 13.12442119246743
ONEWEB-0311             
1 49097U 21075Y   26256.71329328  .00000047  00000+0  88650-4 0  9991
2 49097  87.9205 348.2815 0002023 113.9214 246.2130 13.17649284245285
ONEWEB-0312             
1 49098U 21075Z   26256.50065794  .00000027  00000+0  37090-4 0  9993
2 49098  87.9206 348.3339 0001708 109.7091 250.4225 13.17647660245237
ONEWEB-0313             
1 49099U 21075AA  26256.65747983 -.00000025  00000+0 -97430-4 0  9991
2 49099  87.9203 348.3065 0001874 104.9545 255.1794 13.17649660245242
ONEWEB-0314             
1 49100U 21075AB  26256.24418485  .00000071  00000+0  15051-3 0  9998
2 49100  87.9216 348.3714 0001671 112.1491 247.9818 13.17649973245160
ONEWEB-0315             
1 49101U 21075AC  26256.64362716 -.00000120  00000+0 -36774-3 0  9990
2 49101  87.8993 333.0861 0002113 108.9004 251.2354 13.12443875246770
ONEWEB-0316             
1 49102U 21075AD  26256.93445785  .00000001  00000+0 -31069-4 0  9991
2 49102  87.9173 317.8237 0001799  97.9217 262.2119 13.18684847248901
ONEWEB-0317             
1 49103U 21075AE  26256.49454224  .00000138  00000+0  34964-3 0  9997
2 49103  87.8984 333.1354 0001583  82.9992 277.1317 13.12446168246771
ONEWEB-0318             
1 49104U 21075AF  26256.62753757 -.00008621  00000+0 -21948-1 0  9999
2 49104  87.9132 317.8913 0001580 124.1625 235.9657 13.18598107248821
ONEWEB-0319             
1 49105U 21075AG  26256.71497705  .00000047  00000+0  87071-4 0  9992
2 49105  87.9204 348.2857 0002250 112.4372 247.6998 13.17651046245265
ONEWEB-0323             
1 49106U 21075AH  26256.62837657 -.00000401  00000+0 -11500-2 0  9995
2 49106  87.8994 333.0948 0002108 114.6764 245.4585 13.12442775246154
ONEWEB-0329             
1 49107U 21075AJ  26256.64748432 -.00000013  00000+0 -65507-4 0  9997
2 49107  87.9207 348.3006 0001813 105.6681 254.4651 13.17649779245237
ONEWEB-0330             
1 49108U 21075AK  26256.49911003  .00000124  00000+0  28694-3 0  9993
2 49108  87.9209 348.3433 0001763 103.7758 256.3569 13.17648244245259
ONEWEB-0292             
1 49186U 21083A   26256.53157452 -.00000163  00000+0 -48249-3 0  9996
2 49186  87.8924 302.6600 0002010  99.6492 260.4864 13.13468443242529
ONEWEB-0303             
1 49187U 21083B   26256.92756964  .00000058  00000+0  11519-3 0  9994
2 49187  87.9175 317.8265 0002014 102.4713 257.6645 13.18684244241671
ONEWEB-0306             
1 49188U 21083C   26256.91744664 -.00000247  00000+0 -65893-3 0  9994
2 49188  87.9175 317.8194 0001765  92.7035 267.4299 13.18685646241719
ONEWEB-0307             
1 49189U 21083D   26256.52562479 -.00000019  00000+0 -87811-4 0  9996
2 49189  87.8928 302.6589 0001893 100.0875 260.0467 13.13472162242520
ONEWEB-0320             
1 49190U 21083E   26256.55831431  .00000001  00000+0 -28987-4 0  9997
2 49190  87.9168 317.8997 0001914  97.2491 262.8858 13.18687023241628
ONEWEB-0321             
1 49191U 21083F   26256.53344759 -.00000061  00000+0 -18209-3 0  9990
2 49191  87.9136 256.8111 0002035  82.5499 277.5866 13.20773218248493
ONEWEB-0322             
1 49192U 21083G   26256.82612555  .00000137  00000+0  34040-3 0  9998
2 49192  87.8923 302.5991 0002061  83.9583 276.1781 13.13468977242557
ONEWEB-0324             
1 49193U 21083H   26256.22784273  .00000045  00000+0  80563-4 0  9990
2 49193  87.9178 317.9626 0001752  98.9438 261.1893 13.18686627241609
ONEWEB-0325             
1 49194U 21083J   26256.91408628  .00000091  00000+0  19869-3 0  9995
2 49194  87.9170 317.8261 0002036  98.3708 261.7655 13.18687411241701
ONEWEB-0326             
1 49195U 21083K   26256.62590690  .00000024  00000+0  28556-4 0  9995
2 49195  87.9176 317.8867 0002103 102.8890 257.2477 13.18686222241653
ONEWEB-0327             
1 49196U 21083L   26256.62563857  .00000021  00000+0  20540-4 0  9993
2 49196  87.9167 317.8853 0002304 102.7830 257.3560 13.18686164241676
ONEWEB-0328             
1 49197U 21083M   26256.51125603  .00000329  00000+0  86494-3 0  9995
2 49197  87.8933 302.6438 0001774  96.9697 263.1634 13.13468825242498
ONEWEB-0331             
1 49198U 21083N   26256.61902858 -.00000025  00000+0 -96174-4 0  9994
2 49198  87.9175 317.8837 0002052 106.9777 253.1580 13.18686101241661
ONEWEB-0333             
1 49199U 21083P   26256.12529851  .00000360  00000+0  95202-3 0  9999
2 49199  87.8927 302.7384 0001976  98.2979 261.8374 13.13470815242450
ONEWEB-0334             
1 49200U 21083Q   26256.92655761 -.00000031  00000+0 -10717-3 0  9995
2 49200  87.9138 256.7429 0002206  68.9665 291.1704 13.20772386248500
ONEWEB-0335             
1 49201U 21083R   26256.57728006  .00000350  00000+0  92375-3 0  9992
2 49201  87.8921 302.6458 0001964 101.2472 258.8878 13.13469817242522
ONEWEB-0336             
1 49202U 21083S   26256.85321115  .00001963  00000+0  53414-2 0  9995
2 49202  87.8925 302.5851 0002415 101.2725 258.8676 13.13457099242554
ONEWEB-0337             
1 49203U 21083T   26256.55852133 -.00000077  00000+0 -24535-3 0  9992
2 49203  87.8923 302.6501 0001773  99.7363 260.3966 13.13469690242517
ONEWEB-0338             
1 49204U 21083U   26256.44927220 -.00000001  00000+0 -33339-4 0  9991
2 49204  87.9138 256.8398 0002032  79.0531 281.0831 13.20770732248469
ONEWEB-0339             
1 49205U 21083V   26256.56711580  .00000167  00000+0  42352-3 0  9990
2 49205  87.8924 302.6415 0001974  91.6065 268.5290 13.13470105242497
ONEWEB-0340             
1 49206U 21083W   26256.90902094  .00000039  00000+0  66297-4 0  9994
2 49206  87.9170 317.8301 0001948 102.5879 257.5471 13.18687487241665
ONEWEB-0341             
1 49207U 21083X   26256.61226636  .00000026  00000+0  33692-4 0  9993
2 49207  87.9171 317.8885 0001492 106.3609 253.7687 13.18686999241643
ONEWEB-0342             
1 49208U 21083Y   26256.53175952 -.00000045  00000+0 -14306-3 0  9992
2 49208  87.9134 256.8134 0001959  86.3432 273.7926 13.20770184248447
ONEWEB-0343             
1 49209U 21083Z   26256.62070169  .00000048  00000+0  89634-4 0  9995
2 49209  87.9171 317.8860 0001792  86.0906 274.0431 13.18686888241690
ONEWEB-0344             
1 49210U 21083AA  26256.86674277 -.00000082  00000+0 -25875-3 0  9999
2 49210  87.8921 302.5943 0001546 102.9246 257.2056 13.13468544242531
ONEWEB-0345             
1 49211U 21083AB  26256.55357564 -.00000213  00000+0 -61762-3 0  9994
2 49211  87.8929 302.6458 0001606  98.4438 261.6873 13.13469896242505
ONEWEB-0346             
1 49212U 21083AC  26256.92082640  .00000009  00000+0 -99829-5 0  9995
2 49212  87.9174 317.8256 0002292 113.0798 247.0576 13.18686745241672
ONEWEB-0348             
1 49213U 21083AD  26256.97622230  .00000007  00000+0 -15486-4 0  9990
2 49213  87.9136 256.7300 0001843 103.8850 256.2488 13.20771472248530
ONEWEB-0350             
1 49214U 21083AE  26256.87705769  .00000062  00000+0  13395-3 0  9995
2 49214  87.8922 302.5839 0002856  83.5804 276.5650 13.13468475242570
ONEWEB-0351             
1 49215U 21083AF  26256.96932840  .00000002  00000+0 -26509-4 0  9995
2 49215  87.9135 256.7307 0001613  72.3859 287.7450 13.20770229248494
ONEWEB-0352             
1 49216U 21083AG  26256.54341111 -.00000272  00000+0 -77887-3 0  9999
2 49216  87.8925 302.6536 0001754  83.9811 276.1518 13.13468720242626
ONEWEB-0354             
1 49217U 21083AH  26256.76914987 -.00000022  00000+0 -85209-4 0  9992
2 49217  87.9135 256.7686 0001691 101.1295 259.0029 13.20770464248504
ONEWEB-0355             
1 49218U 21083AJ  26256.87774693  .00000206  00000+0  52966-3 0  9998
2 49218  87.8920 302.5878 0001722  93.3044 266.8282 13.13469850242549
ONEWEB-0357             
1 49219U 21083AK  26256.53848603 -.00000072  00000+0 -20813-3 0  9994
2 49219  87.9134 256.8083 0001730  86.5800 273.5532 13.20774177248470
ONEWEB-0332             
1 49279U 21090A   26256.97267057  .00000079  00000+0  17832-3 0  9996
2 49279  87.8898 272.0025 0001988  85.7823 274.3533 13.14503106239249
ONEWEB-0347             
1 49280U 21090B   26256.52838991 -.00000027  00000+0 -98140-4 0  9997
2 49280  87.9137 256.8183 0002141  84.5670 275.5707 13.20770352242709
ONEWEB-0349             
1 49281U 21090C   26256.93920102 -.00000085  00000+0 -23999-3 0  9992
2 49281  87.9134 256.7368 0001998  89.5424 270.5938 13.20772535241549
ONEWEB-0353             
1 49282U 21090D   26256.73670772  .00000205  00000+0  51862-3 0  9998
2 49282  87.8897 272.0469 0002070  86.6134 273.5233 13.14504130239215
ONEWEB-0356             
1 49283U 21090E   26256.93749696  .00000064  00000+0  12639-3 0  9995
2 49283  87.9138 256.7310 0002716  98.0217 262.1225 13.20772377241546
ONEWEB-0358             
1 49284U 21090F   26256.97367503  .00000013  00000+0 -18224-6 0  9997
2 49284  87.9136 256.7318 0002006  93.2257 266.9106 13.20769974242276
ONEWEB-0359             
1 49285U 21090G   26256.96441721  .00000088  00000+0  18373-3 0  9995
2 49285  87.9137 256.7252 0001976  95.1725 264.9634 13.20770319242258
ONEWEB-0360             
1 49286U 21090H   26256.95433634  .00000114  00000+0  24890-3 0  9990
2 49286  87.9133 256.7334 0001867  88.6948 271.4399 13.20772012241565
ONEWEB-0361             
1 49287U 21090J   26256.93580579  .00000010  00000+0 -77828-5 0  9997
2 49287  87.9137 256.7358 0001974  92.8939 267.2420 13.20773015242015
ONEWEB-0362             
1 49288U 21090K   26256.80706725 -.00000050  00000+0 -15604-3 0  9994
2 49288  87.9113 287.3223 0001732  89.2751 270.8580 13.19725438238606
ONEWEB-0363             
1 49289U 21090L   26256.95097131  .00000073  00000+0  14738-3 0  9995
2 49289  87.9134 256.7328 0002243  94.4296 265.7094 13.20771455242022
ONEWEB-0364             
1 49290U 21090M   26256.53511662 -.00000066  00000+0 -19547-3 0  9998
2 49290  87.9134 256.8232 0001970  88.2300 271.9059 13.20773800243108
ONEWEB-0365             
1 49291U 21090N   26256.58908464  .00000003  00000+0 -23917-4 0  9991
2 49291  87.9115 287.3596 0001897  93.0063 267.1287 13.19726356238081
ONEWEB-0366             
1 49292U 21090P   26256.80944338  .00000227  00000+0  57831-3 0  9995
2 49292  87.8897 272.0338 0001893  92.7779 267.3568 13.14503564239207
ONEWEB-0367             
1 49293U 21090Q   26256.95011422  .00000081  00000+0  16659-3 0  9992
2 49293  87.9136 256.7352 0001926  84.3235 275.8118 13.20772797241549
ONEWEB-0368             
1 49294U 21090R   26256.69676751  .00000039  00000+0  63666-4 0  9990
2 49294  87.9138 256.7896 0002673  84.1516 275.9922 13.20772346242663
ONEWEB-0369             
1 49295U 21090S   26256.58436212  .00000058  00000+0  11273-3 0  9992
2 49295  87.9111 287.3634 0002343  95.6462 264.4938 13.19726347238074
ONEWEB-0370             
1 49296U 21090T   26256.95938999  .00000068  00000+0  13565-3 0  9990
2 49296  87.9136 256.7316 0001689  90.4831 269.6495 13.20771648241585
ONEWEB-0371             
1 49297U 21090U   26256.81970896  .00000022  00000+0  21392-4 0  9996
2 49297  87.9114 287.3130 0002179  94.6622 265.4759 13.19726058238143
ONEWEB-0372             
1 49298U 21090V   26256.94912980  .00000094  00000+0  19887-3 0  9995
2 49298  87.9136 256.7362 0002018  88.2895 271.8469 13.20770400241558
ONEWEB-0373             
1 49299U 21090W   26256.97452140  .00000003  00000+0 -25558-4 0  9990
2 49299  87.9137 256.7300 0001936  92.0534 268.0821 13.20772920242744
ONEWEB-0374             
1 49300U 21090X   26256.56754587  .00000247  00000+0  63300-3 0  9993
2 49300  87.8905 272.0760 0002287 104.6294 255.5089 13.14502218239177
ONEWEB-0375             
1 49301U 21090Y   26256.96273720  .00000049  00000+0  87532-4 0  9997
2 49301  87.9134 256.7248 0002293 101.9634 258.1756 13.20772920242246
ONEWEB-0376             
1 49302U 21090Z   26256.51484122  .00000093  00000+0  19923-3 0  9996
2 49302  87.9112 287.3732 0001979  87.3381 272.7978 13.19726504238100
ONEWEB-0377             
1 49303U 21090AA  26256.94942615  .00000068  00000+0  13606-3 0  9994
2 49303  87.9136 256.7296 0002203  95.5419 264.5965 13.20772929242234
ONEWEB-0378             
1 49304U 21090AB  26256.96962535  .00000034  00000+0  51750-4 0  9996
2 49304  87.9137 256.7285 0002117  90.1015 270.0361 13.20772072241501
ONEWEB-0379             
1 49305U 21090AC  26256.79082322  .00000078  00000+0  17527-3 0  9996
2 49305  87.8894 272.0390 0002083  92.2834 267.8534 13.14499768239204
ONEWEB-0380             
1 49306U 21090AD  26256.58751660 -.00000020  00000+0 -82985-4 0  9992
2 49306  87.9110 287.3598 0001889  98.8611 261.2736 13.19725385238083
ONEWEB-0381             
1 49307U 21090AE  26256.94591561  .00000074  00000+0  15001-3 0  9996
2 49307  87.9136 256.7355 0002102  95.3942 264.7431 13.20772189241542
ONEWEB-0382             
1 49308U 21090AF  26256.93244623  .00000021  00000+0  19907-4 0  9992
2 49308  87.9136 256.7321 0002228  94.1701 265.9687 13.20773105241539
ONEWEB-0383             
1 49309U 21090AG  26256.55568628  .00000017  00000+0  12339-4 0  9992
2 49309  87.8897 272.0792 0002093  93.5228 266.6141 13.14501948239204
ONEWEB-0384             
1 49310U 21090AH  26256.53935972 -.00000012  00000+0 -62332-4 0  9997
2 49310  87.9136 256.8533 0002449  93.9932 266.1482 13.20817925241496
ONEWEB-0385             
1 49311U 21090AJ  26256.69842167  .00000000  00000+0 -32179-4 0  9990
2 49311  87.9135 256.7831 0002091  92.0602 268.0771 13.20770598241488
ONEWEB-0386             
1 49312U 21090AK  26256.94259592 -.00009119  00000+0 -22502-1 0  9990
2 49312  87.9172 256.7317 0003441  70.0422 290.1082 13.20716143241538
ONEWEB-0387             
1 49313U 21090AL  26256.54860937  .00000029  00000+0  40430-4 0  9990
2 49313  87.9137 256.8222 0001949  99.1242 261.0112 13.20772595241487
ONEWEB-0388             
1 49314U 21090AM  26256.58275799  .00000114  00000+0  25129-3 0  9993
2 49314  87.9109 287.3585 0002040  95.4088 264.7278 13.19726870238075
ONEWEB-0389             
1 50469U 21132A   26256.51250127 -.00000024  00000+0 -95894-4 0  9993
2 50469  87.9208 348.3268 0002134 103.5652 256.5718 13.17650431229712
ONEWEB-0390             
1 50470U 21132B   26256.28635905  .00000053  00000+0  10416-3 0  9996
2 50470  87.9203 348.3724 0001627 102.6928 257.4386 13.17650597229688
ONEWEB-0391             
1 50471U 21132C   26256.28805948  .00000052  00000+0  10078-3 0  9996
2 50471  87.9203 348.3818 0001934 126.3516 233.7794 13.17649771229682
ONEWEB-0392             
1 50472U 21132D   26256.24248406  .00000062  00000+0  12680-3 0  9995
2 50472  87.9213 348.3657 0001974 112.7789 247.3551 13.17650297229711
ONEWEB-0393             
1 50473U 21132E   26256.67362248 -.00002793  00000+0 -72277-2 0  9996
2 50473  87.9202 348.2900 0001945 106.9527 253.1818 13.17663360229764
ONEWEB-0394             
1 50474U 21132F   26256.57013207 -.00000007  00000+0 -50642-4 0  9994
2 50474  87.9176 317.8850 0002089  99.4997 260.6371 13.18685971233246
ONEWEB-0395             
1 50475U 21132G   26256.74774603  .00000600  00000+0  16560-2 0  9994
2 50475  87.8967   3.4572 0001624 102.1510 257.9800 13.11417356227321
ONEWEB-0396             
1 50476U 21132H   26256.63926260 -.00000020  00000+0 -84331-4 0  9992
2 50476  87.9174 317.8832 0002097 102.7924 257.3443 13.18687455233290
ONEWEB-0397             
1 50477U 21132J   26256.88207063  .00000064  00000+0  12944-3 0  9999
2 50477  87.9172 317.8354 0002190  99.9684 260.1696 13.18686074233302
ONEWEB-0398             
1 50478U 21132K   26256.71537751 -.00000497  00000+0 -14383-2 0  9992
2 50478  87.8969   3.4612 0001487 102.5990 257.5304 13.11416847227211
ONEWEB-0399             
1 50479U 21132L   26256.32033178 -.00000435  00000+0 -12625-2 0  9993
2 50479  87.8965   3.5460 0002102 112.3488 247.7863 13.11416371227152
ONEWEB-0400             
1 50480U 21132M   26256.93602301  .00000006  00000+0 -18011-4 0  9992
2 50480  87.9176 317.8158 0001790  98.5720 261.5615 13.18686060233304
ONEWEB-0401             
1 50481U 21132N   26256.90566303  .00000086  00000+0  18506-3 0  9996
2 50481  87.9176 317.8200 0002164  94.6591 265.4788 13.18684555233303
ONEWEB-0402             
1 50482U 21132P   26256.86856893  .00000004  00000+0 -21952-4 0  9999
2 50482  87.9176 317.8148 0002404  93.1774 266.9633 13.18687565233320
ONEWEB-0403             
1 50483U 21132Q   26256.43861175 -.00000040  00000+0 -13356-3 0  9991
2 50483  87.9176 317.9240 0002005 101.6739 258.4618 13.18686194233223
ONEWEB-0404             
1 50484U 21132R   26256.30168804  .00000368  00000+0  10025-2 0  9997
2 50484  87.8967   3.5484 0001853 113.1492 246.9831 13.11415721227246
ONEWEB-0405             
1 50485U 21132S   26256.90735902 -.00000020  00000+0 -82253-4 0  9994
2 50485  87.9179 317.8189 0001505  95.7664 264.3640 13.18685665233686
ONEWEB-0406             
1 50486U 21132T   26256.89892963  .00000047  00000+0  87458-4 0  9993
2 50486  87.9172 317.8316 0002117 112.8918 247.2438 13.18686827233311
ONEWEB-0407             
1 50487U 21132U   26256.58866826  .00000041  00000+0  70064-4 0  9998
2 50487  87.9179 317.8890 0001947  92.1555 267.9800 13.18686982233216
ONEWEB-0409             
1 50488U 21132V   26256.29999229  .00000414  00000+0  11326-2 0  9999
2 50488  87.8971   3.5404 0001737 111.1832 248.9481 13.11415250227132
ONEWEB-0412             
1 50489U 21132W   26256.88038262  .00000010  00000+0 -73537-5 0  9994
2 50489  87.9172 317.8352 0002250  94.2573 265.8816 13.18685723233345
ONEWEB-0413             
1 50490U 21132X   26256.58190770  .00000018  00000+0  12921-4 0  9992
2 50490  87.9178 317.8931 0002151  91.2266 268.9113 13.18687430233242
ONEWEB-0414             
1 50491U 21132Y   26256.56675635 -.00000020  00000+0 -82530-4 0  9997
2 50491  87.9175 317.8815 0002123  97.9918 262.1456 13.18686184233271
ONEWEB-0417             
1 50492U 21132Z   26256.57517414 -.00000013  00000+0 -65224-4 0  9992
2 50492  87.9173 317.8942 0001936 105.4304 254.7043 13.18687221233256
ONEWEB-0418             
1 50493U 21132AA  26256.58516252 -.00000002  00000+0 -38796-4 0  9995
2 50493  87.9172 317.8941 0001908 110.1333 250.0004 13.18687002233319
ONEWEB-0419             
1 50494U 21132AB  26256.91771664  .00000379  00000+0  95039-3 0  9990
2 50494  87.9179 317.8359 0001721 111.0552 249.0763 13.17082457233273
ONEWEB-0420             
1 50495U 21132AC  26256.56844210  .00000030  00000+0  43432-4 0  9995
2 50495  87.9169 317.8959 0001935  92.8906 267.2448 13.18686825233222
ONEWEB-0421             
1 50496U 21132AD  26256.86520742 -.00000033  00000+0 -11657-3 0  9998
2 50496  87.9171 317.8368 0002334  99.4994 260.6402 13.18687183233308
ONEWEB-0424             
1 50497U 21132AE  26256.90229889  .00000059  00000+0  11650-3 0  9991
2 50497  87.9173 317.8308 0001617 101.2316 258.8998 13.18685796233338
ONEWEB-0426             
1 50498U 21132AF  26257.00003472  .00034271  00000+0  86584-1 0  9991
2 50498  87.9179 317.7976 0002558 113.1048 215.1690 13.18673915  5213
ONEWEB-0427             
1 50499U 21132AG  26256.21772600  .00000005  00000+0 -20522-4 0  9992
2 50499  87.9176 317.9492 0001971 104.7326 255.4025 13.18685661233212
ONEWEB-0429             
1 50500U 21132AH  26256.88710578  .00000009  00000+0 -11019-4 0  9999
2 50500  87.9170 317.8337 0001976  94.0522 266.0836 13.18687233233271
ONEWEB-0430             
1 50501U 21132AJ  26256.64767992  .00000069  00000+0  14161-3 0  9991
2 50501  87.9168 317.8803 0001875  90.2352 269.8995 13.18687137233285
ONEWEB-0432             
1 50502U 21132AK  26256.93419555  .00000003  00000+0 -25993-4 0  9998
2 50502  87.9176 317.8139 0001514  93.4542 266.6763 13.18686102233271
ONEWEB-0440             
1 50503U 21132AL  26256.44027369  .00000087  00000+0  18763-3 0  9990
2 50503  87.9172 317.9224 0002222  93.0376 267.1011 13.18687745233201
ONEWEB-0450             
1 50504U 21132AM  26256.58544234  .00000026  00000+0  33072-4 0  9995
2 50504  87.9172 317.8915 0001930  92.6179 267.5174 13.18686859233253
ONEWEB-0410             
1 51622U 22012A   26256.68291074  .00000016  00000+0  86823-5 0  9999
2 51622  87.9201 348.2880 0002596 130.2236 229.9123 13.17650694225354
ONEWEB-0411             
1 51623U 22012B   26256.74073146 -.00000295  00000+0 -88168-3 0  9998
2 51623  87.8896  18.6400 0001383  86.8423 273.2862 13.10369180220882
ONEWEB-0415             
1 51624U 22012C   26256.58462887 -.00000087  00000+0 -28550-3 0  9993
2 51624  87.8899  18.6669 0001366 105.0578 255.0701 13.10369474220863
ONEWEB-0416             
1 51625U 22012D   26256.59651450 -.00000516  00000+0 -15149-2 0  9997
2 51625  87.8893  18.6770 0001370 104.0454 256.0826 13.10371764220907
ONEWEB-0422             
1 51626U 22012E   26256.23741904  .00000050  00000+0  94887-4 0  9992
2 51626  87.9204 348.3740 0002126  84.7802 275.3572 13.17647387225402
ONEWEB-0423             
1 51627U 22012F   26256.68629026  .00000014  00000+0  20636-5 0  9994
2 51627  87.9201 348.2886 0001940 103.2188 256.9160 13.17647751225354
ONEWEB-0425             
1 51628U 22012G   26256.37760874 -.00000586  00000+0 -17141-2 0  9998
2 51628  87.8903  18.7073 0001802 113.7329 246.3988 13.10374408220872
ONEWEB-0428             
1 51629U 22012H   26256.73905931 -.00000209  00000+0 -63453-3 0  9994
2 51629  87.8890  18.6392 0001732 100.1740 259.9583 13.10369213220880
ONEWEB-0431             
1 51630U 22012J   26256.32658423  .00000644  00000+0  18085-2 0  9993
2 51630  87.8902  18.7172 0001366  82.3959 277.7323 13.10375007220887
ONEWEB-0434             
1 51631U 22012K   26256.76293984 -.00000498  00000+0 -14621-2 0  9990
2 51631  87.8902  18.6570 0002038 118.6016 241.5317 13.10374269220929
ONEWEB-0435             
1 51632U 22012L   26256.38780597 -.00000109  00000+0 -34983-3 0  9993
2 51632  87.8897  18.7127 0001777  88.3741 271.7589 13.10376714220865
ONEWEB-0436             
1 51633U 22012M   26256.29818125 -.00000046  00000+0 -15267-3 0  9997
2 51633  87.9212 348.3534 0002034  94.8778 265.2586 13.17649071225283
ONEWEB-0438             
1 51634U 22012N   26256.75439108 -.00013522  00000+0 -38871-1 0  9996
2 51634  87.8857  18.6383 0001774 110.2461 249.8857 13.10298504220940
ONEWEB-0439             
1 51635U 22012P   26256.29955787 -.00000512  00000+0 -15028-2 0  9997
2 51635  87.8903  18.7237 0001821 102.8274 257.3057 13.10374352220867
ONEWEB-0442             
1 51636U 22012Q   26256.51839007  .00000041  00000+0  72665-4 0  9996
2 51636  87.9206 348.3353 0002070 117.0314 243.1029 13.17650417225308
ONEWEB-0443             
1 51637U 22012R   26256.30998371  .00000050  00000+0  95966-4 0  9993
2 51637  87.9198 348.3772 0002212 100.2958 259.8423 13.17650076225325
ONEWEB-0444             
1 51638U 22012S   26256.36573043 -.00000551  00000+0 -16155-2 0  9994
2 51638  87.8899  18.7097 0001901  99.1059 261.0283 13.10371174220880
ONEWEB-0445             
1 51639U 22012T   26256.76788355 -.00000314  00000+0 -93619-3 0  9991
2 51639  87.8906  18.6223 0001596 101.6133 258.5174 13.10376525220944
ONEWEB-0446             
1 51640U 22012U   26256.74582304 -.00000492  00000+0 -14469-2 0  9999
2 51640  87.8890  18.6482 0001442 107.0776 253.0509 13.10370090220929
ONEWEB-0448             
1 51641U 22012V   26256.36913567 -.00000608  00000+0 -17795-2 0  9991
2 51641  87.8892  18.7183 0001726 101.0482 259.0839 13.10372081220849
ONEWEB-0449             
1 51642U 22012W   26256.75598950 -.00000644  00000+0 -18815-2 0  9994
2 51642  87.8903  18.6327 0001782 116.6539 243.4771 13.10372129220901
ONEWEB-0451             
1 51643U 22012X   26256.67447781  .00000005  00000+0 -20084-4 0  9994
2 51643  87.9215 348.2779 0002002 106.3873 253.7479 13.17648673225311
ONEWEB-0452             
1 51644U 22012Y   26256.67279784 -.00000008  00000+0 -53343-4 0  9999
2 51644  87.9197 348.3050 0002229 105.9954 254.1424 13.17647903225321
ONEWEB-0456             
1 51646U 22012AA  26256.76449436 -.00000427  00000+0 -12605-2 0  9993
2 51646  87.8906  18.6242 0001781  95.2614 264.8717 13.10375592220947
ONEWEB-0457             
1 51647U 22012AB  26256.36050631 -.00000376  00000+0 -11141-2 0  9992
2 51647  87.8897  18.7146 0001456 110.9999 249.1284 13.10371426220892
ONEWEB-0458             
1 51648U 22012AC  26256.37344272 -.00000492  00000+0 -14136-2 0  9997
2 51648  87.8896  18.6971 0001941 102.4491 257.6854 13.11898257220859
ONEWEB-0461             
1 51649U 22012AD  26256.54285909  .00000097  00000+0  21740-3 0  9997
2 51649  87.9204 348.3144 0001756 103.8973 256.2354 13.17650535225523
ONEWEB-0463             
1 51650U 22012AE  26256.67616703  .00000024  00000+0  28207-4 0  9999
2 51650  87.9199 348.3044 0001739 104.0357 256.0968 13.17650237225323
ONEWEB-0464             
1 51651U 22012AF  26256.37930976 -.00000571  00000+0 -16714-2 0  9995
2 51651  87.8894  18.7178 0002000  95.9956 264.1399 13.10375228220876
ONEWEB-0468             
1 51652U 22012AG  26256.76619515 -.00000353  00000+0 -10474-2 0  9997
2 51652  87.8895  18.6341 0001885  95.4426 264.6916 13.10375951220903
ONEWEB-0473             
1 51653U 22012AH  26256.37081844 -.00000644  00000+0 -18819-2 0  9997
2 51653  87.8892  18.7138 0001711  97.8198 262.3124 13.10372096220853
ONEWEB-0474             
1 51654U 22012AJ  26256.74414982  .00000192  00000+0  51509-3 0  9992
2 51654  87.8902  18.6329 0001853  96.2189 263.9150 13.10369111220891
ONEWEB-0475             
1 51655U 22012AK  26256.53611594  .00000113  00000+0  25853-3 0  9994
2 51655  87.9202 348.3271 0002449  93.0488 267.0924 13.17648544225328
ONEWEB-0490             
1 54113U 22138A   26256.53694411  .00000026  00000+0  32819-4 0  9998
2 54113  87.9113 287.3694 0001943  87.4064 272.7291 13.19727128188480
ONEWEB-0492             
1 54114U 22138B   26256.56223977  .00000046  00000+0  83287-4 0  9994
2 54114  87.9122 287.3639 0001801  87.7823 272.3516 13.19726149188498
ONEWEB-0495             
1 54115U 22138C   26256.54013138  .00000027  00000+0  34123-4 0  9993
2 54115  87.9110 287.3680 0002175  76.9753 283.1622 13.19725467188477
ONEWEB-0497             
1 54116U 22138D   26256.78021189  .00000001  00000+0 -30184-4 0  9991
2 54116  87.9121 287.3184 0001964  90.2248 269.9110 13.19726489188493
ONEWEB-0499             
1 54117U 22138E   26256.53615457  .00000066  00000+0  13166-3 0  9992
2 54117  87.9113 287.3706 0002089  88.2689 271.8683 13.19727752188479
ONEWEB-0500             
1 54118U 22138F   26256.84178799 -.00000012  00000+0 -63115-4 0  9993
2 54118  87.9114 287.3080 0001844  91.0366 269.0978 13.19720598188521
ONEWEB-0501             
1 54119U 22138G   26256.79601725  .00000031  00000+0  45542-4 0  9991
2 54119  87.9114 287.3180 0002117  81.5957 278.5416 13.19725745188494
ONEWEB-0502             
1 54120U 22138H   26256.78178284  .00000049  00000+0  89438-4 0  9992
2 54120  87.9119 287.3114 0002117  88.1356 272.0019 13.19726999188517
ONEWEB-0503             
1 54121U 22138J   26256.84654232 -.00000106  00000+0 -29673-3 0  9992
2 54121  87.9120 287.3051 0002179  97.6958 262.4423 13.19726306188515
ONEWEB-0504             
1 54122U 22138K   26256.53065698  .00000021  00000+0  20275-4 0  9995
2 54122  87.9115 287.3711 0002132  88.8803 271.2574 13.19725626188488
ONEWEB-0505             
1 54123U 22138L   26256.52749868 -.00000022  00000+0 -86731-4 0  9995
2 54123  87.9116 287.3712 0002207  82.3682 277.7701 13.19725949188467
ONEWEB-0506             
1 54124U 22138M   26256.57804608  .00000068  00000+0  13739-3 0  9990
2 54124  87.9117 287.3609 0002099  84.3274 275.8098 13.19725364188461
ONEWEB-0507             
1 54125U 22138N   26256.82601576 -.00000015  00000+0 -69908-4 0  9992
2 54125  87.9108 287.3160 0001992  87.2795 272.8566 13.19725579188549
ONEWEB-0508             
1 54126U 22138P   26256.51957112 -.00000250  00000+0 -65672-3 0  9993
2 54126  87.9110 287.3769 0002016  83.7930 276.3432 13.19724686188480
ONEWEB-0509             
1 54127U 22138Q   26256.79757693  .00000118  00000+0  26267-3 0  9994
2 54127  87.9118 287.3185 0001890  89.6106 270.5244 13.19724665188495
ONEWEB-0510             
1 54128U 22138R   26256.54017368 -.00000215  00000+0 -55997-3 0  9998
2 54128  87.9134 256.8111 0001910 100.9070 259.2278 13.20771205190942
ONEWEB-0511             
1 54129U 22138S   26256.56696011 -.00000169  00000+0 -45577-3 0  9990
2 54129  87.9114 287.3637 0002198  93.6977 266.4407 13.19725011188499
ONEWEB-0512             
1 54130U 22138T   26256.78651054 -.00000105  00000+0 -29355-3 0  9990
2 54130  87.9111 287.3209 0002161  85.6817 274.4562 13.19726683188494
ONEWEB-0513             
1 54131U 22138U   26256.52842167  .00000027  00000+0  35852-4 0  9991
2 54131  87.9114 287.3041 0002786  82.8864 277.2586 13.20260750188370
ONEWEB-0514             
1 54132U 22138V   26256.57486392  .00000106  00000+0  23210-3 0  9993
2 54132  87.9115 287.3622 0001892  96.9917 263.1431 13.19726938188487
ONEWEB-0515             
1 54133U 22138W   26256.52673064 -.00000040  00000+0 -13036-3 0  9997
2 54133  87.9139 256.8123 0001161 100.7289 259.3975 13.20771611190962
ONEWEB-0516             
1 54134U 22138X   26256.85286735 -.00000024  00000+0 -93252-4 0  9990
2 54134  87.9112 287.3085 0001870  89.1599 270.9748 13.19725914188520
ONEWEB-0517             
1 54135U 22138Y   26256.52908013 -.00000012  00000+0 -61735-4 0  9993
2 54135  87.9117 287.3701 0002188  97.6811 262.4570 13.19725025188482
ONEWEB-0518             
1 54136U 22138Z   26256.54800634 -.00000024  00000+0 -91718-4 0  9993
2 54136  87.9113 287.3706 0001787  88.8925 271.2412 13.19723969188484
ONEWEB-0519             
1 54137U 22138AA  26256.80074586  .00000029  00000+0  39643-4 0  9994
2 54137  87.9114 287.3164 0002103  96.7420 263.3952 13.19726171188529
ONEWEB-0520             
1 54138U 22138AB  26256.53223635  .00000029  00000+0  39840-4 0  9995
2 54138  87.9115 287.3716 0002014  85.5400 274.5962 13.19725284188472
ONEWEB-0521             
1 54139U 22138AC  26256.79285700  .00000025  00000+0  29220-4 0  9992
2 54139  87.9121 287.3111 0002069  98.6570 261.4797 13.19725617188451
ONEWEB-0522             
1 54140U 22138AD  26256.84813435  .00000028  00000+0  36566-4 0  9996
2 54140  87.9120 287.3018 0002042  89.9024 270.2343 13.19726650188505
ONEWEB-0523             
1 54141U 22138AE  26256.96779634  .00000039  00000+0  64467-4 0  9995
2 54141  87.9136 256.7318 0001713 113.0261 247.1053 13.20772571191029
ONEWEB-0524             
1 54142U 22138AF  26256.95769113  .00000083  00000+0  17258-3 0  9990
2 54142  87.9136 256.7299 0001092  88.5561 271.5698 13.20772739191029
ONEWEB-0525             
1 54143U 22138AG  26256.79125177  .00000042  00000+0  73589-4 0  9994
2 54143  87.9117 287.3188 0001989  81.6696 278.4662 13.19723897188510
ONEWEB-0526             
1 54144U 22138AH  26256.52115671  .00000011  00000+0 -48563-5 0  9996
2 54144  87.9116 287.3728 0001885  89.1949 270.9400 13.19723864188453
ONEWEB-0529             
1 54145U 22138AJ  26256.82760226  .00000029  00000+0  40886-4 0  9999
2 54145  87.9111 287.3149 0001983  86.4658 273.6701 13.19725162188516
ONEWEB-0531             
1 54146U 22138AK  26256.94423483  .00000071  00000+0  14346-3 0  9992
2 54146  87.9135 256.7302 0001740 105.3272 254.8054 13.20772786191026
ONEWEB-0535             
1 54147U 22138AL  26256.78495706  .00000048  00000+0  87868-4 0  9996
2 54147  87.9122 287.3148 0001902 102.1029 258.0317 13.19726227188522
ONEWEB-0536             
1 54148U 22138AM  26256.70348093  .00000071  00000+0  14188-3 0  9995
2 54148  87.9135 256.7925 0001240 113.6374 246.4890 13.20773400190982
ONEWEB-0527             
1 54642U 22166A   26256.89283829 -.00000024  00000+0 -89552-4 0  9998
2 54642  87.9263 226.3366 0002082  80.6775 279.4594 13.21826113183258
ONEWEB-0528             
1 54643U 22166B   26256.89367447  .00000006  00000+0 -15940-4 0  9997
2 54643  87.9265 226.3399 0002083  76.3228 283.8138 13.21825720183260
ONEWEB-0539             
1 54644U 22166C   26256.62873924  .00000077  00000+0  15544-3 0  9997
2 54644  87.9273 226.3698 0002250  84.5522 275.5868 13.21826970183228
ONEWEB-0540             
1 54645U 22166D   26256.63559209  .00000050  00000+0  89465-4 0  9991
2 54645  87.9265 226.3928 0002110  84.8737 275.2638 13.21823986183217
ONEWEB-0542             
1 54646U 22166E   26256.86592585  .00000035  00000+0  53210-4 0  9993
2 54646  87.9272 226.3227 0002329  86.1273 274.0128 13.21826173183256
ONEWEB-0545             
1 54647U 22166F   26256.67919875 -.00000105  00000+0 -28619-3 0  9992
2 54647  87.9264 226.3649 0002493  92.6665 267.4755 13.21827404183198
ONEWEB-0580             
1 54648U 22166G   26256.88106139  .00000033  00000+0  47329-4 0  9995
2 54648  87.9265 226.3243 0002229  92.3013 267.8377 13.21825165183265
ONEWEB-0582             
1 54649U 22166H   26256.39323155  .00000065  00000+0  12678-3 0  9994
2 54649  87.9269 226.4159 0002427  90.4521 269.6891 13.21827449183178
ONEWEB-0583             
1 54650U 22166J   26256.63209988  .00000042  00000+0  69671-4 0  9991
2 54650  87.9265 226.3895 0002159  84.2224 275.9156 13.21824844183210
ONEWEB-0584             
1 54651U 22166K   26256.65227806 -.00000007  00000+0 -48082-4 0  9999
2 54651  87.9262 226.3689 0002095  85.1785 274.9588 13.21824375183206
ONEWEB-0585             
1 54652U 22166L   26256.44873906 -.00000066  00000+0 -19146-3 0  9998
2 54652  87.9269 226.4020 0001993  78.3534 281.7824 13.21827514183180
ONEWEB-0586             
1 54653U 22166M   26256.46220639  .00000015  00000+0  42650-5 0  9990
2 54653  87.9264 226.4219 0002286  87.1987 272.9408 13.21824641183180
ONEWEB-0587             
1 54654U 22166N   26256.62369959 -.00000018  00000+0 -74644-4 0  9990
2 54654  87.9275 226.3720 0001868  73.9915 286.1425 13.21826046183365
ONEWEB-0589             
1 54655U 22166P   26256.38314928 -.00000014  00000+0 -66387-4 0  9991
2 54655  87.9263 226.4211 0002621  99.6352 260.5078 13.21826347183192
ONEWEB-0590             
1 54656U 22166Q   26256.63531915  .00000080  00000+0  16300-3 0  9997
2 54656  87.9273 226.3694 0001728  91.5176 268.6156 13.21824087183218
ONEWEB-0591             
1 54657U 22166R   26256.87433147  .00000027  00000+0  33443-4 0  9991
2 54657  87.9263 226.3289 0002052  84.4048 275.7320 13.21826900183272
ONEWEB-0592             
1 54658U 22166S   26256.87767837 -.00000190  00000+0 -49063-3 0  9995
2 54658  87.9274 226.3145 0002098  82.0348 278.1024 13.21825298183157
ONEWEB-0593             
1 54659U 22166T   26256.89956629 -.00000032  00000+0 -10845-3 0  9998
2 54659  87.9269 226.3171 0002223  82.9153 277.2234 13.21825609183265
ONEWEB-0594             
1 54660U 22166U   26256.46555486  .00000003  00000+0 -23347-4 0  9998
2 54660  87.9263 226.4168 0002039  77.6699 282.4663 13.21827729183224
ONEWEB-0595             
1 54661U 22166V   26256.89620043 -.00000021  00000+0 -83497-4 0  9991
2 54661  87.9274 226.3190 0001874  78.1787 281.9558 13.21826197183259
ONEWEB-0596             
1 54662U 22166W   26256.87095224  .00000086  00000+0  17775-3 0  9991
2 54662  87.9267 226.3300 0002024  81.2476 278.8887 13.21827885183258
ONEWEB-0597             
1 54663U 22166X   26256.85246955 -.00000007  00000+0 -48505-4 0  9990
2 54663  87.9263 226.3351 0002155  84.4956 275.6423 13.21826458183250
ONEWEB-0600             
1 54664U 22166Y   26256.68256812  .00000011  00000+0 -37747-5 0  9996
2 54664  87.9265 226.3612 0002260  80.1290 280.0099 13.21826508183204
ONEWEB-0601             
1 54665U 22166Z   26256.90125124 -.00000043  00000+0 -13512-3 0  9991
2 54665  87.9265 226.3324 0002267  86.7393 273.4000 13.21825032183421
ONEWEB-0602             
1 54666U 22166AA  26256.86674651  .00000048  00000+0  84522-4 0  9994
2 54666  87.9263 226.3446 0002317  79.2841 280.8553 13.21827483183265
ONEWEB-0603             
1 54667U 22166AB  26256.87264003  .00000068  00000+0  13403-3 0  9993
2 54667  87.9274 226.3096 0002186  82.3969 277.7413 13.21823985183194
ONEWEB-0604             
1 54668U 22166AC  26256.48239295 -.00000002  00000+0 -35499-4 0  9996
2 54668  87.9264 226.4020 0002092  79.7557 280.3813 13.21826987183101
ONEWEB-0605             
1 54669U 22166AD  26256.85413169  .00000064  00000+0  12405-3 0  9999
2 54669  87.9266 226.3355 0002156  99.2318 260.9060 13.21824387183220
ONEWEB-0606             
1 54670U 22166AE  26256.42182580  .00000006  00000+0 -18040-4 0  9993
2 54670  87.9266 226.4332 0002061  77.6236 282.5128 13.21824930183221
ONEWEB-0607             
1 54671U 22166AF  26256.46387612 -.00000021  00000+0 -82209-4 0  9997
2 54671  87.9271 226.4020 0002126  84.1080 276.0297 13.21825720183205
ONEWEB-0608             
1 54672U 22166AG  26256.47061257  .00000058  00000+0  10862-3 0  9996
2 54672  87.9275 226.4001 0002311  94.3479 265.7919 13.21827346183213
ONEWEB-0610             
1 54673U 22166AH  26256.90461250 -.00000051  00000+0 -15547-3 0  9992
2 54673  87.9263 226.3190 0002618  90.8066 269.3368 13.21826249183176
ONEWEB-0611             
1 54674U 22166AJ  26256.89787104 -.00000019  00000+0 -76867-4 0  9997
2 54674  87.9269 226.3176 0001976  79.3951 280.7406 13.21826731183163
ONEWEB-0612             
1 54675U 22166AK  26256.68424906 -.00000083  00000+0 -23339-3 0  9999
2 54675  87.9271 226.3622 0002183  85.4277 274.7106 13.21825981183125
ONEWEB-0615             
1 54676U 22166AL  26256.43695753 -.00000078  00000+0 -22019-3 0  9991
2 54676  87.9265 226.4193 0002061  74.8405 285.2957 13.21824319183106
ONEWEB-0655             
1 54677U 22166AM  26256.86760942  .00000020  00000+0  17416-4 0  9993
2 54677  87.9265 226.3336 0002299  80.6954 279.4440 13.21826435183150
ONEWEB-0659             
1 54678U 22166AN  26256.43023876  .00000056  00000+0  10396-3 0  9993
2 54678  87.9264 226.4198 0002032  82.8012 277.3353 13.21827990183181
ONEWEB-0685             
1 54679U 22166AP  26256.90427123 -.00000025  00000+0 -90888-4 0  9992
2 54679  87.9262 226.2893 0002080  99.4945 260.6425 13.23187487183145
ONEWEB-0712             
1 54680U 22166AQ  26256.59647975 -.00000062  00000+0 -19585-3 0  9993
2 54680  87.9142 211.2201 0002499  73.8873 286.2533 13.16593027183698
ONEWEB-0714             
1 54681U 22166AR  26256.43529546 -.00000004  00000+0 -40657-4 0  9991
2 54681  87.9269 226.4103 0002289  76.7530 283.3859 13.21826400183191
ONEWEB-0532             
1 55140U 23004A   26256.72594528  .00000076  00000+0  16206-3 0  9997
2 55140  87.9207 348.2791 0001718 111.0585 249.0731 13.17651184179248
ONEWEB-0533             
1 55141U 23004B   26256.20639492  .00000485  00000+0  13116-2 0  9991
2 55141  87.8991 333.1941 0002045 105.2275 254.9079 13.12442054179602
ONEWEB-0541             
1 55142U 23004C   26256.76287112  .00000229  00000+0  61089-3 0  9990
2 55142  87.8970   3.4516 0001578 103.5422 256.5882 13.11417315177553
ONEWEB-0543             
1 55143U 23004D   26256.25650599  .00000095  00000+0  20904-3 0  9990
2 55143  87.9168 317.9676 0002048  91.5966 268.5400 13.18687787181302
ONEWEB-0544             
1 55144U 23004E   26256.93263697  .00000042  00000+0  74825-4 0  9999
2 55144  87.9165 317.8328 0001831  92.3828 267.7514 13.18687301181396
ONEWEB-0560             
1 55145U 23004F   26256.62240044  .00000056  00000+0  10825-3 0  9991
2 55145  87.9170 317.8841 0001852  90.2955 269.8389 13.18686146181360
ONEWEB-0565             
1 55146U 23004G   26256.91913369 -.00000023  00000+0 -91488-4 0  9992
2 55146  87.9157 317.8452 0001525  98.5950 261.5355 13.18687227181393
ONEWEB-0567             
1 55147U 23004H   26256.45715788  .00000066  00000+0  13505-3 0  9995
2 55147  87.9166 317.9287 0001624  94.8776 265.2542 13.18686482181331
ONEWEB-0569             
1 55148U 23004J   26256.83120184  .00000033  00000+0  56174-4 0  9992
2 55148  87.8932 302.5904 0001650  68.1863 291.9441 13.13469391181818
ONEWEB-0570             
1 55149U 23004K   26256.22109590 -.00000024  00000+0 -94188-4 0  9993
2 55149  87.9168 317.9728 0001879 112.1806 247.9526 13.18686404181293
ONEWEB-0571             
1 55150U 23004L   26256.21435137  .00000036  00000+0  58911-4 0  9998
2 55150  87.9168 317.9738 0000936  65.9025 294.2205 13.18686107181308
ONEWEB-0572             
1 55151U 23004M   26256.68122419  .00000049  00000+0  91926-4 0  9993
2 55151  87.9204 348.2905 0001718 102.1628 257.9696 13.17650659179135
ONEWEB-0573             
1 55152U 23004N   26256.58698797  .00000183  00000+0  43169-3 0  9994
2 55152  87.9167 317.9022 0001102  89.4174 270.7085 13.18687210181342
ONEWEB-0588             
1 55153U 23004P   26256.58024578  .00000017  00000+0  10132-4 0  9996
2 55153  87.9165 317.9019 0001664 111.1653 248.9657 13.18685824181346
ONEWEB-0598             
1 55154U 23004Q   26256.58823657  .00000468  00000+0  12835-2 0  9992
2 55154  87.8968   3.4918 0001292  81.2077 278.9197 13.11418402177487
ONEWEB-0599             
1 55155U 23004R   26256.94616185 -.00000035  00000+0 -12455-3 0  9990
2 55155  87.9205 348.2365 0001927  93.9329 266.2023 13.17650463179171
ONEWEB-0614             
1 55156U 23004S   26256.58313301  .00000316  00000+0  85652-3 0  9994
2 55156  87.8959   3.4985 0001900 113.5720 246.5608 13.11416862177423
ONEWEB-0616             
1 55157U 23004T   26256.68459864  .00000048  00000+0  89338-4 0  9999
2 55157  87.9202 348.2930 0002433  81.5872 278.5536 13.17650143179357
ONEWEB-0617             
1 55158U 23004U   26256.57126779 -.00000218  00000+0 -65214-3 0  9991
2 55158  87.8966   3.4979 0001747 114.3970 245.7341 13.11418114177440
ONEWEB-0618             
1 55159U 23004V   26256.65422496  .00003230  00000+0  17652-3 0  9994
2 55159  86.9094 141.7110 0011169 337.7501  22.3253 15.13884628195640
ONEWEB-0619             
1 55160U 23004W   26256.26104858  .00000077  00000+0  16604-3 0  9994
2 55160  87.9217 348.3650 0002264 105.1298 255.0084 13.17650629179193
ONEWEB-0620             
1 55161U 23004X   26256.71876636 -.00000446  00000+0 -12940-2 0  9995
2 55161  87.8962   3.4711 0001492 100.2761 259.8536 13.11417911177438
ONEWEB-0621             
1 55162U 23004Y   26256.74590648  .00000556  00000+0  15321-2 0  9991
2 55162  87.8971   3.4626 0001898 107.4360 252.6975 13.11417125177411
ONEWEB-0622             
1 55163U 23004Z   26256.75099608  .00000630  00000+0  17408-2 0  9994
2 55163  87.8964   3.4632 0001457 136.1314 223.9930 13.11416480177404
ONEWEB-0623             
1 55164U 23004AA  26256.71160442  .00000048  00000+0  90699-4 0  9994
2 55164  87.9203 348.2959 0002164 122.8178 237.3162 13.17649080179240
ONEWEB-0624             
1 55165U 23004AB  26256.44485252  .00000375  00000+0  10006-2 0  9999
2 55165  87.8989 333.0477 0001826 105.1999 254.9332 13.12930350179654
ONEWEB-0625             
1 55166U 23004AC  26256.54959416  .00000053  00000+0  10373-3 0  9990
2 55166  87.9206 348.3261 0001981  98.1438 261.9918 13.17650630179214
ONEWEB-0626             
1 55167U 23004AD  26256.69136160  .00000005  00000+0 -19978-4 0  9999
2 55167  87.9203 348.2968 0001613  93.3388 266.7928 13.17648147179234
ONEWEB-0627             
1 55168U 23004AE  26256.52768198  .00000065  00000+0  13467-3 0  9995
2 55168  87.9207 348.3301 0002075 113.1658 246.9693 13.17649400179215
ONEWEB-0628             
1 55169U 23004AF  26256.91637986  .00000022  00000+0  26530-4 0  9998
2 55169  87.8992 333.0394 0002300 113.1013 247.0358 13.12440948179676
ONEWEB-0629             
1 55170U 23004AG  26256.91668981 -.00043886  00000+0 -11093+0 0  9999
2 55170  87.9204 348.2467 0002235 102.4714  83.9677 13.19268661  5171
ONEWEB-0631             
1 55171U 23004AH  26256.57347608 -.00000081  00000+0 -23793-3 0  9996
2 55171  87.9177 317.8780 0001438 103.6297 256.4995 13.18683786181324
ONEWEB-0709             
1 55172U 23004AJ  26256.32710957 -.00000524  00000+0 -15149-2 0  9998
2 55172  87.8960   3.5512 0001125  75.1938 284.9315 13.11415652177420
ONEWEB-0710             
1 55173U 23004AK  26256.66942713 -.00000003  00000+0 -42003-4 0  9996
2 55173  87.9203 348.2927 0001843 106.4135 253.7200 13.17649641179236
ONEWEB-0711             
1 55174U 23004AL  26256.37459475  .00000452  00000+0  12409-2 0  9994
2 55174  87.8968   3.5324 0001905 123.4180 236.7131 13.11415253177397
ONEWEB-0713             
1 55175U 23004AM  26256.54582647 -.00000212  00000+0 -63402-3 0  9998
2 55175  87.8970   3.5013 0001836 113.1982 246.9339 13.11414869177402
ONEWEB-0715             
1 55176U 23004AN  26256.76963775 -.00000001  00000+0 -38072-4 0  9990
2 55176  87.8967   3.4567 0001100  95.9675 264.1579 13.11414456177479
ONEWEB-0716             
1 55177U 23004AP  26256.66267838  .00000002  00000+0 -28225-4 0  9996
2 55177  87.9206 348.2971 0001999  95.1663 264.9696 13.17649781179232
ONEWEB-0717             
1 55178U 23004AQ  26256.26610836  .00000061  00000+0  12325-3 0  9990
2 55178  87.9209 348.3706 0001711 118.7449 241.3854 13.17650560179231
ONEWEB-0719             
1 55179U 23004AR  26256.27623208  .00000047  00000+0  88923-4 0  9991
2 55179  87.9218 348.3497 0002052  99.7775 260.3588 13.17650819179184
ONEWEB-0530             
1 55796U 23029A   26256.95263919  .00000096  00000+0  20495-3 0  9990
2 55796  87.9123 256.7532 0002121 101.1989 258.9383 13.20772936172861
ONEWEB-0534             
1 55797U 23029B   26256.94086606  .00000047  00000+0  83048-4 0  9996
2 55797  87.9126 256.7577 0002039  85.9328 274.2038 13.20772635172862
ONEWEB-0556             
1 55798U 23029C   26256.94760639  .00000066  00000+0  13072-3 0  9992
2 55798  87.9124 256.7543 0002862  89.8134 270.3327 13.20771630172868
ONEWEB-0562             
1 55799U 23029D   26256.93413610  .00000014  00000+0  33514-5 0  9994
2 55799  87.9136 256.7437 0002627 102.7898 257.3529 13.20772019172866
ONEWEB-0563             
1 55800U 23029E   26256.55027228  .00000071  00000+0  14245-3 0  9992
2 55800  87.9126 256.8455 0002068  82.5049 277.6319 13.20774236172800
ONEWEB-0564             
1 55801U 23029F   26256.69508218  .00000016  00000+0  63458-5 0  9992
2 55801  87.9135 256.7937 0002202  97.7083 262.4301 13.20771934172839
ONEWEB-0638             
1 55802U 23029G   26256.76543690 -.00000216  00000+0 -61630-3 0  9996
2 55802  87.8888 272.0786 0002461  95.7157 264.4253 13.14501283171034
ONEWEB-0639             
1 55803U 23029H   26256.81339049 -.00000031  00000+0 -10987-3 0  9998
2 55803  87.9110 287.3191 0002334  63.1723 296.9648 13.19725229170591
ONEWEB-0640             
1 55804U 23029J   26256.77389997 -.00000133  00000+0 -39298-3 0  9990
2 55804  87.8886 272.0670 0002550  92.3743 267.7679 13.14501813171058
ONEWEB-0641             
1 55805U 23029K   26256.58119943  .00000030  00000+0  43279-4 0  9991
2 55805  87.9117 287.3603 0002033  90.0408 270.0958 13.19725182170576
ONEWEB-0642             
1 55806U 23029L   26256.57646027  .00000116  00000+0  25661-3 0  9998
2 55806  87.9110 287.3679 0001797  67.6949 292.4374 13.19725635170561
ONEWEB-0643             
1 55807U 23029M   26256.97350213  .00000099  00000+0  23177-3 0  9992
2 55807  87.8889 272.0154 0001611  70.7972 289.3332 13.14501587171056
ONEWEB-0644             
1 55808U 23029N   26256.57172527  .00000056  00000+0  10717-3 0  9998
2 55808  87.9109 287.3689 0001812  83.2073 276.9266 13.19724769170566
ONEWEB-0645             
1 55809U 23029P   26256.51801909  .00000006  00000+0 -16621-4 0  9993
2 55809  87.9111 287.3771 0002204  82.9152 277.2231 13.19725316170556
ONEWEB-0646             
1 55810U 23029Q   26256.53538027  .00000021  00000+0  20774-4 0  9995
2 55810  87.9109 287.3740 0001812  85.1718 274.9622 13.19726770170540
ONEWEB-0648             
1 55811U 23029R   26256.78911616  .00000116  00000+0  27812-3 0  9996
2 55811  87.8897 272.0349 0002317  70.2259 289.9121 13.14502463171037
ONEWEB-0649             
1 55812U 23029S   26256.78811064  .00000054  00000+0  10311-3 0  9990
2 55812  87.9113 287.3215 0002015  85.9406 274.1957 13.19724069170612
ONEWEB-0650             
1 55813U 23029T   26256.55590855  .00000056  00000+0  10787-3 0  9997
2 55813  87.9113 287.3699 0001822  73.0186 287.1146 13.19726883170550
ONEWEB-0652             
1 55814U 23029U   26256.54216209 -.00000178  00000+0 -51463-3 0  9998
2 55814  87.8896 272.0894 0001915  94.1242 266.0107 13.14502090170972
ONEWEB-0653             
1 55815U 23029V   26256.52695514 -.00000156  00000+0 -45609-3 0  9998
2 55815  87.8898 272.0916 0002023  91.8107 268.3254 13.14504649171000
ONEWEB-0654             
1 55816U 23029W   26256.52188195 -.00000066  00000+0 -21342-3 0  9999
2 55816  87.8898 272.0888 0002130  99.6136 260.5235 13.14503411171027
ONEWEB-0656             
1 55817U 23029X   26256.53680406 -.00000047  00000+0 -14754-3 0  9991
2 55817  87.9140 256.8082 0002070 100.7377 259.3989 13.20773695172819
ONEWEB-0657             
1 55818U 23029Y   26256.77864103 -.00000019  00000+0 -80799-4 0  9998
2 55818  87.9110 287.3247 0001698 116.4296 243.7011 13.19724805170591
ONEWEB-0658             
1 55819U 23029Z   26256.54645133  .00000072  00000+0  14720-3 0  9991
2 55819  87.9118 287.3543 0001757  80.9379 279.1953 13.19725241170573
ONEWEB-0660             
1 55820U 23029AA  26256.57601220  .00000295  00000+0  76050-3 0  9996
2 55820  87.8901 272.0773 0002083  87.8110 272.3258 13.14504586171017
ONEWEB-0661             
1 55821U 23029AB  26256.76206479 -.00000220  00000+0 -62754-3 0  9991
2 55821  87.8890 272.0709 0002197  89.6293 270.5088 13.14501616171025
ONEWEB-0662             
1 55822U 23029AC  26256.79759662  .00000178  00000+0  44678-3 0  9997
2 55822  87.8889 272.0698 0002204  85.5624 274.5758 13.14502231171070
ONEWEB-0663             
1 55823U 23029AD  26256.94255460  .00000068  00000+0  13605-3 0  9996
2 55823  87.9138 256.7960 0002134  76.9667 283.1704 13.20874439172867
ONEWEB-0664             
1 55824U 23029AE  26256.52339227 -.00000012  00000+0 -61746-4 0  9996
2 55824  87.9127 256.8526 0002309  89.9992 270.1406 13.20774263172807
ONEWEB-0665             
1 55825U 23029AF  26256.75953459 -.00000225  00000+0 -64243-3 0  9991
2 55825  87.8897 272.0544 0002078  84.6770 275.4597 13.14501907171040
ONEWEB-0666             
1 55826U 23029AG  26256.97116777  .00000009  00000+0 -99527-5 0  9994
2 55826  87.9124 256.7529 0001443 105.3734 254.7559 13.20772454172877
ONEWEB-0667             
1 55827U 23029AH  26256.96612185  .00000026  00000+0  31719-4 0  9994
2 55827  87.9139 256.7246 0002102  85.9678 274.1695 13.20772136172866
ONEWEB-0669             
1 55828U 23029AJ  26256.96106697  .00000052  00000+0  95568-4 0  9992
2 55828  87.9135 256.7321 0002273 101.1289 259.0100 13.20772449172865
ONEWEB-0670             
1 55829U 23029AK  26256.73839560  .00000202  00000+0  50973-3 0  9997
2 55829  87.8888 272.0733 0002281  91.5238 268.6153 13.14503631171066
ONEWEB-0671             
1 55830U 23029AL  26256.84495625  .00000019  00000+0  14255-4 0  9991
2 55830  87.9113 287.3121 0002018  89.6249 270.5115 13.19724330170591
ONEWEB-0672             
1 55831U 23029AM  26256.95601588  .00000019  00000+0  15844-4 0  9996
2 55831  87.9137 256.7269 0001901  96.2597 263.8753 13.20770645172868
ONEWEB-0673             
1 55832U 23029AN  26256.82206940  .00000035  00000+0  55767-4 0  9992
2 55832  87.9113 287.3135 0002075  92.0113 268.1257 13.19725202170598
ONEWEB-0674             
1 55833U 23029AP  26256.78066405 -.00000040  00000+0 -14305-3 0  9998
2 55833  87.8896 272.0450 0002337  93.5311 266.6086 13.14501535171055
ONEWEB-0675             
1 55834U 23029AQ  26256.53381624  .00000028  00000+0  38340-4 0  9995
2 55834  87.9110 287.3763 0001664  94.8223 265.3099 13.19725627170571
ONEWEB-0720             
1 55835U 23029AR  26256.52591870  .00000086  00000+0  18239-3 0  9999
2 55835  87.9110 287.3778 0001946  84.6552 275.4803 13.19725156170496
ONEWEB-0537             
1 56046U 23043A   26256.27506697 -.00000052  00000+0 -17032-3 0  9990
2 56046  87.9140 211.2802 0001896  81.9567 278.1779 13.16593133170552
ONEWEB-0538             
1 56047U 23043B   26256.57272684  .00000103  00000+0  23530-3 0  9995
2 56047  87.9145 211.2242 0001845  74.0484 286.0850 13.16593993170609
ONEWEB-0546             
1 56048U 23043C   26256.40806878  .00000085  00000+0  18916-3 0  9997
2 56048  87.9141 211.2562 0001644  97.6825 262.4493 13.16595937170575
ONEWEB-0547             
1 56049U 23043D   26256.88862525  .00000053  00000+0  95721-4 0  9996
2 56049  87.9269 226.3190 0002038  77.1852 282.9510 13.21826976169944
ONEWEB-0548             
1 56050U 23043E   26256.58458770  .00000006  00000+0 -17027-4 0  9990
2 56050  87.9141 211.2160 0002405  84.6644 275.4762 13.16593157170590
ONEWEB-0549             
1 56051U 23043F   26256.88273123  .00000073  00000+0  14523-3 0  9991
2 56051  87.9267 226.3220 0001791  74.7087 285.4245 13.21827554169943
ONEWEB-0550             
1 56052U 23043G   26256.86929668  .00000035  00000+0  53334-4 0  9994
2 56052  87.9266 226.3243 0002305  82.2285 277.9111 13.21825888169940
ONEWEB-0551             
1 56053U 23043H   26256.68596807 -.00000147  00000+0 -42580-3 0  9996
2 56053  87.8968 241.5780 0001894  75.8541 284.2799 13.15547503168039
ONEWEB-0552             
1 56054U 23043J   26256.86424688  .00000070  00000+0  13739-3 0  9991
2 56054  87.9262 226.3281 0002213  77.4851 282.6530 13.21826142169945
ONEWEB-0553             
1 56055U 23043K   26256.56639850  .00000103  00000+0  23714-3 0  9999
2 56055  87.9144 211.2253 0001821  91.5684 268.5656 13.16595773170606
ONEWEB-0554             
1 56056U 23043L   26256.85771635  .00000081  00000+0  17916-3 0  9992
2 56056  87.9136 211.1753 0002516  86.0204 274.1214 13.16593373170620
ONEWEB-0555             
1 56057U 23043M   26256.59172538 -.00000075  00000+0 -23012-3 0  9990
2 56057  87.9143 211.2178 0001805  93.4913 266.6424 13.16593813170594
ONEWEB-0557             
1 56058U 23043N   26256.83396472 -.00000047  00000+0 -15772-3 0  9996
2 56058  87.9143 211.1802 0002795 104.0488 256.0954 13.16594803170628
ONEWEB-0558             
1 56059U 23043P   26256.40333868  .00000043  00000+0  72452-4 0  9993
2 56059  87.9265 226.4166 0001799  78.2917 281.8419 13.21825805169892
ONEWEB-0559             
1 56060U 23043Q   26256.61862915  .00000024  00000+0  25824-4 0  9998
2 56060  87.9268 226.3710 0002028  76.1500 283.9860 13.21824527169930
ONEWEB-0566             
1 56061U 23043R   26256.61191971  .00000047  00000+0  82599-4 0  9993
2 56061  87.9267 226.3708 0002003  72.9273 287.2080 13.21826976169910
ONEWEB-0568             
1 56062U 23043S   26256.62338828  .00000069  00000+0  14568-3 0  9993
2 56062  87.9141 211.2103 0001878  85.3954 274.7391 13.16594940170619
ONEWEB-0574             
1 56063U 23043T   26256.68088977 -.00000070  00000+0 -20039-3 0  9991
2 56063  87.9266 226.3621 0002217  86.3192 273.8195 13.21826213169968
ONEWEB-0575             
1 56064U 23043U   26256.84505428  .00000005  00000+0 -19387-4 0  9997
2 56064  87.9142 211.1627 0002236  88.8856 271.2531 13.16594568170636
ONEWEB-0576             
1 56065U 23043V   26256.37006937 -.00000077  00000+0 -23619-3 0  9999
2 56065  87.9141 211.2663 0002154  84.6252 275.5124 13.16595207170568
ONEWEB-0577             
1 56066U 23043W   26256.60440340 -.00000095  00000+0 -28147-3 0  9997
2 56066  87.9143 211.2178 0002647  91.7240 268.4194 13.16593849170620
ONEWEB-0578             
1 56067U 23043X   26256.44034360  .00000000  00000+0 -31259-4 0  9995
2 56067  87.9268 226.4057 0001908  90.5166 269.6187 13.21826452169893
ONEWEB-0579             
1 56068U 23043Y   26256.88611200  .00000016  00000+0  78915-5 0  9995
2 56068  87.9274 226.3185 0002225  76.1971 283.9411 13.21824508169966
ONEWEB-0581             
1 56069U 23043Z   26256.83872449 -.00000043  00000+0 -14665-3 0  9997
2 56069  87.9137 211.1769 0002529  86.7651 273.3769 13.16594351170622
ONEWEB-0609             
1 56070U 23043AA  26256.94027457  .00000122  00000+0  28888-3 0  9990
2 56070  87.8967 241.5111 0001999  84.4732 275.6626 13.15547704168103
ONEWEB-0613             
1 56071U 23043AB  26256.93790053  .00000052  00000+0  10498-3 0  9999
2 56071  87.8968 241.5245 0002003  77.3580 282.7774 13.15546660168105
ONEWEB-0630             
1 56072U 23043AC  26256.93316133  .00000015  00000+0  51440-5 0  9996
2 56072  87.8979 241.5027 0002068  79.2351 280.9012 13.15548654168092
ONEWEB-0632             
1 56073U 23043AD  26256.92840895  .00000013  00000+0  13346-5 0  9994
2 56073  87.8971 241.5174 0002144  87.2427 272.8949 13.15548128168091
ONEWEB-0633             
1 56074U 23043AE  26256.92205922 -.00000037  00000+0 -13109-3 0  9994
2 56074  87.8979 241.5011 0001906  73.5527 286.5813 13.15548721168073
ONEWEB-0634             
1 56075U 23043AF  26256.90779710 -.00000116  00000+0 -34204-3 0  9991
2 56075  87.8974 241.5373 0001742  89.7158 270.4172 13.15547724168068
ONEWEB-0635             
1 56076U 23043AG  26256.67486589 -.00000089  00000+0 -27163-3 0  9990
2 56076  87.8981 241.5536 0002244  89.2478 270.8909 13.15547285168060
ONEWEB-0636             
1 56077U 23043AH  26256.89511795 -.00000049  00000+0 -16491-3 0  9991
2 56077  87.8980 241.5137 0002155  88.5879 271.5498 13.15547305168070
ONEWEB-0637             
1 56078U 23043AJ  26256.96485220  .00000020  00000+0  19611-4 0  9998
2 56078  87.8974 241.5104 0001976  92.8931 267.2425 13.15547532168103
ONEWEB-0647             
1 56079U 23043AK  26256.50375162  .00000007  00000+0 -15302-4 0  9991
2 56079  87.8973 241.6148 0002185  87.2830 272.8551 13.15548012168039
ONEWEB-0651             
1 56080U 23043AL  26256.95534098  .00000134  00000+0  32069-3 0  9995
2 56080  87.8972 241.5176 0002044  93.1120 267.0244 13.15548576169291
ONEWEB-0718             
1 56081U 23043AM  26256.72241245  .00000199  00000+0  49364-3 0  9997
2 56081  87.8979 241.5496 0001499  84.8333 275.2968 13.15549223168079
ONEWEB-0561             
1 56710U 23068A   26256.75734729 -.00000038  00000+0 -12607-3 0  9994
2 56710  87.9137 256.7755 0002314  88.3073 271.8325 13.20770067161191
ONEWEB-0668             
1 56711U 23068B   26256.88938963 -.00000005  00000+0 -47263-4 0  9996
2 56711  87.9144 211.1598 0001647  89.9343 270.1976 13.16594846163454
ONEWEB-0676             
1 56712U 23068C   26256.36532622 -.00000026  00000+0 -10262-3 0  9993
2 56712  87.9143 211.2704 0002310  84.7082 275.4313 13.16595425163306
ONEWEB-0677             
1 56713U 23068D   26256.97285199 -.00000007  00000+0 -50083-4 0  9990
2 56713  87.9136 256.7235 0002094  99.4364 260.7006 13.20771914161529
ONEWEB-0678             
1 56714U 23068E   26256.91888644 -.00000091  00000+0 -27690-3 0  9999
2 56714  87.8981 241.5061 0002176  79.1964 280.9412 13.15547410160955
ONEWEB-0679             
1 56715U 23068F   26256.85613275  .00000029  00000+0  41689-4 0  9993
2 56715  87.9142 211.1638 0002013  95.0927 265.0434 13.16593714163393
ONEWEB-0680             
1 56716U 23068G   26256.88779592  .00000032  00000+0  46351-4 0  9997
2 56716  87.9274 226.3196 0001766  97.1063 263.0271 13.21825919162819
ONEWEB-0681             
1 56717U 23068H   26256.42949779  .00000067  00000+0  13130-3 0  9990
2 56717  87.9270 226.4166 0002924  92.1032 268.0436 13.21300775162740
ONEWEB-0682             
1 56718U 23068J   26256.94265852  .00000114  00000+0  26793-3 0  9993
2 56718  87.8979 241.5003 0001745  98.9577 261.1751 13.15547710161122
ONEWEB-0683             
1 56719U 23068K   26256.51008249 -.00000008  00000+0 -54716-4 0  9993
2 56719  87.8984 241.5887 0001782  87.9999 272.1335 13.15548393161034
ONEWEB-0684             
1 56720U 23068L   26256.51801657 -.00000030  00000+0 -11255-3 0  9994
2 56720  87.8980 241.5748 0002358  50.7801 309.3539 13.15549233160861
ONEWEB-0686             
1 56721U 23068M   26256.58855810 -.00000032  00000+0 -11649-3 0  9991
2 56721  87.9129 211.2320 0001766  73.7963 286.3363 13.16593899163347
ONEWEB-0694             
1 56722U 23068N   26256.59490240 -.00000073  00000+0 -22419-3 0  9997
2 56722  87.9143 211.2101 0001722  89.0617 271.0711 13.16595251163408
ONEWEB-0696             
1 56723U 23068P   26256.93157280 -.00000021  00000+0 -90394-4 0  9991
2 56723  87.8969 241.5246 0002362  76.3514 283.7879 13.15549104161033
ONEWEB-0703             
1 56724U 23068Q   26256.94107689  .00000105  00000+0  24392-3 0  9996
2 56724  87.8979 241.5064 0002809  76.7651 283.3792 13.15547695160925
ONEWEB-0721             
1 56725U 23068R   26256.73662905 -.00000072  00000+0 -20781-3 0  9994
2 56725  86.6734  57.2225 0001667  92.8249 267.3075 13.22474923169641
ONEWEB-0015             
1 61594U 24188A   26256.73743540  .00000298  00000+0  80396-3 0  9999
2 61594  87.8961   3.4836 0002146 112.1613 247.9743 13.11418810 96063
ONEWEB-0687             
1 61595U 24188B   26256.69641314  .00000038  00000+0  65457-4 0  9995
2 61595  87.9200 348.2948 0001830 116.9354 243.1965 13.17650072 97551
ONEWEB-0688             
1 61596U 24188C   26256.26947833  .00000054  00000+0  10548-3 0  9992
2 61596  87.9203 348.3797 0002899 120.7632 239.3785 13.17650530 97495
ONEWEB-0689             
1 61597U 24188D   26256.77133616 -.00000075  00000+0 -24764-3 0  9995
2 61597  87.8971   3.4451 0001534 107.0716 253.0580 13.11415305 96060
ONEWEB-0690             
1 61598U 24188E   26256.55261386 -.00000389  00000+0 -11321-2 0  9990
2 61598  87.8970   3.4981 0002292  89.6201 270.5190 13.11415265 96217
ONEWEB-0691             
1 61599U 24188F   26256.54753001 -.00000317  00000+0 -92897-3 0  9999
2 61599  87.8979   3.4167 0001984 112.0903 248.0436 13.11414325 96062
ONEWEB-0692             
1 61600U 24188G   26256.72046820 -.00000402  00000+0 -11704-2 0  9998
2 61600  87.8961   3.4792 0001128  85.6305 274.4952 13.11417280 96071
ONEWEB-0693             
1 61601U 24188H   26256.28131373  .00000712  00000+0  18000-2 0  9996
2 61601  87.9198 348.3928 0002243  90.7768 269.3621 13.17648040 97484
ONEWEB-0695             
1 61602U 24188J   26256.54414015 -.00000156  00000+0 -47651-3 0  9992
2 61602  87.8961   3.5056 0001279 103.4981 256.6289 13.11415315 96042
ONEWEB-0697             
1 61603U 24188K   26256.34746488 -.00000016  00000+0 -81248-4 0  9999
2 61603  87.8968   3.5372 0001208  81.3856 278.7409 13.11419437 96002
ONEWEB-0698             
1 61604U 24188L   26256.32541950 -.00000441  00000+0 -12788-2 0  9998
2 61604  87.8963   3.5537 0001956  65.6623 294.4709 13.11416053 96029
ONEWEB-0699             
1 61605U 24188M   26256.78995927  .00000641  00000+0  18013-2 0  9993
2 61605  87.8900  18.6241 0001315  80.3682 279.7594 13.10372897 94918
ONEWEB-0700             
1 61606U 24188N   26256.40987120  .00000643  00000+0  18069-2 0  9992
2 61606  87.8913  18.6224 0001364  83.6172 276.5110 13.10372017 94854
ONEWEB-0701             
1 61607U 24188P   26256.35046653  .00000105  00000+0  26317-3 0  9993
2 61607  87.8899  18.7137 0001276  75.8840 284.2429 13.10372886 94852
ONEWEB-0702             
1 61608U 24188Q   26256.75268985  .00000546  00000+0  15038-2 0  9998
2 61608  87.8981   3.3907 0000664  82.6652 277.4552 13.11415430 96090
ONEWEB-0704             
1 61609U 24188R   26256.33860692  .00000575  00000+0  16116-2 0  9996
2 61609  87.8901  18.7072 0000742  83.1477 276.9734 13.10371898 94838
ONEWEB-0705             
1 61610U 24188S   26256.42004853  .00000440  00000+0  12253-2 0  9996
2 61610  87.8902  18.6970 0001052 130.9925 229.1293 13.10370866 87017
ONEWEB-0706             
1 61611U 24188T   26256.78656916  .00000605  00000+0  16974-2 0  9996
2 61611  87.8903  18.6260 0001168 100.8471 259.2788 13.10374925 94988
ONEWEB-0707             
1 61612U 24188U   26256.64064013  .00000664  00000+0  18652-2 0  9993
2 61612  87.8903  18.6521 0001142  98.1988 261.9269 13.10373335 94903
ONEWEB-0708             
1 61613U 24188V   26256.35386635 -.00000142  00000+0 -44436-3 0  9992
2 61613  87.8887  18.7199 0001636 119.6910 240.4380 13.10369033 94848
