ONEWEB-0012             
1 44057U 19010A   26275.56088380  .00000100  00000+0  22722-3 0  9999
2 44057  87.9163 207.4699 0002435  73.8471 286.2928 13.16594751365695
ONEWEB-0010             
1 44058U 19010B   26275.51022524  .00000093  00000+0  20995-3 0  9994
2 44058  87.9175 207.4814 0001629  69.8346 290.2960 13.16594433365731
ONEWEB-0008             
1 44059U 19010C   26275.53555623  .00000018  00000+0  12567-4 0  9992
2 44059  87.9175 207.4710 0002081  85.6986 274.4383 13.16594774365850
ONEWEB-0007             
1 44060U 19010D   26275.88410515  .00000126  00000+0  30104-3 0  9998
2 44060  87.9006 237.7461 0001995  72.0122 288.1226 13.15548657365530
ONEWEB-0006             
1 44061U 19010E   26275.65989333  .00000194  00000+0  48180-3 0  9991
2 44061  87.9018 237.7662 0001821  81.9774 278.1563 13.15547551365554
ONEWEB-0011             
1 44062U 19010F   26275.85638705 -.00000411  00000+0 -11253-2 0  9992
2 44062  87.9019 237.7385 0001671 109.5561 250.5750 13.15549310365571
ONEWEB-0013             
1 45131U 20008A   26275.67985709  .00000105  00000+0  26829-3 0  9992
2 45131  87.8591  31.1346 0002641  90.6484 269.4946 13.09468134320134
ONEWEB-0017             
1 45132U 20008B   26275.58748369  .00000466  00000+0  12979-2 0  9992
2 45132  87.8916  14.8965 0001660 106.7526 253.3783 13.10371207322013
ONEWEB-0020             
1 45133U 20008C   26275.55694219  .00000024  00000+0  33297-4 0  9992
2 45133  87.8915  14.9033 0001786 101.9059 258.2269 13.10375979322403
ONEWEB-0021             
1 45134U 20008D   26275.57220854  .00000684  00000+0  19217-2 0  9991
2 45134  87.8912  14.9099 0001783  99.0154 261.1175 13.10375561322713
ONEWEB-0023             
1 45136U 20008F   26275.50688876  .00000565  00000+0  15815-2 0  9996
2 45136  87.8916  14.9120 0001947 105.3739 254.7604 13.10371116322139
ONEWEB-0024             
1 45137U 20008G   26275.55537279 -.00000047  00000+0 -16954-3 0  9995
2 45137  87.8930  14.9019 0001718 100.8678 259.2643 13.10377308322302
ONEWEB-0025             
1 45138U 20008H   26275.55508826 -.00000046  00000+0 -16894-3 0  9994
2 45138  87.8930  14.8908 0001793 116.9439 243.1872 13.10377183322638
ONEWEB-0026             
1 45139U 20008J   26275.05047873 -.00000249  00000+0 -73713-3 0  9998
2 45139  87.8970 359.8307 0001687 102.9109 257.2208 13.11419051325116
ONEWEB-0028             
1 45140U 20008K   26275.94033979 -.00000074  00000+0 -24385-3 0  9997
2 45140  87.8959 359.6572 0002315  95.1668 264.9724 13.11414471322744
ONEWEB-0032             
1 45141U 20008L   26275.28387891  .00000370  00000+0  10246-2 0  9997
2 45141  87.8916  14.9590 0002278 100.4782 259.6602 13.10369826322326
ONEWEB-0033             
1 45142U 20008M   26275.56372653  .00000339  00000+0  93539-3 0  9991
2 45142  87.8911  14.9054 0001249 104.0197 256.1069 13.10376370322279
ONEWEB-0035             
1 45143U 20008N   26275.50787426  .00000575  00000+0  16123-2 0  9999
2 45143  87.8915  14.9125 0001722 100.4842 259.6480 13.10370050321998
ONEWEB-0036             
1 45144U 20008P   26275.56189167  .00000267  00000+0  72836-3 0  9996
2 45144  87.8936  14.9316 0001964 102.7116 257.4231 13.10375998322426
ONEWEB-0038             
1 45145U 20008Q   26275.59473130  .00000157  00000+0  40790-3 0  9998
2 45145  87.8982 359.7461 0001965  48.7074 311.4222 13.11419636324402
ONEWEB-0039             
1 45146U 20008R   26275.56711278  .00000486  00000+0  13552-2 0  9994
2 45146  87.8924  14.9003 0002255  94.3332 265.8053 13.10376370322226
ONEWEB-0040             
1 45147U 20008S   26275.56033186  .00000173  00000+0  45964-3 0  9996
2 45147  87.8911  14.9066 0002044 107.2861 252.8490 13.10375510321921
ONEWEB-0043             
1 45149U 20008U   26275.56216836  .00000350  00000+0  96680-3 0  9991
2 45149  87.8927  14.9041 0002248  95.9654 264.1729 13.10376118322244
ONEWEB-0044             
1 45150U 20008V   26275.51451629  .00000296  00000+0  81223-3 0  9995
2 45150  87.8910  14.9123 0001918 103.0180 257.1162 13.10370846322534
ONEWEB-0045             
1 45151U 20008W   26275.58950830 -.00000051  00000+0 -18086-3 0  9999
2 45151  87.8974 359.7223 0001893  98.1585 261.9757 13.11419431324485
ONEWEB-0047             
1 45152U 20008X   26275.58394849  .00000642  00000+0  18033-2 0  9997
2 45152  87.8924  14.9024 0001582  98.4677 261.6630 13.10370509322262
ONEWEB-0048             
1 45153U 20008Y   26275.57900471  .00000697  00000+0  19595-2 0  9995
2 45153  87.8913  14.9132 0001790  97.5487 262.5844 13.10372855321870
ONEWEB-0049             
1 45154U 20008Z   26275.58225792  .00000664  00000+0  18667-2 0  9996
2 45154  87.8912  14.9022 0002083 110.8193 249.3157 13.10371220322097
ONEWEB-0051             
1 45155U 20008AA  26275.58780480 -.00000144  00000+0 -44130-3 0  9997
2 45155  87.8972 359.7256 0001822 101.7554 258.3778 13.11419933325168
ONEWEB-0052             
1 45156U 20008AB  26275.52651268 -.00000311  00000+0 -92613-3 0  9998
2 45156  87.8920  14.9068 0002116 106.9410 253.1949 13.10369509321990
ONEWEB-0053             
1 45157U 20008AC  26275.55863067  .00000124  00000+0  31914-3 0  9991
2 45157  87.8911  14.9135 0002262 100.1764 259.9619 13.10376857321976
ONEWEB-0054             
1 45158U 20008AD  26275.28883425  .00000073  00000+0  17415-3 0  9995
2 45158  87.8907  14.9562 0001801 104.9191 255.2136 13.10369621322054
ONEWEB-0056             
1 45159U 20008AE  26275.56528600  .00000497  00000+0  13873-2 0  9991
2 45159  87.8928  14.8999 0001723 110.4420 249.6893 13.10375557322244
ONEWEB-0057             
1 45160U 20008AF  26275.27709770  .00000608  00000+0  17046-2 0  9990
2 45160  87.8919  14.9661 0002313 104.4383 255.7001 13.10372427322376
ONEWEB-0058             
1 45161U 20008AG  26275.56896837  .00000639  00000+0  17933-2 0  9993
2 45161  87.8907  14.9046 0001563  96.1475 263.9830 13.10375908322486
ONEWEB-0059             
1 45162U 20008AH  26275.56556349  .00000424  00000+0  11797-2 0  9999
2 45162  87.8920  14.9089 0002196  99.4698 260.6678 13.10374961322386
ONEWEB-0062             
1 45163U 20008AJ  26275.58904140  .00000388  00000+0  10757-2 0  9992
2 45163  87.8919  14.8983 0001439 101.4388 258.6902 13.10370345322251
ONEWEB-0065             
1 45164U 20008AK  26275.31753242 -.00000418  00000+0 -12327-2 0  9990
2 45164  87.8926  14.9602 0002005 107.9930 252.1416 13.10375057321919
ONEWEB-0066             
1 45424U 20020A   26275.49625475 -.00000486  00000+0 -14070-2 0  9990
2 45424  87.8966 359.7437 0001809  96.6666 263.4668 13.11417091316744
ONEWEB-0067             
1 45425U 20020B   26275.53338078  .00000596  00000+0  16441-2 0  9990
2 45425  87.8989 359.6807 0002044  99.3928 260.7432 13.11428350316809
ONEWEB-0080             
1 45426U 20020C   26275.53371511  .00000634  00000+0  17517-2 0  9998
2 45426  87.8978 359.7456 0001503 100.9115 259.2182 13.11416472316778
ONEWEB-0090             
1 45427U 20020D   26275.94398900 -.00000306  00000+0 -89971-3 0  9997
2 45427  87.8975 359.6672 0001762 102.2288 257.9038 13.11416851316796
ONEWEB-0061             
1 45428U 20020E   26275.51816574  .00000162  00000+0  42240-3 0  9999
2 45428  87.8974 359.7326 0001788 100.5229 259.6100 13.11419028316694
ONEWEB-0081             
1 45429U 20020F   26275.49964296 -.00000468  00000+0 -13571-2 0  9997
2 45429  87.8970 359.7444 0002050 100.4545 259.6814 13.11417359316805
ONEWEB-0069             
1 45430U 20020G   26275.50147772 -.00000515  00000+0 -14875-2 0  9994
2 45430  87.8975 359.7493 0001909  94.9228 265.2118 13.11418242316737
ONEWEB-0031             
1 45431U 20020H   26275.53694641  .00000513  00000+0  14106-2 0  9993
2 45431  87.8963 359.7369 0001622 102.4827 257.6483 13.11417970316725
ONEWEB-0027             
1 45432U 20020J   26275.93850699 -.00000026  00000+0 -10036-3 0  9995
2 45432  87.9188 344.4744 0001675 110.8603 249.2708 13.17648373320548
ONEWEB-0064             
1 45433U 20020K   26275.53525481  .00000533  00000+0  14668-2 0  9995
2 45433  87.8970 359.7353 0001671 104.8219 255.3094 13.11417612316752
ONEWEB-0018             
1 45434U 20020L   26275.56731366 -.00000393  00000+0 -11433-2 0  9993
2 45434  87.8970 359.7292 0001893  88.3818 271.7527 13.11417464316705
ONEWEB-0083             
1 45435U 20020M   26275.93892600 -.00000057  00000+0 -19667-3 0  9999
2 45435  87.8974 359.6549 0001737 100.4634 259.6689 13.11414487316798
ONEWEB-0095             
1 45436U 20020N   26275.93042975  .00000264  00000+0  70832-3 0  9991
2 45436  87.8961 359.6580 0002062 121.0209 239.1122 13.11416287316794
ONEWEB-0092             
1 45437U 20020P   26275.57945788 -.00000395  00000+0 -11506-2 0  9995
2 45437  87.8976 359.7250 0001769  93.5529 266.5801 13.11418651316860
ONEWEB-0085             
1 45438U 20020Q   26275.93864093 -.00000058  00000+0 -20028-3 0  9991
2 45438  87.8968 359.6551 0001814 102.0434 258.0898 13.11414488316795
ONEWEB-0096             
1 45439U 20020R   26275.94061537 -.00000129  00000+0 -40001-3 0  9997
2 45439  87.8969 359.6546 0001821 105.4152 254.7177 13.11414825316780
ONEWEB-0037             
1 45440U 20020S   26275.58428734 -.00000279  00000+0 -82337-3 0  9999
2 45440  87.8984 359.7052 0001829 106.8000 253.3329 13.11419026316778
ONEWEB-0042             
1 45441U 20020T   26275.93016475  .00000330  00000+0  89589-3 0  9996
2 45441  87.8970 359.6530 0001960 100.7162 259.4187 13.11416431316789
ONEWEB-0098             
1 45442U 20020U   26275.92606232  .00000508  00000+0  13965-2 0  9993
2 45442  87.8960 359.6592 0001759 101.4340 258.6986 13.11414806316769
ONEWEB-0055             
1 45443U 20020V   26275.52325963  .00000352  00000+0  95676-3 0  9996
2 45443  87.8977 359.7435 0001866 103.0286 257.1050 13.11418898316683
ONEWEB-0093             
1 45444U 20020W   26275.59275893  .00000058  00000+0  12927-3 0  9991
2 45444  87.8976 359.7286 0002007  93.9709 266.1649 13.11419727316756
ONEWEB-0029             
1 45445U 20020X   26275.30143595  .00000495  00000+0  13606-2 0  9993
2 45445  87.8966 359.7813 0001954  95.3461 264.7891 13.11417441316690
ONEWEB-0068             
1 45446U 20020Y   26275.50290336 -.00000401  00000+0 -11664-2 0  9993
2 45446  87.8970 359.7432 0001945  96.0847 264.0502 13.11418140316665
ONEWEB-0046             
1 45447U 20020Z   26275.49455965 -.00000510  00000+0 -14740-2 0  9992
2 45447  87.8967 359.7443 0002083 102.0999 258.0362 13.11416807316670
ONEWEB-0063             
1 45448U 20020AA  26275.52352195  .00000403  00000+0  11013-2 0  9997
2 45448  87.8974 359.7464 0002011 108.4330 251.7016 13.11419668316766
ONEWEB-0019             
1 45449U 20020AB  26275.94372787 -.00000219  00000+0 -65434-3 0  9997
2 45449  87.8969 359.6437 0001619 100.5898 259.5412 13.11415416316667
ONEWEB-0094             
1 45450U 20020AC  26275.42482516  .00000058  00000+0  11512-3 0  9991
2 45450  87.9197 344.5670 0001799  92.3906 267.7432 13.17649968320432
ONEWEB-0087             
1 45451U 20020AD  26275.53345221  .00002064  00000+0  57863-2 0  9992
2 45451  87.8968 359.7227 0002005  94.6030 265.5327 13.11436860316655
ONEWEB-0082             
1 45452U 20020AE  26274.76707180  .00000532  00000+0  14649-2 0  9996
2 45452  87.8974 359.8865 0002256  94.8115 265.3271 13.11417088316642
ONEWEB-0050             
1 45453U 20020AF  26274.88831366  .00001233  00000+0  12360-3 0  9992
2 45453  88.9359 218.7278 0002447   0.9246 359.1987 14.90668787356279
ONEWEB-0034             
1 45454U 20020AG  26275.49131196 -.00000496  00000+0 -14363-2 0  9991
2 45454  87.8974 359.7528 0001873 101.4327 258.7012 13.11415882316653
ONEWEB-0060             
1 45455U 20020AH  26275.52253942  .00000299  00000+0  80835-3 0  9997
2 45455  87.8971 359.7375 0002221  74.9644 285.1730 13.11418364316610
ONEWEB-0086             
1 45456U 20020AJ  26275.50120333 -.00000439  00000+0 -12736-2 0  9995
2 45456  87.8979 359.7450 0001560  76.6980 283.4322 13.11418165316673
ONEWEB-0088             
1 45457U 20020AK  26275.93708882  .00000003  00000+0 -26865-4 0  9990
2 45457  87.8978 359.6378 0002228 106.1603 253.9771 13.11414861316662
ONEWEB-0102             
1 47258U 20100A   26275.93331947 -.00000139  00000+0 -42222-3 0  9999
2 47258  87.8952 329.2795 0001728  93.4180 266.7147 13.12442123278864
ONEWEB-0109             
1 47259U 20100B   26275.86551934 -.00000366  00000+0 -10523-2 0  9992
2 47259  87.8962 329.2861 0001741 101.3170 258.8154 13.12443954278686
ONEWEB-0110             
1 47260U 20100C   26275.89266612  .00000013  00000+0  20638-5 0  9991
2 47260  87.8961 329.2649 0001781  89.0669 271.0664 13.12444211278859
ONEWEB-0111             
1 47261U 20100D   26275.92316923  .00000224  00000+0  58669-3 0  9994
2 47261  87.8953 329.2755 0001920  94.8054 265.3294 13.12441730278696
ONEWEB-0114             
1 47262U 20100E   26275.95364680 -.00000437  00000+0 -12500-2 0  9992
2 47262  87.8956 329.2697 0001621 103.4218 256.7091 13.12442422278656
ONEWEB-0117             
1 47263U 20100F   26275.18281237 -.00000426  00000+0 -12207-2 0  9996
2 47263  87.8961 329.4114 0001911  97.1005 263.0341 13.12443301278560
ONEWEB-0118             
1 47264U 20100G   26275.90284267  .00000402  00000+0  10816-2 0  9999
2 47264  87.8960 329.2713 0002020 107.0740 253.0610 13.12443117278857
ONEWEB-0119             
1 47265U 20100H   26275.85200636  .00000049  00000+0  99533-4 0  9994
2 47265  87.8952 329.2883 0001871  98.3177 261.8164 13.12441921278825
ONEWEB-0120             
1 47266U 20100J   26275.87584587 -.00000399  00000+0 -11444-2 0  9990
2 47266  87.8950 329.2857 0001700 102.0196 258.1123 13.12444138278850
ONEWEB-0121             
1 47267U 20100K   26275.86385643 -.00000350  00000+0 -10088-2 0  9992
2 47267  87.8961 329.2841 0002069  90.9329 269.2037 13.12442955278760
ONEWEB-0122             
1 47268U 20100L   26275.85793444 -.00000133  00000+0 -40553-3 0  9994
2 47268  87.8956 329.2886 0001698  97.1358 262.9963 13.12441880278676
ONEWEB-0123             
1 47269U 20100M   26275.92992320  .00000022  00000+0  26364-4 0  9997
2 47269  87.8957 329.2733 0001922 100.5106 259.6239 13.12442480278822
ONEWEB-0124             
1 47270U 20100N   26275.91977624  .00000316  00000+0  84328-3 0  9997
2 47270  87.8950 329.2757 0001809  90.2180 269.9156 13.12442101278703
ONEWEB-0125             
1 47271U 20100P   26275.89775529  .00000179  00000+0  46110-3 0  9999
2 47271  87.8962 329.2762 0002185  97.6196 262.5181 13.12443977278764
ONEWEB-0126             
1 47272U 20100Q   26275.91821871  .00000316  00000+0  84353-3 0  9999
2 47272  87.8954 329.2803 0001791 101.1823 258.9507 13.12442106278834
ONEWEB-0127             
1 47273U 20100R   26275.88418657 -.00000215  00000+0 -63430-3 0  9993
2 47273  87.8961 329.2821 0001746 100.3083 259.8243 13.12444689278859
ONEWEB-0128             
1 47274U 20100S   26275.90620823  .00000401  00000+0  10794-2 0  9996
2 47274  87.8949 329.2900 0001795  89.1927 270.9407 13.12444805278877
ONEWEB-0129             
1 47275U 20100T   26275.88588448 -.00000280  00000+0 -81360-3 0  9995
2 47275  87.8961 329.2788 0001318 134.0675 226.0562 13.12443608278804
ONEWEB-0130             
1 47276U 20100U   26275.91299859  .00000436  00000+0  11758-2 0  9999
2 47276  87.8962 329.2701 0001814  97.1273 263.0062 13.12442497278772
ONEWEB-0131             
1 47277U 20100V   26275.90961373  .00000400  00000+0  10752-2 0  9990
2 47277  87.8951 329.2772 0001802  93.9934 266.1400 13.12443126278819
ONEWEB-0132             
1 47278U 20100W   26275.48098809 -.00000354  00000+0 -10188-2 0  9992
2 47278  87.8953 329.3670 0001932  96.8635 263.2713 13.12442444278653
ONEWEB-0133             
1 47279U 20100X   26275.87897485 -.00000407  00000+0 -11679-2 0  9998
2 47279  87.8966 329.2763 0001827  93.1886 266.9451 13.12443313278869
ONEWEB-0134             
1 47280U 20100Y   26275.84861695  .00000163  00000+0  41695-3 0  9990
2 47280  87.8965 329.2794 0001609  95.7469 264.3843 13.12442255278835
ONEWEB-0135             
1 47281U 20100Z   26275.89606285  .00000083  00000+0  19596-3 0  9994
2 47281  87.8956 329.2797 0001637  91.9782 268.1534 13.12443371278868
ONEWEB-0136             
1 47282U 20100AA  26275.91468597  .00000364  00000+0  97765-3 0  9996
2 47282  87.8961 329.2654 0001535  96.4519 263.6785 13.12440931278791
ONEWEB-0137             
1 47283U 20100AB  26275.94856810 -.00000449  00000+0 -12841-2 0  9996
2 47283  87.8955 329.2719 0001996 100.3320 259.8034 13.12442745278703
ONEWEB-0138             
1 47284U 20100AC  26275.85030515  .00000121  00000+0  30197-3 0  9993
2 47284  87.8956 329.2930 0001627  98.5738 261.5575 13.12442438278778
ONEWEB-0139             
1 47285U 20100AD  26275.89111885 -.00000049  00000+0 -17216-3 0  9996
2 47285  87.8961 329.2719 0001824  98.5889 261.5446 13.12443364278851
ONEWEB-0140             
1 47286U 20100AE  26275.92146421  .00000267  00000+0  70755-3 0  9992
2 47286  87.8961 329.2589 0001878  92.4843 267.6501 13.12442508278824
ONEWEB-0141             
1 47287U 20100AF  26275.89083636 -.00000072  00000+0 -23572-3 0  9998
2 47287  87.8962 329.2689 0002048 104.1952 255.9404 13.12443962278804
ONEWEB-0142             
1 47288U 20100AG  26275.95547016 -.00000365  00000+0 -10492-2 0  9994
2 47288  87.8956 329.2714 0001686 111.1041 249.0268 13.12443183278808
ONEWEB-0143             
1 47289U 20100AH  26275.88926650 -.00000125  00000+0 -38185-3 0  9996
2 47289  87.8956 329.2841 0001898 102.0145 258.1196 13.12445328278779
ONEWEB-0144             
1 47290U 20100AJ  26275.86046954 -.00000253  00000+0 -73756-3 0  9991
2 47290  87.8964 329.2732 0001549 104.1393 255.9908 13.12442369278699
ONEWEB-0145             
1 47291U 20100AK  26275.90791472  .00000441  00000+0  11905-2 0  9993
2 47291  87.8954 329.2798 0001687 100.7903 259.3415 13.12442274278891
ONEWEB-0146             
1 47292U 20100AL  26275.90453818  .00000379  00000+0  10183-2 0  9990
2 47292  87.8956 329.2793 0002106  90.3680 269.7690 13.12443211278805
ONEWEB-0147             
1 47293U 20100AM  26275.87064244 -.00000444  00000+0 -12706-2 0  9996
2 47293  87.8962 329.2701 0001757  94.0379 266.0951 13.12442748278690
ONEWEB-0115             
1 48042U 21025A   26275.81467803  .00000079  00000+0  18175-3 0  9997
2 48042  87.8897 298.8038 0001892  90.9192 269.2154 13.13468898267729
ONEWEB-0152             
1 48043U 21025B   26275.82821499  .00000326  00000+0  85757-3 0  9999
2 48043  87.8896 298.8026 0002007  92.8088 267.3271 13.13468966267680
ONEWEB-0153             
1 48044U 21025C   26275.80619787 -.00000056  00000+0 -18857-3 0  9992
2 48044  87.8899 298.8054 0001822  95.9999 264.1338 13.13470387267672
ONEWEB-0154             
1 48045U 21025D   26275.80280346 -.00000155  00000+0 -45899-3 0  9994
2 48045  87.8896 298.8070 0001840  92.8968 267.2372 13.13471012267634
ONEWEB-0116             
1 48046U 21025E   26275.84174467  .00000133  00000+0  32976-3 0  9991
2 48046  87.8901 298.7972 0001923  89.7416 270.3934 13.13469517267789
ONEWEB-0150             
1 48047U 21025F   26275.81805136  .00000241  00000+0  62594-3 0  9992
2 48047  87.8900 298.8005 0002003  97.6992 262.4365 13.13470455267675
ONEWEB-0107             
1 48048U 21025G   26275.81974125  .00000301  00000+0  79012-3 0  9998
2 48048  87.8900 298.7956 0001766  98.0716 262.0614 13.13470812267652
ONEWEB-0101             
1 48049U 21025H   26275.85866854 -.00000266  00000+0 -76380-3 0  9999
2 48049  87.8898 298.7925 0001696  92.8660 267.2663 13.13470550267635
ONEWEB-0113             
1 48050U 21025J   26275.77235550 -.00000080  00000+0 -25385-3 0  9998
2 48050  87.8890 298.7070 0001998  96.2350 263.9007 13.13891653267736
ONEWEB-0112             
1 48051U 21025K   26275.82482429  .00000334  00000+0  87917-3 0  9993
2 48051  87.8901 298.7929 0001594  94.2559 265.8752 13.13469734267722
ONEWEB-0156             
1 48052U 21025L   26275.83328619  .00000265  00000+0  69099-3 0  9999
2 48052  87.8902 298.8005 0001852  97.3807 262.7532 13.13468973267701
ONEWEB-0161             
1 48053U 21025M   26275.80789811  .00000000  00000+0 -35837-4 0  9994
2 48053  87.8897 298.8056 0001811 100.4242 259.7091 13.13469736267631
ONEWEB-0158             
1 48054U 21025N   26275.84342580  .00000056  00000+0  11802-3 0  9992
2 48054  87.8901 298.7969 0001882  83.6147 276.5197 13.13470641267769
ONEWEB-0157             
1 48055U 21025P   26275.79264037 -.00000336  00000+0 -95559-3 0  9991
2 48055  87.8891 298.8074 0001609 103.9968 256.1341 13.13471089267694
ONEWEB-0162             
1 48056U 21025Q   26275.76882290  .00000041  00000+0  76615-4 0  9990
2 48056  87.8900 298.8120 0001978  96.2335 263.9019 13.13468983267663
ONEWEB-0155             
1 48057U 21025R   26275.77570119 -.00000155  00000+0 -46059-3 0  9992
2 48057  87.8899 298.8112 0001853  96.6724 263.4616 13.13470879267801
ONEWEB-0149             
1 48058U 21025S   26275.79773464 -.00000216  00000+0 -62677-3 0  9995
2 48058  87.8893 298.8087 0002034  97.1502 262.9859 13.13469655267611
ONEWEB-0148             
1 48059U 21025T   26275.83666467  .00000224  00000+0  57819-3 0  9994
2 48059  87.8892 298.8019 0002223 105.3651 254.7724 13.13469729267749
ONEWEB-0160             
1 48060U 21025U   26275.77741359 -.00000089  00000+0 -27777-3 0  9994
2 48060  87.8887 298.8092 0002296  77.2512 282.8873 13.13469730267681
ONEWEB-0163             
1 48061U 21025V   26275.76218445  .00000166  00000+0  41931-3 0  9991
2 48061  87.8897 298.8156 0001653 100.3640 259.7676 13.13468694267806
ONEWEB-0159             
1 48062U 21025W   26275.82990360  .00000320  00000+0  84123-3 0  9994
2 48062  87.8901 298.7978 0001652  98.4245 261.7072 13.13469423267737
ONEWEB-0164             
1 48063U 21025X   26275.81127563  .00000128  00000+0  31638-3 0  9990
2 48063  87.8893 298.8060 0001860  91.0482 269.0860 13.13470255267713
ONEWEB-0167             
1 48064U 21025Y   26275.76301728  .00000170  00000+0  43022-3 0  9999
2 48064  87.8892 298.8173 0001195  92.5116 267.6150 13.13470441267699
ONEWEB-0166             
1 48065U 21025Z   26275.86205286 -.00000278  00000+0 -79755-3 0  9996
2 48065  87.8901 298.7780 0001881  94.7772 265.3572 13.13469910267780
ONEWEB-0151             
1 48066U 21025AA  26275.86373737 -.00000273  00000+0 -78237-3 0  9993
2 48066  87.8898 298.7911 0001742  91.9906 268.1423 13.13470867267729
ONEWEB-0170             
1 48067U 21025AB  26275.87221625 -.00000222  00000+0 -64282-3 0  9992
2 48067  87.8900 298.7924 0001846  76.8471 283.2864 13.13469272267682
ONEWEB-0168             
1 48068U 21025AC  26275.78080355 -.00000253  00000+0 -72770-3 0  9991
2 48068  87.8894 298.8108 0001807  93.0328 267.1008 13.13469128267680
ONEWEB-0173             
1 48069U 21025AD  26275.84850637 -.00000105  00000+0 -32165-3 0  9997
2 48069  87.8900 298.7961 0001522  98.7881 261.3420 13.13469657267934
ONEWEB-0171             
1 48070U 21025AE  26275.80958454  .00000038  00000+0  69557-4 0  9990
2 48070  87.8892 298.8069 0001776  91.3963 268.7370 13.13469558267741
ONEWEB-0172             
1 48071U 21025AF  26275.78926828 -.00001388  00000+0 -38355-2 0  9999
2 48071  87.8894 298.8095 0001653  92.9819 267.1500 13.13460497268634
ONEWEB-0174             
1 48072U 21025AG  26275.84682974 -.00000030  00000+0 -11588-3 0  9991
2 48072  87.8903 298.7974 0001913  97.2384 262.8962 13.13468055267962
ONEWEB-0175             
1 48073U 21025AH  26275.80111960 -.00000186  00000+0 -54386-3 0  9995
2 48073  87.8898 298.7929 0001626  85.7372 274.3943 13.13469652267619
ONEWEB-0177             
1 48074U 21025AJ  26275.81295650  .00000115  00000+0  27973-3 0  9998
2 48074  87.8895 298.8042 0001829 102.0410 258.0925 13.13469117267801
ONEWEB-0178             
1 48075U 21025AK  26275.83172585  .00000264  00000+0  68779-3 0  9996
2 48075  87.8888 298.8056 0001590  92.8788 267.2523 13.13469684267858
ONEWEB-0108             
1 48076U 21025AL  26275.86714506 -.00000297  00000+0 -84864-3 0  9996
2 48076  87.8902 298.7887 0002050  83.9982 276.1381 13.13472737267782
ONEWEB-0169             
1 48077U 21025AM  26275.82313169  .00000316  00000+0  82941-3 0  9997
2 48077  87.8896 298.8028 0001896  96.8262 263.3083 13.13468775266439
ONEWEB-0176             
1 48210U 21031A   26275.96065050  .00000156  00000+0  38605-3 0  9991
2 48210  87.8900 268.1973 0001790  85.7706 274.3628 13.14503199262474
ONEWEB-0184             
1 48211U 21031B   26275.93528397 -.00000167  00000+0 -48557-3 0  9998
2 48211  87.8899 268.2081 0001362  65.8501 294.2771 13.14501741262448
ONEWEB-0179             
1 48212U 21031C   26275.91007302  .00002132  00000+0  19443-3 0  9999
2 48212  87.8867 260.2765 0349206 255.5932 100.6292 14.58058529264577
ONEWEB-0180             
1 48213U 21031D   26275.93865853 -.00000152  00000+0 -44530-3 0  9992
2 48213  87.8903 268.2075 0001525  94.0673 266.0631 13.14504995262372
ONEWEB-0218             
1 48214U 21031E   26275.80673816  .00000195  00000+0  49210-3 0  9990
2 48214  87.8901 268.2321 0001114  86.7912 273.3345 13.14502491262511
ONEWEB-0209             
1 48215U 21031F   26275.79658658  .00000006  00000+0 -17726-4 0  9996
2 48215  87.8898 268.2437 0001768  94.8553 265.2779 13.14502659262518
ONEWEB-0198             
1 48216U 21031G   26275.70539527 -.00000203  00000+0 -58303-3 0  9996
2 48216  87.8888 268.2509 0001478  93.1684 266.9615 13.14502735262616
ONEWEB-0189             
1 48217U 21031H   26275.94543093 -.00000055  00000+0 -18219-3 0  9993
2 48217  87.8908 268.2037 0001598  91.7462 268.3851 13.14503281262386
ONEWEB-0196             
1 48218U 21031J   26275.92515101 -.00000136  00000+0 -40231-3 0  9990
2 48218  87.8899 268.2135 0001765  92.7715 267.3617 13.14503407262382
ONEWEB-0183             
1 48219U 21031K   26275.74584347  .00000159  00000+0  39395-3 0  9991
2 48219  87.8899 268.2457 0002067  92.1269 268.0098 13.14502587262451
ONEWEB-0185             
1 48220U 21031L   26275.69594196 -.00000181  00000+0 -52362-3 0  9996
2 48220  87.8900 268.2543 0002050 101.4460 258.6900 13.14501694262377
ONEWEB-0187             
1 48221U 21031M   26275.98080485  .00000167  00000+0  41628-3 0  9995
2 48221  87.8899 268.2075 0001822  91.2891 268.8448 13.14504885262426
ONEWEB-0192             
1 48222U 21031N   26275.79828367  .00000019  00000+0  17680-4 0  9992
2 48222  87.8896 268.2331 0001786  88.3950 271.7385 13.14502598262311
ONEWEB-0219             
1 48223U 21031P   26275.93023130  .00001479  00000+0  39541-2 0  9993
2 48223  87.8907 268.2074 0001823  93.8443 266.2895 13.14495373262530
ONEWEB-0202             
1 48224U 21031Q   26275.91159751  .00000065  00000+0  13977-3 0  9997
2 48224  87.8899 268.2184 0001226  81.3266 278.8003 13.14504743262515
ONEWEB-0204             
1 48225U 21031R   26275.94458779 -.00000051  00000+0 -17245-3 0  9992
2 48225  87.8898 268.2065 0002226  91.2995 268.8390 13.14502078262419
ONEWEB-0205             
1 48226U 21031S   26275.92174361 -.00000086  00000+0 -26629-3 0  9997
2 48226  87.8900 268.2091 0001728  94.3536 265.7791 13.14504719262420
ONEWEB-0206             
1 48227U 21031T   26275.96912097  .00000263  00000+0  67408-3 0  9993
2 48227  87.8906 268.1984 0001999  85.4947 274.6412 13.14503159262385
ONEWEB-0182             
1 48228U 21031U   26275.96403725  .00000206  00000+0  52082-3 0  9996
2 48228  87.8897 268.2029 0002069  88.6512 271.4855 13.14501969262594
ONEWEB-0186             
1 48229U 21031V   26275.74753901  .00000210  00000+0  53120-3 0  9996
2 48229  87.8903 268.2457 0001807  88.8186 271.3151 13.14502733262516
ONEWEB-0181             
1 48230U 21031W   26275.95386031  .00000055  00000+0  11324-3 0  9994
2 48230  87.8898 268.2178 0001743  98.5116 261.6211 13.14506211262391
ONEWEB-0188             
1 48231U 21031X   26275.91669140 -.00000067  00000+0 -21439-3 0  9999
2 48231  87.8899 268.2251 0001897  89.4829 270.6518 13.14503165262299
ONEWEB-0220             
1 48232U 21031Y   26275.80250043  .00000112  00000+0  26737-3 0  9991
2 48232  87.8899 268.2336 0001861  93.8956 266.2386 13.14501257262547
ONEWEB-0165             
1 48233U 21031Z   26275.75600186  .00000118  00000+0  28481-3 0  9997
2 48233  87.8901 268.2516 0001505  90.0703 270.0599 13.14502809262493
ONEWEB-0199             
1 48234U 21031AA  26275.96741575  .00000301  00000+0  77608-3 0  9998
2 48234  87.8907 268.1998 0002004  83.2896 276.8462 13.14504241262423
ONEWEB-0203             
1 48235U 21031AB  26275.95727561  .00000116  00000+0  27942-3 0  9997
2 48235  87.8899 268.2029 0001798  79.8185 280.3148 13.14502868262436
ONEWEB-0197             
1 48236U 21031AC  26275.78120676 -.00000231  00000+0 -65893-3 0  9990
2 48236  87.8895 268.2178 0002065  88.9044 271.2322 13.14505097262329
ONEWEB-0194             
1 48237U 21031AD  26275.91327930 -.00000031  00000+0 -11914-3 0  9991
2 48237  87.8901 268.2168 0001929  81.8179 278.3169 13.14505661262511
ONEWEB-0193             
1 48238U 21031AE  26275.92853093 -.00000139  00000+0 -40958-3 0  9996
2 48238  87.8907 268.2081 0002057  77.2469 282.8890 13.14503301262460
ONEWEB-0191             
1 48239U 21031AF  26275.71200560 -.00000137  00000+0 -40423-3 0  9994
2 48239  87.8900 268.2519 0001984  90.2855 269.8502 13.14501379262291
ONEWEB-0195             
1 48240U 21031AG  26275.91068170  .00000050  00000+0  99436-4 0  9998
2 48240  87.8901 268.2081 0001518  91.2707 268.8598 13.15777006262307
ONEWEB-0201             
1 48241U 21031AH  26275.98109343  .00000202  00000+0  50906-3 0  9991
2 48241  87.8900 268.2088 0002070  97.8465 262.2900 13.14503226262542
ONEWEB-0207             
1 48242U 21031AJ  26275.95981276  .00000134  00000+0  32594-3 0  9999
2 48242  87.8899 268.2018 0002301  95.0858 265.0535 13.14501446262453
ONEWEB-0208             
1 48243U 21031AK  26275.94206124 -.00000102  00000+0 -30975-3 0  9999
2 48243  87.8896 268.2076 0001592  91.9529 268.1783 13.14503280262464
ONEWEB-0200             
1 48244U 21031AL  26275.75429529  .00000127  00000+0  30809-3 0  9996
2 48244  87.8905 268.2420 0001838  97.4269 262.7070 13.14503919262361
ONEWEB-0217             
1 48245U 21031AM  26275.92344532 -.00000137  00000+0 -40499-3 0  9995
2 48245  87.8903 268.2103 0001554  87.6907 272.4401 13.14503850262330
ONEWEB-0211             
1 48767U 21045A   26275.91105741 -.00000032  00000+0 -11779-3 0  9998
2 48767  87.9013 237.5814 0001283  71.9063 288.2208 13.16197979258617
ONEWEB-0223             
1 48768U 21045B   26275.89044692  .00000135  00000+0  32565-3 0  9991
2 48768  87.9016 237.7228 0001658  70.9478 289.1832 13.15548345258560
ONEWEB-0230             
1 48769U 21045C   26275.86192287 -.00000002  00000+0 -40190-4 0  9992
2 48769  87.9013 237.7369 0002124  80.3739 279.7631 13.15548601258824
ONEWEB-0237             
1 48770U 21045D   26275.69870301 -.00000061  00000+0 -19487-3 0  9994
2 48770  87.9011 237.7676 0001706  86.4483 273.6843 13.15550256258527
ONEWEB-0235             
1 48771U 21045E   26275.90152500  .00000099  00000+0  22769-3 0  9999
2 48771  87.9017 237.7221 0001775  68.1017 292.0302 13.15549925258544
ONEWEB-0242             
1 48772U 21045F   26275.59096475  .00000173  00000+0  42614-3 0  9997
2 48772  87.9018 237.7825 0002011  74.4360 285.6992 13.15549226258548
ONEWEB-0241             
1 48773U 21045G   26275.88250971  .00000172  00000+0  42174-3 0  9993
2 48773  87.9013 237.7329 0001690  73.4640 286.6676 13.15549470258490
ONEWEB-0243             
1 48774U 21045H   26275.68605000 -.00000053  00000+0 -17480-3 0  9991
2 48774  87.9008 237.7830 0002140  65.7945 294.3409 13.15548184258496
ONEWEB-0222             
1 48775U 21045J   26275.89755978 -.00000272  00000+0 -75530-3 0  9998
2 48775  87.9016 237.7167 0001708  75.3616 284.7704 13.15550742258562
ONEWEB-0244             
1 48776U 21045K   26275.69554407 -.00000081  00000+0 -24818-3 0  9992
2 48776  87.9019 237.7582 0001916  76.0989 284.0354 13.15547456259102
ONEWEB-0247             
1 48777U 21045L   26275.69238600 -.00000078  00000+0 -24165-3 0  9998
2 48777  87.9007 237.7757 0002015  56.1342 303.9980 13.15548233258544
ONEWEB-0245             
1 48778U 21045M   26275.68761279 -.00000045  00000+0 -15474-3 0  9998
2 48778  87.9017 237.7659 0001561  79.5980 280.5326 13.15546495258518
ONEWEB-0229             
1 48779U 21045N   26275.68287340 -.00000014  00000+0 -70700-4 0  9991
2 48779  87.9018 237.7640 0002010  76.4627 283.6727 13.15547946258548
ONEWEB-0228             
1 48780U 21045P   26275.86841510  .00000024  00000+0  30851-4 0  9990
2 48780  87.9017 237.7256 0001925  78.1924 281.9423 13.15547815258487
ONEWEB-0232             
1 48781U 21045Q   26275.69080551  .00000051  00000+0  10045-3 0  9994
2 48781  87.9020 237.7598 0001897  80.5777 279.5568 13.15547966258785
ONEWEB-0231             
1 48782U 21045R   26275.89679443  .00000159  00000+0  38889-3 0  9996
2 48782  87.9014 237.7259 0001780  74.5838 285.5489 13.15548258258509
ONEWEB-0234             
1 48783U 21045S   26275.85862878 -.00000043  00000+0 -14897-3 0  9996
2 48783  87.9021 237.7221 0001681 104.5356 255.5961 13.15547437258630
ONEWEB-0238             
1 48784U 21045T   26275.85888377 -.00000039  00000+0 -13684-3 0  9997
2 48784  87.9020 237.7179 0001956  98.9608 261.1743 13.15546841258531
ONEWEB-0240             
1 48785U 21045U   26275.88013739  .00000148  00000+0  35883-3 0  9997
2 48785  87.9019 237.7215 0001671  76.4953 283.6363 13.15546795258567
ONEWEB-0246             
1 48786U 21045V   26275.87460191  .00000079  00000+0  17522-3 0  9998
2 48786  87.9015 237.7250 0001980  77.5110 282.6242 13.15547868258436
ONEWEB-0210             
1 48787U 21045W   26275.69713597 -.00000048  00000+0 -16049-3 0  9991
2 48787  87.9017 237.7579 0002284  58.7592 301.3762 13.15548354258455
ONEWEB-0214             
1 48788U 21045X   26275.85795843 -.00000009  00000+0 -57358-4 0  9990
2 48788  87.9017 237.7234 0002248  75.7296 284.4084 13.15547053258446
ONEWEB-0221             
1 48789U 21045Y   26275.86509355  .00000018  00000+0  12492-4 0  9991
2 48789  87.9015 237.7295 0001827  75.6880 284.4453 13.15548495258533
ONEWEB-0213             
1 48790U 21045Z   26275.85399278 -.00000030  00000+0 -11292-3 0  9995
2 48790  87.9016 237.7343 0001904  71.4937 288.6400 13.15549407258591
ONEWEB-0212             
1 48791U 21045AA  26275.90707032  .00000021  00000+0  22081-4 0  9990
2 48791  87.9018 237.7177 0002029  77.8681 282.2676 13.15546538258591
ONEWEB-0227             
1 48792U 21045AB  26275.67812717  .00000046  00000+0  88447-4 0  9997
2 48792  87.9016 237.7620 0001878  77.7896 282.3445 13.15548874258513
ONEWEB-0226             
1 48793U 21045AC  26275.89993693  .00000085  00000+0  19049-3 0  9999
2 48793  87.9018 237.7239 0002013  71.9687 288.1662 13.15547432258512
ONEWEB-0224             
1 48794U 21045AD  26275.86349964  .00000028  00000+0  40142-4 0  9999
2 48794  87.9006 237.7573 0001132  94.0368 266.0892 13.15549164258439
ONEWEB-0233             
1 48795U 21045AE  26275.63995081  .00000083  00000+0  18698-3 0  9993
2 48795  87.9004 237.8079 0001731  74.3766 285.7555 13.15548434258420
ONEWEB-0190             
1 48796U 21045AF  26275.85557614 -.00000070  00000+0 -22015-3 0  9990
2 48796  87.9014 237.7349 0001796  59.3534 300.7774 13.15549055258520
ONEWEB-0236             
1 48797U 21045AG  26275.87300939  .00000116  00000+0  27387-3 0  9995
2 48797  87.9012 237.7343 0001941  83.2668 276.8684 13.15548864258417
ONEWEB-0248             
1 48798U 21045AH  26275.88567981  .00000153  00000+0  37244-3 0  9993
2 48798  87.9016 237.7245 0001554  70.6211 289.5087 13.15550042258573
ONEWEB-0225             
1 48799U 21045AJ  26275.60364434  .00000004  00000+0 -22551-4 0  9994
2 48799  87.9016 237.7857 0001758  63.1109 297.0201 13.15548022258546
ONEWEB-0215             
1 48800U 21045AK  26275.87775033  .00000148  00000+0  35925-3 0  9993
2 48800  87.9016 237.7184 0001614  60.4538 299.6753 13.15550103258452
ONEWEB-0216             
1 48801U 21045AL  26275.65911040  .00000125  00000+0  29742-3 0  9995
2 48801  87.9015 237.7731 0002032  79.6036 280.5324 13.15547806258437
ONEWEB-0239             
1 48802U 21045AM  26275.58778882  .00000204  00000+0  50664-3 0  9998
2 48802  87.9016 237.7911 0001264  60.7652 299.3605 13.15547354258461
ONEWEB-0249             
1 48967U 21060A   26275.28460850  .00000050  00000+0  97330-4 0  9998
2 48967  87.9175 207.5224 0001811  72.7497 287.3832 13.16593705253702
ONEWEB-0250             
1 48968U 21060B   26275.54700941 -.00000047  00000+0 -13672-3 0  9990
2 48968  87.9182 204.8808 0001328 104.8071 255.3212 13.25839322254444
ONEWEB-0252             
1 48970U 21060D   26275.92343816  .00000037  00000+0  64365-4 0  9992
2 48970  87.9174 207.3887 0002158  81.1810 278.9565 13.16598251253830
ONEWEB-0253             
1 48971U 21060E   26275.53239897  .00000001  00000+0 -31842-4 0  9999
2 48971  87.9174 207.4713 0001793  75.0758 285.0571 13.16594217253718
ONEWEB-0254             
1 48972U 21060F   26275.54188558 -.00000059  00000+0 -18821-3 0  9993
2 48972  87.9174 207.4682 0001637  69.1725 290.9581 13.16594745253711
ONEWEB-0255             
1 48973U 21060G   26275.57988913  .00000156  00000+0  37510-3 0  9992
2 48973  87.9176 207.4659 0001748  70.1003 290.0316 13.16594746253798
ONEWEB-0256             
1 48974U 21060H   26275.53001842  .00000029  00000+0  41294-4 0  9990
2 48974  87.9175 207.4765 0002046  73.7673 286.3683 13.16594571253757
ONEWEB-0257             
1 48975U 21060J   26275.63847676  .00000131  00000+0  30792-3 0  9999
2 48975  87.9173 207.4458 0001900  69.6688 290.4647 13.16594733253726
ONEWEB-0258             
1 48976U 21060K   26275.64005088  .00000125  00000+0  29218-3 0  9998
2 48976  87.9163 207.4542 0001854  74.6917 285.4419 13.16595577253738
ONEWEB-0259             
1 48977U 21060L   26275.55772475  .00000042  00000+0  75185-4 0  9993
2 48977  87.9176 207.4732 0001720  74.1251 286.0069 13.16594466253758
ONEWEB-0260             
1 48978U 21060M   26275.54900769  .00000049  00000+0  95812-4 0  9998
2 48978  87.9166 207.4717 0002263  71.8628 288.2750 13.16592656253734
ONEWEB-0261             
1 48979U 21060N   26275.59491245  .00000049  00000+0  94719-4 0  9993
2 48979  87.9163 207.4621 0001869  64.2941 295.8382 13.16592103253799
ONEWEB-0262             
1 48980U 21060P   26275.57513082  .00000120  00000+0  27927-3 0  9993
2 48980  87.9174 207.4570 0001604  73.1887 286.9419 13.16595384253753
ONEWEB-0263             
1 48981U 21060Q   26275.53080571  .00000022  00000+0  24190-4 0  9993
2 48981  87.9164 207.4751 0001755  64.7379 295.3934 13.16594616253712
ONEWEB-0264             
1 48982U 21060R   26275.56801946  .00000072  00000+0  15450-3 0  9997
2 48982  87.9162 207.4677 0002004  70.3771 289.7577 13.16594863253720
ONEWEB-0266             
1 48984U 21060T   26275.36139853  .00000107  00000+0  24520-3 0  9995
2 48984  87.9175 207.5054 0001871  76.0990 284.0349 13.16594229253689
ONEWEB-0267             
1 48985U 21060U   26275.60046863  .00000023  00000+0  27738-4 0  9993
2 48985  87.9176 207.4547 0001899  68.2746 291.8587 13.16594748253720
ONEWEB-0268             
1 48986U 21060V   26275.56880635  .00000071  00000+0  15288-3 0  9991
2 48986  87.9171 207.4689 0002038  75.3831 284.7526 13.16594346253989
ONEWEB-0269             
1 48987U 21060W   26275.54979379  .00000083  00000+0  18255-3 0  9994
2 48987  87.9172 207.4706 0002086  81.5608 278.5759 13.16595949253759
ONEWEB-0270             
1 48988U 21060X   26275.56722469  .00000156  00000+0  37578-3 0  9993
2 48988  87.9165 207.4676 0001589  67.4709 292.6590 13.16594741253793
ONEWEB-0271             
1 48989U 21060Y   26275.55456229  .00000097  00000+0  22028-3 0  9999
2 48989  87.9170 207.4633 0001802  67.2695 292.8627 13.16594333253793
ONEWEB-0272             
1 48990U 21060Z   26275.57671741  .00000169  00000+0  40841-3 0  9994
2 48990  87.9173 207.4664 0002165  70.8343 289.3022 13.16594316253741
ONEWEB-0273             
1 48991U 21060AA  26275.52289852  .00000043  00000+0  79496-4 0  9998
2 48991  87.9164 207.4764 0001791  70.2680 289.8644 13.16594772253713
ONEWEB-0274             
1 48992U 21060AB  26275.54821272  .00000057  00000+0  11603-3 0  9999
2 48992  87.9169 207.4707 0002183  70.6767 289.4600 13.16595511253756
ONEWEB-0275             
1 48993U 21060AC  26275.53712090  .00000057  00000+0  11542-3 0  9998
2 48993  87.9176 207.4713 0002756  71.3072 288.8358 13.16596415253684
ONEWEB-0276             
1 48994U 21060AD  26275.57039584  .00000149  00000+0  35586-3 0  9999
2 48994  87.9176 207.4634 0002046  72.1609 287.9745 13.16594005253700
ONEWEB-0277             
1 48995U 21060AE  26275.50703489 -.00000009  00000+0 -55852-4 0  9991
2 48995  87.9176 207.4796 0001831  70.3344 289.7985 13.16596372253689
ONEWEB-0278             
1 48996U 21060AF  26275.57355208  .00000102  00000+0  23292-3 0  9995
2 48996  87.9176 207.4618 0001836  80.0131 280.1207 13.16594825253829
ONEWEB-0279             
1 48997U 21060AG  26275.58148055  .00000111  00000+0  25653-3 0  9990
2 48997  87.9176 207.4590 0001923  66.6097 293.5236 13.16593726253758
ONEWEB-0280             
1 48998U 21060AH  26275.59651424  .00000038  00000+0  66165-4 0  9993
2 48998  87.9176 207.4594 0001575  75.8345 284.2961 13.16595001253697
ONEWEB-0281             
1 48999U 21060AJ  26275.52606072  .00000016  00000+0  74749-5 0  9990
2 48999  87.9176 207.4705 0002059  74.6560 285.4799 13.16593934253758
ONEWEB-0282             
1 49000U 21060AK  26275.55612348  .00000066  00000+0  13815-3 0  9990
2 49000  87.9173 207.4702 0001780  72.4735 287.6590 13.16596321253730
ONEWEB-0283             
1 49001U 21060AL  26275.54505561  .00000034  00000+0  55174-4 0  9998
2 49001  87.9173 207.4716 0001924  69.7895 290.3443 13.16594107253741
ONEWEB-0284             
1 49002U 21060AM  26275.53871204 -.00000006  00000+0 -48766-4 0  9998
2 49002  87.9174 207.4677 0001636  79.4648 280.6667 13.16594989253729
ONEWEB-0285             
1 49075U 21075A   26275.93586146 -.00000232  00000+0 -68065-3 0  9990
2 49075  87.8956 329.2724 0002069 101.1570 258.9791 13.12441563249344
ONEWEB-0286             
1 49076U 21075B   26275.91795321  .00000334  00000+0  89395-3 0  9996
2 49076  87.8950 329.2838 0002081  99.8264 260.3099 13.12441280248693
ONEWEB-0287             
1 49077U 21075C   26275.92008690 -.00000040  00000+0 -13653-3 0  9994
2 49077  87.9187 344.4761 0002242 106.3292 253.8087 13.17649710247815
ONEWEB-0288             
1 49078U 21075D   26275.89436148  .00000126  00000+0  31532-3 0  9993
2 49078  87.8958 329.2747 0001956 105.1073 255.0272 13.12443483249312
ONEWEB-0289             
1 49079U 21075E   26275.42733124  .00000071  00000+0  15091-3 0  9998
2 49079  87.9179 344.5893 0001528 106.0477 254.0823 13.17647796248323
ONEWEB-0290             
1 49080U 21075F   26275.93188916 -.00000112  00000+0 -32088-3 0  9992
2 49080  87.9189 344.4712 0001446 108.1517 251.9772 13.17646702247809
ONEWEB-0291             
1 49081U 21075G   26275.91664760 -.00000027  00000+0 -10330-3 0  9998
2 49081  87.9187 344.4743 0001922 110.4460 249.6878 13.17649870247792
ONEWEB-0293             
1 49082U 21075H   26275.94201242  .00000021  00000+0  21912-4 0  9995
2 49082  87.9184 344.4717 0001776 103.9199 256.2130 13.17647456247821
ONEWEB-0294             
1 49083U 21075J   26275.90113441  .00000272  00000+0  72008-3 0  9994
2 49083  87.8961 329.2783 0001584 103.7196 256.4109 13.12444750248703
ONEWEB-0295             
1 49084U 21075K   26275.94117029 -.00000011  00000+0 -61880-4 0  9995
2 49084  87.9185 344.4762 0002056 108.2876 251.8479 13.17647099247781
ONEWEB-0296             
1 49085U 21075L   26275.88080160 -.00000344  00000+0 -99262-3 0  9997
2 49085  87.8954 329.2866 0001938 107.9673 252.1667 13.12443927248705
ONEWEB-0297             
1 49086U 21075M   26275.91130079  .00000386  00000+0  10388-2 0  9992
2 49086  87.8950 329.2834 0001943 100.6581 259.4766 13.12443366249316
ONEWEB-0298             
1 49087U 21075N   26275.48991730 -.00000015  00000+0 -71487-4 0  9994
2 49087  87.9187 344.5636 0001999  99.2531 260.8827 13.17650007247756
ONEWEB-0299             
1 49088U 21075P   26275.94706938  .00000026  00000+0  32891-4 0  9996
2 49088  87.9193 344.4628 0002039 102.9076 257.2284 13.17650332247798
ONEWEB-0300             
1 49089U 21075Q   26275.90367823  .00000350  00000+0  93669-3 0  9998
2 49089  87.8962 329.2764 0002206  92.5758 267.5623 13.12444022249336
ONEWEB-0301             
1 49090U 21075R   26275.88760389 -.00000149  00000+0 -44918-3 0  9992
2 49090  87.8958 329.2755 0002074  90.3245 269.8121 13.12443089248691
ONEWEB-0302             
1 49091U 21075S   26275.87402548 -.00000433  00000+0 -12377-2 0  9991
2 49091  87.8955 329.2864 0001669 107.0883 253.0429 13.12442905248673
ONEWEB-0304             
1 49092U 21075T   26275.54208451  .00000002  00000+0 -27144-4 0  9994
2 49092  87.9186 344.5554 0001980 104.0406 256.0946 13.17650754247710
ONEWEB-0305             
1 49093U 21075U   26275.91501819 -.00000047  00000+0 -15379-3 0  9996
2 49093  87.9188 344.4739 0002215 107.3766 252.7608 13.17647317247791
ONEWEB-0308             
1 49094U 21075V   26275.86724342 -.00000415  00000+0 -11889-2 0  9999
2 49094  87.8962 329.2861 0001860  97.4241 262.7099 13.12442651248683
ONEWEB-0309             
1 49095U 21075W   26275.91839867 -.00000025  00000+0 -96935-4 0  9999
2 49095  87.9186 344.4734 0001570 111.0710 249.0590 13.17648381247768
ONEWEB-0310             
1 49096U 21075X   26275.88250043 -.00000333  00000+0 -96165-3 0  9995
2 49096  87.8954 329.2947 0001861  97.4285 262.7055 13.12443908249319
ONEWEB-0311             
1 49097U 21075Y   26275.92513834 -.00000039  00000+0 -13234-3 0  9990
2 49097  87.9186 344.4727 0002325 104.9956 255.1434 13.17650063247815
ONEWEB-0312             
1 49098U 21075Z   26275.94033872 -.00000010  00000+0 -60021-4 0  9998
2 49098  87.9183 344.4798 0001980 108.7005 251.4341 13.17647614247795
ONEWEB-0313             
1 49099U 21075AA  26275.94525098  .00000039  00000+0  67419-4 0  9992
2 49099  87.9185 344.4823 0001974 102.4193 257.7160 13.17650337247782
ONEWEB-0314             
1 49100U 21075AB  26275.91163736 -.00000058  00000+0 -18287-3 0  9990
2 49100  87.9197 344.4743 0002014 110.3944 249.7404 13.17650553247756
ONEWEB-0315             
1 49101U 21075AC  26275.93162866 -.00000052  00000+0 -18070-3 0  9990
2 49101  87.8961 329.2578 0002259  99.5775 260.5609 13.12442006249301
ONEWEB-0316             
1 49102U 21075AD  26275.82771798  .00000051  00000+0  96821-4 0  9997
2 49102  87.9134 314.0640 0001832  98.8759 261.2581 13.18685641251396
ONEWEB-0317             
1 49103U 21075AE  26275.93497766 -.00000227  00000+0 -66766-3 0  9991
2 49103  87.8953 329.2754 0001263  97.9338 262.1934 13.12444502249325
ONEWEB-0318             
1 49104U 21075AF  26275.82504143  .00009560  00000+0  24208-1 0  9998
2 49104  87.9137 314.0682 0002062  97.3019 262.8348 13.18637485251353
ONEWEB-0319             
1 49105U 21075AG  26275.47120700  .00000054  00000+0  10577-3 0  9998
2 49105  87.9183 344.5669 0002369  99.0541 261.0859 13.17647110247737
ONEWEB-0323             
1 49106U 21075AH  26275.91638608  .00000362  00000+0  97219-3 0  9999
2 49106  87.8962 329.2666 0002394 103.5637 256.5758 13.12442847248681
ONEWEB-0329             
1 49107U 21075AJ  26275.93525451 -.00000228  00000+0 -62129-3 0  9998
2 49107  87.9185 344.4766 0001960 105.0506 255.0843 13.17648835247778
ONEWEB-0330             
1 49108U 21075AK  26275.93878723 -.00000037  00000+0 -12790-3 0  9999
2 49108  87.9189 344.4902 0001882 105.3904 254.7435 13.17648016247812
ONEWEB-0292             
1 49186U 21083A   26275.80451479 -.00000108  00000+0 -33172-3 0  9991
2 49186  87.8893 298.8154 0002016  94.2722 265.8638 13.13470256245051
ONEWEB-0303             
1 49187U 21083B   26275.82083558  .00000001  00000+0 -31406-4 0  9993
2 49187  87.9137 314.0669 0002085  96.8046 263.3324 13.18685320244160
ONEWEB-0306             
1 49188U 21083C   26275.81071913  .00000002  00000+0 -26756-4 0  9998
2 49188  87.9143 314.0608 0001653  96.1961 263.9359 13.18685117244203
ONEWEB-0307             
1 49189U 21083D   26275.87474777 -.00000166  00000+0 -48951-3 0  9992
2 49189  87.8895 298.8002 0001968  96.0535 264.0818 13.13469614245063
ONEWEB-0320             
1 49190U 21083E   26275.83092889 -.00000029  00000+0 -10692-3 0  9999
2 49190  87.9129 314.0635 0001857  95.2513 264.8831 13.18687411244168
ONEWEB-0321             
1 49191U 21083F   26275.69991733  .00000027  00000+0  34642-4 0  9998
2 49191  87.9156 252.9836 0001866  78.8286 281.3057 13.20770335251024
ONEWEB-0322             
1 49192U 21083G   26275.79434179 -.00000343  00000+0 -97428-3 0  9999
2 49192  87.8890 298.8152 0001665  81.0167 279.1151 13.13469902245042
ONEWEB-0324             
1 49193U 21083H   26275.80396378 -.00000014  00000+0 -67371-4 0  9990
2 49193  87.9141 314.0682 0001805 100.5178 259.6158 13.18687912244189
ONEWEB-0325             
1 49194U 21083J   26275.80734318 -.00000049  00000+0 -15827-3 0  9997
2 49194  87.9137 314.0663 0001995  92.7901 267.3459 13.18683944244192
ONEWEB-0326             
1 49195U 21083K   26275.82265553  .00000028  00000+0  38103-4 0  9998
2 49195  87.9136 314.0669 0002187  95.3366 264.8015 13.18687199244181
ONEWEB-0327             
1 49196U 21083L   26275.82239276 -.00000025  00000+0 -96606-4 0  9993
2 49196  87.9131 314.0644 0002291  91.6332 268.5062 13.18686513244203
ONEWEB-0328             
1 49197U 21083M   26275.78418989 -.00000294  00000+0 -83935-3 0  9997
2 49197  87.8899 298.8008 0001808  97.1926 262.9409 13.13469350245027
ONEWEB-0331             
1 49198U 21083N   26275.81578023 -.00000025  00000+0 -95376-4 0  9993
2 49198  87.9140 314.0644 0002229  98.3839 261.7546 13.18686786244194
ONEWEB-0333             
1 49199U 21083P   26275.77910248 -.00000203  00000+0 -58995-3 0  9991
2 49199  87.8892 298.8181 0001928  92.3226 267.8124 13.13470486245038
ONEWEB-0334             
1 49200U 21083Q   26275.71422287  .00000031  00000+0  44755-4 0  9996
2 49200  87.9157 252.9914 0001593  63.1306 296.9990 13.20772821250984
ONEWEB-0335             
1 49201U 21083R   26275.77403672 -.00000102  00000+0 -31474-3 0  9994
2 49201  87.8889 298.8159 0002029  95.1591 264.9770 13.13469372245040
ONEWEB-0336             
1 49202U 21083S   26275.82144752  .00000267  00000+0  69701-3 0  9996
2 49202  87.8897 298.8021 0002135  99.0189 261.1181 13.13469170245043
ONEWEB-0337             
1 49203U 21083T   26275.83145964  .00000278  00000+0  72497-3 0  9992
2 49203  87.8893 298.8058 0001854  99.3247 260.8092 13.13471031245041
ONEWEB-0338             
1 49204U 21083U   26275.91877358  .00000004  00000+0 -23001-4 0  9997
2 49204  87.9158 252.9522 0001756  76.0777 284.0551 13.20771398251036
ONEWEB-0339             
1 49205U 21083V   26275.76387734  .00000154  00000+0  38795-3 0  9995
2 49205  87.8891 298.8123 0001795  88.6764 271.4571 13.13469134245011
ONEWEB-0340             
1 49206U 21083W   26275.87816061 -.00000036  00000+0 -12308-3 0  9991
2 49206  87.9135 314.0551 0002030  98.2543 261.8819 13.18684150244160
ONEWEB-0341             
1 49207U 21083X   26275.80901563  .00000009  00000+0 -94368-5 0  9994
2 49207  87.9132 314.0681 0001860 109.9105 250.2227 13.18684107244174
ONEWEB-0342             
1 49208U 21083Y   26275.92550250 -.00000040  00000+0 -13112-3 0  9993
2 49208  87.9158 252.9408 0001881  82.9672 277.1675 13.20771515251000
ONEWEB-0343             
1 49209U 21083Z   26275.81743865  .00000036  00000+0  58140-4 0  9992
2 49209  87.9134 314.0655 0001515  91.9290 268.2016 13.18687987244221
ONEWEB-0344             
1 49210U 21083AA  26275.75880336  .00000204  00000+0  52458-3 0  9994
2 49210  87.8891 298.8254 0001800 106.7695 253.3632 13.13468677245012
ONEWEB-0345             
1 49211U 21083AB  26275.82651872  .00000320  00000+0  84167-3 0  9995
2 49211  87.8893 298.8020 0001728 102.8762 257.2560 13.13469577245032
ONEWEB-0346             
1 49212U 21083AC  26275.81408531  .00000035  00000+0  56732-4 0  9998
2 49212  87.9140 314.0662 0002527  99.5202 260.6216 13.18684939244166
ONEWEB-0348             
1 49213U 21083AD  26275.68814344 -.00000022  00000+0 -86079-4 0  9992
2 49213  87.9158 252.9934 0002230  96.3870 263.7517 13.20771995251006
ONEWEB-0350             
1 49214U 21083AE  26275.76909828  .00000098  00000+0  23224-3 0  9997
2 49214  87.8891 298.8154 0002259  64.9766 295.1598 13.13469721245058
ONEWEB-0351             
1 49215U 21083AF  26275.90853373  .00000029  00000+0  40164-4 0  9994
2 49215  87.9158 252.9489 0001341  84.1326 275.9960 13.20771333250996
ONEWEB-0352             
1 49216U 21083AG  26275.81635976  .00000195  00000+0  49839-3 0  9993
2 49216  87.8893 298.8091 0001465  91.0877 269.0420 13.13469580245152
ONEWEB-0354             
1 49217U 21083AH  26275.70835228  .00000023  00000+0  25476-4 0  9996
2 49217  87.9156 252.9865 0002078  98.0584 262.0785 13.20771793251007
ONEWEB-0355             
1 49218U 21083AJ  26275.76978748 -.00000007  00000+0 -54556-4 0  9993
2 49218  87.8892 298.8196 0001658  95.5888 264.5430 13.13470217245020
ONEWEB-0357             
1 49219U 21083AK  26275.70497662 -.00000008  00000+0 -51133-4 0  9998
2 49219  87.9158 252.9811 0001755  88.6711 271.4624 13.20770818251003
ONEWEB-0332             
1 49279U 21090A   26275.91901754 -.00000019  00000+0 -84011-4 0  9990
2 49279  87.8898 268.2123 0001840  82.5314 277.6025 13.15786567241736
ONEWEB-0347             
1 49280U 21090B   26275.69488076  .00000771  00000+0  18651-2 0  9992
2 49280  87.9159 252.9911 0001903  77.5874 282.5472 13.20769496245237
ONEWEB-0349             
1 49281U 21090C   26275.87838857  .00000062  00000+0  12021-3 0  9998
2 49281  87.9154 252.9546 0001996  84.6920 275.4441 13.20772575244047
ONEWEB-0353             
1 49282U 21090D   26275.91836040 -.00000047  00000+0 -16137-3 0  9993
2 49282  87.8900 268.2130 0001923  80.9626 279.1721 13.14504934241737
ONEWEB-0356             
1 49283U 21090E   26275.87670472  .00000053  00000+0  97399-4 0  9999
2 49283  87.9157 252.9493 0002554  81.8704 278.2719 13.20771534244046
ONEWEB-0358             
1 49284U 21090F   26275.91288583  .00000012  00000+0 -13516-5 0  9999
2 49284  87.9158 252.9499 0002083  86.7820 273.3552 13.20771021244776
ONEWEB-0359             
1 49285U 21090G   26275.90363002  .00000077  00000+0  15633-3 0  9999
2 49285  87.9157 252.9434 0002113  88.7408 271.3968 13.20770958244758
ONEWEB-0360             
1 49286U 21090H   26275.89351894  .00000106  00000+0  22844-3 0  9999
2 49286  87.9156 252.9512 0001894  86.7203 273.4147 13.20773119244069
ONEWEB-0361             
1 49287U 21090J   26275.87499836  .00000068  00000+0  13619-3 0  9994
2 49287  87.9159 252.9542 0002049  87.3110 272.8258 13.20770396244513
ONEWEB-0362             
1 49288U 21090K   26275.76125125  .00000064  00000+0  12631-3 0  9999
2 49288  87.9093 283.5352 0001649  93.5691 266.5630 13.19726414241104
ONEWEB-0363             
1 49289U 21090L   26275.89016588  .00000119  00000+0  26062-3 0  9990
2 49289  87.9154 252.9505 0002303  83.4883 276.6512 13.20772555244521
ONEWEB-0364             
1 49290U 21090M   26275.92887241 -.00000032  00000+0 -11009-3 0  9999
2 49290  87.9156 252.9502 0001953  83.8829 276.2527 13.20769904245668
ONEWEB-0365             
1 49291U 21090N   26275.77072571 -.00000026  00000+0 -96728-4 0  9990
2 49291  87.9097 283.5274 0001887  91.2188 268.9161 13.19723678240614
ONEWEB-0366             
1 49292U 21090P   26275.91498796  .00000007  00000+0 -15245-4 0  9991
2 49292  87.8901 268.2148 0001940  89.0873 271.0479 13.14504409241717
ONEWEB-0367             
1 49293U 21090Q   26275.88930854  .00000084  00000+0  17422-3 0  9996
2 49293  87.9157 252.9532 0001848  82.6301 277.5042 13.20769941244048
ONEWEB-0368             
1 49294U 21090R   26275.71171044  .00000064  00000+0  12547-3 0  9998
2 49294  87.9157 252.9927 0002373  68.4302 291.7085 13.20772786245175
ONEWEB-0369             
1 49295U 21090S   26275.84180981  .00000055  00000+0  10604-3 0  9995
2 49295  87.9092 283.5154 0002253  84.1166 276.0223 13.19727018240616
ONEWEB-0370             
1 49296U 21090T   26275.89858029  .00000077  00000+0  15856-3 0  9994
2 49296  87.9154 252.9494 0001813  91.9478 268.1863 13.20772644244080
ONEWEB-0371             
1 49297U 21090U   26275.77389246  .00000017  00000+0  95880-5 0  9993
2 49297  87.9094 283.5262 0002095  86.9213 273.2159 13.19726649240646
ONEWEB-0372             
1 49298U 21090V   26275.88833789  .00000122  00000+0  26793-3 0  9994
2 49298  87.9156 252.9540 0001982  83.3091 276.8268 13.20771472244059
ONEWEB-0373             
1 49299U 21090W   26275.91372167  .00000020  00000+0  18389-4 0  9997
2 49299  87.9154 252.9482 0002034  86.5891 273.5475 13.20770081245246
ONEWEB-0374             
1 49300U 21090X   26275.97757967  .00000226  00000+0  57465-3 0  9996
2 49300  87.8909 268.1982 0002487  90.1774 269.9641 13.14503153241723
ONEWEB-0375             
1 49301U 21090Y   26275.90195067  .00000058  00000+0  11030-3 0  9998
2 49301  87.9156 252.9427 0002538  89.0193 271.1231 13.20773526244748
ONEWEB-0376             
1 49302U 21090Z   26275.77231263 -.00000065  00000+0 -19502-3 0  9995
2 49302  87.9096 283.5259 0001814  85.6875 274.4465 13.19724180240640
ONEWEB-0377             
1 49303U 21090AA  26275.88860669  .00000077  00000+0  15688-3 0  9998
2 49303  87.9157 252.9476 0002300  84.8292 275.3104 13.20772976244737
ONEWEB-0378             
1 49304U 21090AB  26275.90880820  .00000064  00000+0  12489-3 0  9995
2 49304  87.9156 252.9465 0002115  82.7578 277.3795 13.20772702244008
ONEWEB-0379             
1 49305U 21090AC  26275.74415996  .00000257  00000+0  65903-3 0  9999
2 49305  87.8899 268.2503 0002038  85.2925 274.8438 13.14503101241699
ONEWEB-0380             
1 49306U 21090AD  26275.84496660  .00000103  00000+0  22459-3 0  9997
2 49306  87.9094 283.5120 0001984  96.2857 263.8502 13.19723460240627
ONEWEB-0381             
1 49307U 21090AE  26275.88510070  .00000072  00000+0  14418-3 0  9995
2 49307  87.9157 252.9534 0002234  86.6087 273.5302 13.20772960244041
ONEWEB-0382             
1 49308U 21090AF  26275.87162054  .00000041  00000+0  68648-4 0  9991
2 49308  87.9157 252.9504 0002279  83.3505 276.7888 13.20773774244034
ONEWEB-0383             
1 49309U 21090AG  26275.96572734  .00000270  00000+0  69317-3 0  9999
2 49309  87.8900 268.1996 0002051  86.9891 273.1473 13.14503343241752
ONEWEB-0384             
1 49310U 21090AH  26275.93241301 -.00000038  00000+0 -12647-3 0  9999
2 49310  87.9157 252.9804 0002507  80.3025 279.8392 13.20818624244058
ONEWEB-0385             
1 49311U 21090AJ  26275.94066028 -.00000014  00000+0 -65275-4 0  9992
2 49311  87.9159 252.9409 0002167  85.3044 274.8337 13.20771146244028
ONEWEB-0386             
1 49312U 21090AK  26275.88172845  .00000083  00000+0  17151-3 0  9994
2 49312  87.9159 252.9470 0002186  81.0470 279.0911 13.20773247244034
ONEWEB-0387             
1 49313U 21090AL  26275.63930463  .00000007  00000+0 -13944-4 0  9990
2 49313  87.9159 253.0102 0002224  91.4908 268.6480 13.20773211244006
ONEWEB-0388             
1 49314U 21090AM  26275.84023326  .00000106  00000+0  23357-3 0  9992
2 49314  87.9102 283.5112 0002029  89.3830 270.7535 13.19723758240614
ONEWEB-0389             
1 50469U 21132A   26275.95213399  .00000030  00000+0  43475-4 0  9995
2 50469  87.9183 344.4729 0002117  95.7741 264.3632 13.17651202232279
ONEWEB-0390             
1 50470U 21132B   26275.42229171  .00000406  00000+0  10121-2 0  9991
2 50470  87.9184 344.5788 0001648 108.5988 251.5322 13.17646233232207
ONEWEB-0391             
1 50471U 21132C   26275.95551809  .00000004  00000+0 -23344-4 0  9994
2 50471  87.9180 344.4819 0002542 114.4752 245.6645 13.17647766232278
ONEWEB-0392             
1 50472U 21132D   26275.90995669  .00000008  00000+0 -12218-4 0  9998
2 50472  87.9193 344.4682 0002273 104.7313 255.4071 13.17647875232304
ONEWEB-0393             
1 50473U 21132E   26275.88549255  .00000034  00000+0  54223-4 0  9992
2 50473  87.9187 344.4814 0002033 102.0989 258.0370 13.17648982232298
ONEWEB-0394             
1 50474U 21132F   26275.38750114  .00000075  00000+0  15807-3 0  9995
2 50474  87.9139 314.1415 0002045  93.9230 266.2136 13.18686507235725
ONEWEB-0395             
1 50475U 21132G   26275.59303164  .00000044  00000+0  87596-4 0  9999
2 50475  87.8969 359.7214 0001748 106.1486 253.9834 13.11420073229792
ONEWEB-0396             
1 50476U 21132H   26275.83600033 -.00000037  00000+0 -12761-3 0  9997
2 50476  87.9136 314.0634 0002126  95.4274 264.7100 13.18687041235820
ONEWEB-0397             
1 50477U 21132J   26275.92707013  .00000030  00000+0  43333-4 0  9995
2 50477  87.9136 314.0458 0002124  91.8504 268.2872 13.18686496235816
ONEWEB-0398             
1 50478U 21132K   26275.94216952 -.00000161  00000+0 -48907-3 0  9993
2 50478  87.8971 359.6507 0001665 111.4297 248.7009 13.11415251229731
ONEWEB-0399             
1 50479U 21132L   26275.92859457  .00000361  00000+0  98171-3 0  9993
2 50479  87.8962 359.6590 0002298 101.9235 258.2150 13.11416532229728
ONEWEB-0400             
1 50480U 21132M   26275.82926822  .00000008  00000+0 -12338-4 0  9996
2 50480  87.9139 314.0568 0001835  99.3800 260.7540 13.18686462235794
ONEWEB-0401             
1 50481U 21132N   26275.87479993 -.00000050  00000+0 -15976-3 0  9992
2 50481  87.9141 314.0462 0001949  88.6683 271.4672 13.18685510235807
ONEWEB-0402             
1 50482U 21132P   26275.83768897  .00000000  00000+0 -32291-4 0  9997
2 50482  87.9141 314.0410 0002091  83.2791 276.8579 13.18684798235825
ONEWEB-0403             
1 50483U 21132Q   26275.86299129 -.00000002  00000+0 -37080-4 0  9992
2 50483  87.9136 314.0590 0002029  97.7417 262.3946 13.18684899235780
ONEWEB-0404             
1 50484U 21132R   26275.52847567  .00000495  00000+0  13597-2 0  9990
2 50484  87.8971 359.7379 0002090 107.6560 252.4797 13.11418661229766
ONEWEB-0405             
1 50485U 21132S   26275.87647817 -.00000027  00000+0 -10150-3 0  9991
2 50485  87.9143 314.0454 0001601 106.6225 253.5083 13.18686821236187
ONEWEB-0406             
1 50486U 21132T   26275.86803951 -.00000051  00000+0 -16092-3 0  9992
2 50486  87.9134 314.0569 0002358 102.2418 257.8978 13.18687119235811
ONEWEB-0407             
1 50487U 21132U   26275.86128135  .00000017  00000+0  99423-5 0  9998
2 50487  87.9140 314.0547 0001735  91.6170 268.5161 13.18687527235758
ONEWEB-0409             
1 50488U 21132V   26275.52677766  .00000406  00000+0  11096-2 0  9990
2 50488  87.8971 359.7299 0001976 109.0487 251.0855 13.11418955229651
ONEWEB-0412             
1 50489U 21132W   26275.92536404  .00000925  00000+0  23122-2 0  9997
2 50489  87.9134 314.0451 0002077  86.3987 273.7382 13.18695712235853
ONEWEB-0413             
1 50490U 21132X   26275.85455586 -.00000005  00000+0 -45960-4 0  9999
2 50490  87.9138 314.0589 0001852  86.2814 273.8530 13.18684389235785
ONEWEB-0414             
1 50491U 21132Y   26275.91525891 -.00000002  00000+0 -37408-4 0  9999
2 50491  87.9138 314.0323 0002062  92.2725 267.8644 13.18686672235825
ONEWEB-0417             
1 50492U 21132Z   26275.92368154  .00000057  00000+0  11244-3 0  9995
2 50492  87.9140 314.0447 0002105 100.2756 259.8614 13.18683798235800
ONEWEB-0418             
1 50493U 21132AA  26275.40254139 -.00000075  00000+0 -22264-3 0  9992
2 50493  87.9136 314.1497 0002022 106.3118 253.8237 13.18687723235794
ONEWEB-0419             
1 50494U 21132AB  26275.82339303 -.00001010  00000+0 -25954-2 0  9994
2 50494  87.9143 314.0811 0002448 101.3780 258.7628 13.18671994235762
ONEWEB-0420             
1 50495U 21132AC  26275.84105901  .00000041  00000+0  71689-4 0  9991
2 50495  87.9129 314.0601 0001745  92.3212 267.8120 13.18686943235760
ONEWEB-0421             
1 50496U 21132AD  26275.83431531  .00000008  00000+0 -12863-4 0  9995
2 50496  87.9143 314.0630 0002223  88.9880 271.1507 13.18687371235801
ONEWEB-0424             
1 50497U 21132AE  26275.87140972 -.00000037  00000+0 -12618-3 0  9996
2 50497  87.9137 314.0562 0001742 111.0267 249.1052 13.18684474235835
ONEWEB-0426             
1 50498U 21132AF  26275.82419794  .00000030  00000+0  42417-4 0  9995
2 50498  87.9141 314.0563 0002648  98.1963 261.9469 13.18684915235773
ONEWEB-0427             
1 50499U 21132AG  26275.86973886 -.00000042  00000+0 -13960-3 0  9992
2 50499  87.9141 314.0397 0002090  98.9648 261.1720 13.18686554235805
ONEWEB-0429             
1 50500U 21132AH  26275.85624009 -.00000050  00000+0 -16067-3 0  9994
2 50500  87.9130 314.0584 0001817  92.4680 267.6660 13.18684168235774
ONEWEB-0430             
1 50501U 21132AJ  26275.84442056 -.00000299  00000+0 -79181-3 0  9995
2 50501  87.9133 314.0597 0001686  92.4438 267.6888 13.18684512235817
ONEWEB-0432             
1 50502U 21132AK  26275.82743889  .00000043  00000+0  75295-4 0  9990
2 50502  87.9138 314.0549 0001554 104.8812 255.2493 13.18686959235764
ONEWEB-0440             
1 50503U 21132AL  26275.86467063 -.00000009  00000+0 -55296-4 0  9995
2 50503  87.9136 314.0572 0001943  86.1903 273.9452 13.18684448235767
ONEWEB-0450             
1 50504U 21132AM  26275.93393320 -.00000001  00000+0 -36038-4 0  9993
2 50504  87.9142 314.0416 0001754  92.6344 267.4989 13.18687380235809
ONEWEB-0410             
1 51622U 22012A   26275.89477491 -.00000053  00000+0 -16921-3 0  9995
2 51622  87.9185 344.4791 0003147 109.0894 251.0578 13.17647354227880
ONEWEB-0411             
1 51623U 22012B   26275.29560846 -.00000252  00000+0 -75810-3 0  9990
2 51623  87.8910  14.9578 0001279 107.6062 252.5206 13.10370250223312
ONEWEB-0415             
1 51624U 22012C   26275.59765365 -.00000092  00000+0 -29846-3 0  9997
2 51624  87.8918  14.8951 0001673 115.6450 244.4850 13.10370029223356
ONEWEB-0416             
1 51625U 22012D   26275.60953564 -.00000550  00000+0 -16129-2 0  9998
2 51625  87.8908  14.9032 0001668 115.4508 244.6792 13.10371835223390
ONEWEB-0422             
1 51626U 22012E   26275.90490057  .00000000  00000+0 -31905-4 0  9995
2 51626  87.9187 344.4749 0001627  81.8393 278.2923 13.17648621227996
ONEWEB-0423             
1 51627U 22012F   26275.89815045 -.00000010  00000+0 -59165-4 0  9992
2 51627  87.9186 344.4798 0001997 100.3546 259.7811 13.17649221227882
ONEWEB-0425             
1 51628U 22012G   26275.54333784 -.00000522  00000+0 -15324-2 0  9995
2 51628  87.8921  14.9047 0002131 108.9900 251.1458 13.10372879223383
ONEWEB-0428             
1 51629U 22012H   26275.52299201 -.00000177  00000+0 -54233-3 0  9998
2 51629  87.8908  14.9111 0001773 102.6596 257.4730 13.10371569223347
ONEWEB-0431             
1 51630U 22012J   26275.56868008  .00000617  00000+0  17303-2 0  9994
2 51630  87.8922  14.9000 0001186 108.2357 251.8899 13.10374491223405
ONEWEB-0434             
1 51631U 22012K   26275.54688990 -.00000419  00000+0 -12364-2 0  9997
2 51631  87.8920  14.9301 0002414 107.9804 252.1587 13.10375232223385
ONEWEB-0435             
1 51632U 22012L   26275.55352248 -.00000252  00000+0 -75847-3 0  9994
2 51632  87.8913  14.9090 0001532  93.5738 266.5564 13.10376788223379
ONEWEB-0436             
1 51633U 22012M   26275.88969853 -.00000033  00000+0 -11835-3 0  9991
2 51633  87.9196 344.4715 0001834  92.1120 268.0222 13.17650436227862
ONEWEB-0438             
1 51634U 22012N   26275.53826277 -.00000618  00000+0 -18057-2 0  9997
2 51634  87.8911  14.9159 0001920 105.8856 254.2483 13.10374471223409
ONEWEB-0439             
1 51635U 22012P   26275.54164582 -.00000652  00000+0 -19044-2 0  9998
2 51635  87.8922  14.9065 0001913 100.9959 259.1384 13.10373452223389
ONEWEB-0442             
1 51636U 22012Q   26275.42648836  .00000077  00000+0  16575-3 0  9991
2 51636  87.9189 344.5868 0002410 107.2585 252.8811 13.17647721227791
ONEWEB-0443             
1 51637U 22012R   26275.90151939 -.00000002  00000+0 -39083-4 0  9998
2 51637  87.9183 344.4923 0002109  92.5599 267.5774 13.17648115227905
ONEWEB-0444             
1 51638U 22012S   26275.53145677 -.00000536  00000+0 -15711-2 0  9992
2 51638  87.8918  14.9074 0001837  97.2936 262.8400 13.10369702223399
ONEWEB-0445             
1 51639U 22012T   26275.55183630 -.00000206  00000+0 -62553-3 0  9997
2 51639  87.8923  14.8960 0001730 106.2145 253.9173 13.10376139223406
ONEWEB-0446             
1 51640U 22012U   26275.60613085 -.00000446  00000+0 -13150-2 0  9991
2 51640  87.8907  14.9048 0001763 114.3638 245.7674 13.10370537223390
ONEWEB-0448             
1 51641U 22012V   26275.53487165 -.00000548  00000+0 -16056-2 0  9993
2 51641  87.8913  14.9145 0001824 103.4567 256.6764 13.10372321223354
ONEWEB-0449             
1 51642U 22012W   26275.53994823 -.00000611  00000+0 -17860-2 0  9993
2 51642  87.8919  14.9064 0002204 110.4484 249.6880 13.10373042223363
ONEWEB-0451             
1 51643U 22012X   26275.88632818  .00000023  00000+0  27179-4 0  9996
2 51643  87.9196 344.4709 0002109 101.1039 259.0330 13.17650014227842
ONEWEB-0452             
1 51644U 22012Y   26275.88466121  .00000015  00000+0  63105-5 0  9990
2 51644  87.9181 344.4951 0002263  96.6312 263.5078 13.17648890227858
ONEWEB-0456             
1 51646U 22012AA  26275.54842895 -.00000521  00000+0 -15294-2 0  9998
2 51646  87.8923  14.8979 0001695  97.9300 262.2020 13.10375062223401
ONEWEB-0457             
1 51647U 22012AB  26275.60261980 -.00000284  00000+0 -84922-3 0  9997
2 51647  87.8916  14.8968 0001698 118.1159 242.0140 13.10375277223411
ONEWEB-0458             
1 51648U 22012AC  26275.61039765 -.00000565  00000+0 -16539-2 0  9993
2 51648  87.8914  14.8779 0001935  98.2426 261.8921 13.10367728223372
ONEWEB-0461             
1 51649U 22012AD  26275.90657044 -.00000003  00000+0 -40702-4 0  9990
2 51649  87.9187 344.4754 0001922 103.7814 256.3532 13.17647305228078
ONEWEB-0463             
1 51650U 22012AE  26275.88802512  .00000009  00000+0 -11221-4 0  9990
2 51650  87.9184 344.4946 0001746 106.0331 254.0993 13.17647954227855
ONEWEB-0464             
1 51651U 22012AF  26275.54504841 -.00000464  00000+0 -13645-2 0  9994
2 51651  87.8911  14.9138 0001844  92.3473 267.7865 13.10374603223382
ONEWEB-0468             
1 51652U 22012AG  26275.55013062 -.00000312  00000+0 -93024-3 0  9998
2 51652  87.8914  14.9062 0001753  94.5647 265.5681 13.10376685223360
ONEWEB-0473             
1 51653U 22012AH  26275.53660005  .00000690  00000+0  19398-2 0  9990
2 51653  87.8897  14.9077 0001715 102.5218 257.6102 13.10351138223365
ONEWEB-0474             
1 51654U 22012AJ  26275.52807497 -.00000329  00000+0 -97860-3 0  9990
2 51654  87.8919  14.9069 0001787  97.2197 262.9134 13.10369996223351
ONEWEB-0475             
1 51655U 22012AK  26275.89984191 -.00000005  00000+0 -46814-4 0  9993
2 51655  87.9186 344.4882 0002067  82.2076 277.9291 13.17649793227879
ONEWEB-0490             
1 54113U 22138A   26275.79443229 -.00000026  00000+0 -96783-4 0  9998
2 54113  87.9094 283.5221 0001769  85.5847 274.5487 13.19724069191028
ONEWEB-0492             
1 54114U 22138B   26275.81971069  .00000075  00000+0  15571-3 0  9997
2 54114  87.9101 283.5175 0001566  90.6848 269.4465 13.19726562191039
ONEWEB-0495             
1 54115U 22138C   26275.79759174  .00000005  00000+0 -20458-4 0  9991
2 54115  87.9090 283.5199 0001624  70.3584 289.7724 13.19725931191010
ONEWEB-0497             
1 54116U 22138D   26275.81020756  .00000039  00000+0  64705-4 0  9991
2 54116  87.9100 283.5173 0001842  88.0723 272.0621 13.19727139191000
ONEWEB-0499             
1 54117U 22138E   26275.79364688 -.00000057  00000+0 -17418-3 0  9994
2 54117  87.9096 283.5234 0001854  83.2634 276.8709 13.19723370191017
ONEWEB-0500             
1 54118U 22138F   26275.79601983  .00000055  00000+0  10418-3 0  9996
2 54118  87.9100 283.5221 0001783  90.3276 269.8061 13.19726338191023
ONEWEB-0501             
1 54119U 22138G   26275.97765637  .00000122  00000+0  27118-3 0  9994
2 54119  87.9096 283.4859 0001710  78.1294 282.0031 13.19726425191029
ONEWEB-0502             
1 54120U 22138H   26275.81180498 -.00000683  00000+0 -17379-2 0  9996
2 54120  87.9105 283.5102 0001927  77.4445 282.6903 13.19717977191020
ONEWEB-0503             
1 54121U 22138J   26275.95237630  .00000008  00000+0 -13002-4 0  9994
2 54121  87.9104 283.4889 0002155  88.8883 271.2497 13.19723935191031
ONEWEB-0504             
1 54122U 22138K   26275.78812110 -.00000044  00000+0 -14128-3 0  9998
2 54122  87.9096 283.5237 0001900  83.0998 277.0350 13.19725506191028
ONEWEB-0505             
1 54123U 22138L   26275.78494816 -.00000051  00000+0 -15957-3 0  9997
2 54123  87.9094 283.5235 0001775  76.0525 284.0805 13.19726716191008
ONEWEB-0506             
1 54124U 22138M   26275.75968862  .00000034  00000+0  53067-4 0  9996
2 54124  87.9096 283.5290 0001783  80.6360 279.4974 13.19725801190995
ONEWEB-0507             
1 54125U 22138N   26275.78019555 -.00000004  00000+0 -41761-4 0  9993
2 54125  87.9090 283.5283 0001768  85.0347 275.0987 13.19726844191040
ONEWEB-0508             
1 54126U 22138P   26275.77705897 -.00000016  00000+0 -71279-4 0  9994
2 54126  87.9098 283.5291 0001681  81.8279 278.3044 13.19724118191020
ONEWEB-0509             
1 54127U 22138Q   26275.75178675  .00000059  00000+0  11506-3 0  9992
2 54127  87.9097 283.5324 0001787  89.2827 270.8510 13.19724746190992
ONEWEB-0510             
1 54128U 22138R   26275.70665934  .00000019  00000+0  15891-4 0  9995
2 54128  87.9158 252.9838 0002226  93.5431 266.5957 13.20770763193474
ONEWEB-0511             
1 54129U 22138S   26275.97606108 -.00000158  00000+0 -42652-3 0  9993
2 54129  87.9094 283.4859 0002158  84.7970 275.3409 13.19731032191056
ONEWEB-0512             
1 54130U 22138T   26275.96817793  .00000129  00000+0  28902-3 0  9996
2 54130  87.9096 283.4888 0001832  80.2066 279.9274 13.19724867191022
ONEWEB-0513             
1 54131U 22138U   26275.77808081  .00000011  00000+0 -54052-5 0  9994
2 54131  87.9094 283.4543 0002218  64.9154 295.2209 13.20261281190919
ONEWEB-0514             
1 54132U 22138V   26275.83232872  .00000055  00000+0  10437-3 0  9995
2 54132  87.9098 283.5149 0001990  93.3698 266.7662 13.19723936191029
ONEWEB-0515             
1 54133U 22138W   26275.92046425 -.00000022  00000+0 -85677-4 0  9998
2 54133  87.9160 252.9403 0001757 110.3995 249.7327 13.20772270193527
ONEWEB-0516             
1 54134U 22138X   26275.73123795  .00000068  00000+0  13838-3 0  9991
2 54134  87.9091 283.5361 0001758  89.7177 270.4157 13.19726750191010
ONEWEB-0517             
1 54135U 22138Y   26275.78653625 -.00000009  00000+0 -53634-4 0  9993
2 54135  87.9100 283.5241 0002194  89.1781 270.9603 13.19726973191028
ONEWEB-0518             
1 54136U 22138Z   26275.72967404  .00000008  00000+0 -12317-4 0  9992
2 54136  87.9095 283.5381 0001690  91.2695 268.8631 13.19724696191011
ONEWEB-0519             
1 54137U 22138AA  26275.83074095  .00000055  00000+0  10572-3 0  9991
2 54137  87.9095 283.5142 0002089  90.0556 270.0817 13.19727181191038
ONEWEB-0520             
1 54138U 22138AB  26275.78969718 -.00000012  00000+0 -63317-4 0  9992
2 54138  87.9097 283.5244 0001741  83.1050 277.0281 13.19726133191016
ONEWEB-0521             
1 54139U 22138AC  26275.97449767  .00000107  00000+0  23564-3 0  9993
2 54139  87.9099 283.4800 0002152  91.4266 268.7114 13.19726634190987
ONEWEB-0522             
1 54140U 22138AD  26275.72649724  .00000024  00000+0  27965-4 0  9991
2 54140  87.9100 283.5310 0001882  85.2256 274.9092 13.19727468190999
ONEWEB-0523             
1 54141U 22138AE  26275.75546204 -.00000205  00000+0 -53613-3 0  9995
2 54141  87.9157 252.9800 0002331 103.4725 256.6669 13.20771040193504
ONEWEB-0524             
1 54142U 22138AF  26275.89688130  .00000100  00000+0  21322-3 0  9990
2 54142  87.9156 252.9478 0001519 109.0644 251.0654 13.20769990193520
ONEWEB-0525             
1 54143U 22138AG  26275.97291934  .00000066  00000+0  13175-3 0  9990
2 54143  87.9097 283.4869 0001624  81.3426 278.7891 13.19724609191045
ONEWEB-0526             
1 54144U 22138AH  26275.77863950 -.00000015  00000+0 -70781-4 0  9995
2 54144  87.9097 283.5254 0001753  89.7931 270.3402 13.19724553190998
ONEWEB-0529             
1 54145U 22138AJ  26275.78179296  .00000006  00000+0 -18223-4 0  9992
2 54145  87.9091 283.5273 0001735  84.8149 275.3182 13.19726287191011
ONEWEB-0531             
1 54146U 22138AK  26275.88341173  .00000072  00000+0  14602-3 0  9997
2 54146  87.9156 252.9481 0002192  99.5783 260.5598 13.20773521193520
ONEWEB-0535             
1 54147U 22138AL  26275.96659075  .00000096  00000+0  20675-3 0  9993
2 54147  87.9104 283.4842 0002111  96.7618 263.3755 13.19727009191051
ONEWEB-0536             
1 54148U 22138AM  26275.71843574  .00000039  00000+0  63485-4 0  9990
2 54148  87.9156 252.9953 0002049 112.8568 247.2782 13.20770070193496
ONEWEB-0527             
1 54642U 22166A   26275.58984298  .00000117  00000+0  25298-3 0  9990
2 54642  87.9303 222.6218 0001949  75.5966 284.5385 13.21827195185724
ONEWEB-0528             
1 54643U 22166B   26275.59068354  .00000092  00000+0  19190-3 0  9994
2 54643  87.9304 222.6254 0001844  71.9780 288.1555 13.21826775185737
ONEWEB-0539             
1 54644U 22166C   26275.85560966 -.00000007  00000+0 -49573-4 0  9997
2 54644  87.9310 222.5514 0002175  74.6725 285.4649 13.21827386185766
ONEWEB-0540             
1 54645U 22166D   26275.86247977  .00000045  00000+0  77928-4 0  9998
2 54645  87.9301 222.5726 0002066  77.8810 282.2556 13.21823834185756
ONEWEB-0542             
1 54646U 22166E   26275.56293298  .00000030  00000+0  41005-4 0  9994
2 54646  87.9309 222.6097 0002281  75.2214 284.9173 13.21824672185728
ONEWEB-0545             
1 54647U 22166F   26275.60329494  .00000012  00000+0 -31494-5 0  9991
2 54647  87.9303 222.6050 0002598  80.3560 279.7867 13.21824558185695
ONEWEB-0580             
1 54648U 22166G   26275.35099619  .00000099  00000+0  20937-3 0  9999
2 54648  87.9303 222.6548 0002353  81.3816 278.7585 13.21825910185703
ONEWEB-0582             
1 54649U 22166H   26275.62012233  .00000039  00000+0  61736-4 0  9994
2 54649  87.9309 222.5970 0002436  76.6907 283.4498 13.21824380185715
ONEWEB-0583             
1 54650U 22166J   26275.85899820  .00000032  00000+0  45350-4 0  9993
2 54650  87.9304 222.5698 0002105  76.6486 283.4882 13.21825684185753
ONEWEB-0584             
1 54651U 22166K   26275.65208164  .00000998  00000+0  23842-2 0  9998
2 54651  87.9300 222.5939 0002100  78.6588 281.4782 13.21834063185712
ONEWEB-0585             
1 54652U 22166L   26275.59992231  .00000968  00000+0  23113-2 0  9995
2 54652  87.9308 222.5979 0001746  73.9715 286.1612 13.21833519185719
ONEWEB-0586             
1 54653U 22166M   26275.61341280 -.00000034  00000+0 -11449-3 0  9997
2 54653  87.9304 222.6172 0002276  76.3576 283.7811 13.21825308185714
ONEWEB-0587             
1 54654U 22166N   26275.54779253  .00000041  00000+0  67442-4 0  9996
2 54654  87.9316 222.6143 0001649  76.4674 283.6643 13.21827163185868
ONEWEB-0589             
1 54655U 22166P   26275.61002612 -.00000056  00000+0 -16700-3 0  9991
2 54655  87.9303 222.6009 0002857  81.0919 279.0538 13.21827602185738
ONEWEB-0590             
1 54656U 22166Q   26275.55944047  .00000041  00000+0  68159-4 0  9990
2 54656  87.9311 222.6112 0001981  89.3788 270.7573 13.21825064185710
ONEWEB-0591             
1 54657U 22166R   26275.57132470  .00000132  00000+0  28870-3 0  9998
2 54657  87.9302 222.6141 0002014  78.8647 281.2713 13.21827816185741
ONEWEB-0592             
1 54658U 22166S   26275.57471392  .00000123  00000+0  26684-3 0  9999
2 54658  87.9309 222.6014 0002000  75.6860 284.4496 13.21827066185622
ONEWEB-0593             
1 54659U 22166T   26275.67227168  .00000037  00000+0  57883-4 0  9991
2 54659  87.9307 222.5882 0002114  74.2309 285.9058 13.21827043185740
ONEWEB-0594             
1 54660U 22166U   26275.61676520  .00000003  00000+0 -24265-4 0  9999
2 54660  87.9301 222.6116 0001853  73.8360 286.2978 13.21824299185754
ONEWEB-0595             
1 54661U 22166V   26275.59320256  .00000039  00000+0  63273-4 0  9999
2 54661  87.9312 222.6060 0001781  78.8049 281.3286 13.21827026185720
ONEWEB-0596             
1 54662U 22166W   26275.64367717  .00000103  00000+0  21879-3 0  9996
2 54662  87.9300 222.6004 0001930  76.9011 283.2338 13.21824640185739
ONEWEB-0597             
1 54663U 22166X   26275.54946750  .00000041  00000+0  68185-4 0  9999
2 54663  87.9303 222.6206 0002094  76.8120 283.3248 13.21827451185722
ONEWEB-0600             
1 54664U 22166Y   26275.60665844  .00000022  00000+0  21050-4 0  9998
2 54664  87.9306 222.6018 0002051  71.0931 289.0425 13.21827070185702
ONEWEB-0601             
1 54665U 22166Z   26275.59826884 -.00000060  00000+0 -17646-3 0  9999
2 54665  87.9303 222.6173 0002294  76.4383 283.7007 13.21826191185891
ONEWEB-0602             
1 54666U 22166AA  26275.63947110  .00000090  00000+0  18651-3 0  9999
2 54666  87.9299 222.6145 0002051  69.9462 290.1893 13.21824554185741
ONEWEB-0603             
1 54667U 22166AB  26275.64536846  .00000027  00000+0  34744-4 0  9993
2 54667  87.9312 222.5816 0002079  74.7171 285.4192 13.21825556185677
ONEWEB-0604             
1 54668U 22166AC  26275.86065266  .00000047  00000+0  82991-4 0  9990
2 54668  87.9305 222.5521 0001915  74.9431 285.1915 13.21827758185667
ONEWEB-0605             
1 54669U 22166AD  26275.55116257 -.00000001  00000+0 -34792-4 0  9992
2 54669  87.9304 222.6211 0002457  87.2600 272.8815 13.21825319185697
ONEWEB-0606             
1 54670U 22166AE  26275.57303124  .00000012  00000+0 -25234-5 0  9990
2 54670  87.9302 222.6284 0001870  74.3316 285.8024 13.21825610185753
ONEWEB-0607             
1 54671U 22166AF  26275.61506141 -.00000035  00000+0 -11514-3 0  9990
2 54671  87.9309 222.5982 0002062  77.4870 282.6495 13.21827175185731
ONEWEB-0608             
1 54672U 22166AG  26275.62180423  .00000099  00000+0  20884-3 0  9991
2 54672  87.9313 222.5973 0002459  81.2826 278.8587 13.21824709185741
ONEWEB-0610             
1 54673U 22166AH  26275.60160483 -.00001058  00000+0 -25929-2 0  9996
2 54673  87.9302 222.6044 0002506  74.3734 285.7676 13.21831338185645
ONEWEB-0611             
1 54674U 22166AJ  26275.67059473  .00000740  00000+0  17600-2 0  9992
2 54674  87.9308 222.5890 0001793  74.4432 285.6900 13.21822876185649
ONEWEB-0612             
1 54675U 22166AK  26275.60833907  .00000068  00000+0  13349-3 0  9998
2 54675  87.9312 222.6037 0002143  77.1020 283.0354 13.21827906185624
ONEWEB-0615             
1 54676U 22166AL  26275.58817235  .00000123  00000+0  26617-3 0  9996
2 54676  87.9301 222.6142 0001775  71.8207 288.3120 13.21824887185633
ONEWEB-0655             
1 54677U 22166AM  26275.56460831  .00000075  00000+0  15031-3 0  9995
2 54677  87.9304 222.6193 0002114  71.0037 289.1326 13.21827244185620
ONEWEB-0659             
1 54678U 22166AN  26275.58143039  .00000033  00000+0  48585-4 0  9991
2 54678  87.9300 222.6148 0001844  79.8773 280.2569 13.21827630185719
ONEWEB-0685             
1 54679U 22166AP  26275.58205326  .00000071  00000+0  13635-3 0  9999
2 54679  87.9300 222.5690 0002382  89.4644 270.6764 13.23188687185616
ONEWEB-0712             
1 54680U 22166AQ  26275.59572595  .00000064  00000+0  13296-3 0  9992
2 54680  87.9177 207.4585 0002101  61.1682 298.9660 13.16594496186196
ONEWEB-0714             
1 54681U 22166AR  26275.58647852  .00000090  00000+0  18751-3 0  9991
2 54681  87.9309 222.6064 0001998  68.0027 292.1319 13.21826886185729
ONEWEB-0532             
1 55140U 23004A   26275.93780294 -.00000013  00000+0 -66635-4 0  9993
2 55140  87.9184 344.4705 0002014 109.1521 250.9829 13.17647523181775
ONEWEB-0533             
1 55141U 23004B   26275.87558413 -.00000366  00000+0 -10514-2 0  9997
2 55141  87.8954 329.2897 0002116  98.0970 262.0399 13.12442785182180
ONEWEB-0541             
1 55142U 23004C   26275.53188199  .00000502  00000+0  13818-2 0  9991
2 55142  87.8970 359.7322 0001701 109.1517 250.9795 13.11418343180018
ONEWEB-0543             
1 55143U 23004D   26275.90850002 -.00000027  00000+0 -10034-3 0  9994
2 55143  87.9130 314.0559 0001798  88.6162 271.5177 13.18688120183898
ONEWEB-0544             
1 55144U 23004E   26275.82587494 -.00000014  00000+0 -67302-4 0  9995
2 55144  87.9132 314.0721 0001716  94.3515 265.7813 13.18683909183889
ONEWEB-0560             
1 55145U 23004F   26275.81915098  .00000010  00000+0 -78766-5 0  9992
2 55145  87.9130 314.0632 0001649  92.0731 268.0590 13.18686968183896
ONEWEB-0565             
1 55146U 23004G   26275.81240334  .00000010  00000+0 -71340-5 0  9998
2 55146  87.9126 314.0830 0001694 105.5530 254.5790 13.18684934183881
ONEWEB-0567             
1 55147U 23004H   26275.80565629  .00000017  00000+0  11112-4 0  9991
2 55147  87.9131 314.0775 0001659 102.2628 257.8690 13.18687415183881
ONEWEB-0569             
1 55148U 23004J   26275.87559697 -.00000170  00000+0 -50167-3 0  9991
2 55148  87.8896 298.7927 0001006  84.1135 276.0109 13.13470799184310
ONEWEB-0570             
1 55149U 23004K   26275.87309642 -.00000031  00000+0 -11086-3 0  9998
2 55149  87.9131 314.0615 0002217 105.8541 254.2836 13.18687418183886
ONEWEB-0571             
1 55150U 23004L   26275.86636170 -.00000025  00000+0 -96898-4 0  9996
2 55150  87.9129 314.0621 0000994 132.3630 227.7586 13.18686537183895
ONEWEB-0572             
1 55151U 23004M   26275.89308250 -.00000033  00000+0 -11756-3 0  9993
2 55151  87.9188 344.4817 0001827 104.0488 256.0846 13.17647932181660
ONEWEB-0573             
1 55152U 23004N   26275.85960380 -.00000036  00000+0 -12422-3 0  9992
2 55152  87.9129 314.0660 0001346 120.2539 239.8727 13.18687390183884
ONEWEB-0588             
1 55153U 23004P   26275.92875152  .00000030  00000+0  42734-4 0  9995
2 55153  87.9127 314.0504 0002045 109.8859 250.2494 13.18686514183891
ONEWEB-0598             
1 55154U 23004Q   26275.58611624 -.00000208  00000+0 -62256-3 0  9999
2 55154  87.8971 359.7262 0001137 110.6604 249.4646 13.11419551179975
ONEWEB-0599             
1 55155U 23004R   26275.93022097  .00000763  00000+0  19332-2 0  9999
2 55155  87.9188 344.4728 0001722  95.8169 264.3159 13.17644363181677
ONEWEB-0614             
1 55156U 23004S   26275.58103175 -.00000396  00000+0 -11521-2 0  9994
2 55156  87.8961 359.7314 0002183 108.0141 252.1225 13.11417877179910
ONEWEB-0616             
1 55157U 23004T   26275.89645743  .00000015  00000+0  51856-5 0  9995
2 55157  87.9186 344.4843 0001763  70.4496 289.6826 13.17647826181883
ONEWEB-0617             
1 55158U 23004U   26275.49286695 -.00000504  00000+0 -14592-2 0  9997
2 55158  87.8962 359.7470 0002111 110.6515 249.4840 13.11416756179929
ONEWEB-0618             
1 55159U 23004V   26275.95483840  .00002305  00000+0  12511-3 0  9999
2 55159  86.9066 133.8596 0009561 250.4749 109.5460 15.13985909198563
ONEWEB-0619             
1 55160U 23004W   26275.92851608 -.00000031  00000+0 -11268-3 0  9993
2 55160  87.9195 344.4676 0002251  95.1866 264.9523 13.17647017181780
ONEWEB-0620             
1 55161U 23004X   26275.94554910 -.00000341  00000+0 -99865-3 0  9995
2 55161  87.8961 359.6589 0001649 109.1903 250.9404 13.11415702179957
ONEWEB-0621             
1 55162U 23004Y   26275.59119746 -.00000020  00000+0 -91032-4 0  9994
2 55162  87.8967 359.7276 0002052 103.1149 257.0208 13.11420422179880
ONEWEB-0622             
1 55163U 23004Z   26275.51999273  .00000190  00000+0  49903-3 0  9993
2 55163  87.8961 359.7422 0002345 121.3981 238.7376 13.11419315179868
ONEWEB-0623             
1 55164U 23004AA  26275.92345352 -.00000027  00000+0 -10316-3 0  9999
2 55164  87.9183 344.4867 0002671 108.2834 251.8588 13.17649349181775
ONEWEB-0624             
1 55165U 23004AB  26275.87809840 -.00000284  00000+0 -81884-3 0  9994
2 55165  87.8956 329.1865 0001964 103.0062 257.1287 13.12931904182201
ONEWEB-0625             
1 55166U 23004AC  26275.91332606 -.00000068  00000+0 -20949-3 0  9996
2 55166  87.9186 344.4870 0001411  93.9557 266.1736 13.17647711181761
ONEWEB-0626             
1 55167U 23004AD  26275.90321531 -.00000035  00000+0 -12442-3 0  9994
2 55167  87.9188 344.4882 0001563 102.7815 257.3491 13.17649391181767
ONEWEB-0627             
1 55168U 23004AE  26275.43577639  .00000056  00000+0  11117-3 0  9994
2 55168  87.9189 344.5817 0002368 104.7798 255.3596 13.17651173181703
ONEWEB-0628             
1 55169U 23004AF  26275.89944710  .00000162  00000+0  41357-3 0  9990
2 55169  87.8959 329.2713 0002517  99.7691 260.3722 13.12442872182161
ONEWEB-0629             
1 55170U 23004AG  26274.47386495  .00001648  00000+0  41284-2 0  9993
2 55170  87.9199 344.7557 0003992 190.8311 169.2736 13.18971696181582
ONEWEB-0631             
1 55171U 23004AH  26275.92200450  .00000046  00000+0  85183-4 0  9990
2 55171  87.9141 314.0285 0001782 111.3337 248.7985 13.18684832183875
ONEWEB-0709             
1 55172U 23004AJ  26275.93539427  .00000092  00000+0  22412-3 0  9997
2 55172  87.8959 359.6633 0001016 119.9953 240.1276 13.11414441179999
ONEWEB-0710             
1 55173U 23004AK  26275.42564670  .00000076  00000+0  16193-3 0  9991
2 55173  87.9189 344.5745 0002003 103.9922 256.1433 13.17651356181707
ONEWEB-0711             
1 55174U 23004AL  26275.21989808  .00000503  00000+0  13843-2 0  9996
2 55174  87.8971 359.7971 0002410 112.7473 247.3910 13.11418516179865
ONEWEB-0713             
1 55175U 23004AM  26275.92521556  .00000461  00000+0  12652-2 0  9997
2 55175  87.8969 359.6603 0002129 108.3757 251.7602 13.11416339179944
ONEWEB-0715             
1 55176U 23004AN  26275.53865097  .00000568  00000+0  15667-2 0  9993
2 55176  87.8969 359.7363 0001405 121.8954 238.2311 13.11417056179937
ONEWEB-0716             
1 55177U 23004AP  26275.95045173 -.00000029  00000+0 -10693-3 0  9994
2 55177  87.9187 344.4735 0001823  93.0976 267.0364 13.17650283181773
ONEWEB-0717             
1 55178U 23004AQ  26275.93357833 -.00000020  00000+0 -84718-4 0  9993
2 55178  87.9187 344.4723 0002245 113.3668 246.7700 13.17647142181828
ONEWEB-0719             
1 55179U 23004AR  26275.94370872  .00000008  00000+0 -11832-4 0  9995
2 55179  87.9196 344.4526 0001966  94.7452 265.3904 13.17648003181776
ONEWEB-0530             
1 55796U 23029A   26275.89183498  .00000085  00000+0  17697-3 0  9995
2 55796  87.9145 252.9691 0002359  90.4766 269.6637 13.20769893175362
ONEWEB-0534             
1 55797U 23029B   26275.65272424  .00002417  00000+0  59073-2 0  9992
2 55797  87.9147 253.0195 0002024  81.2054 278.9308 13.20799901175331
ONEWEB-0556             
1 55798U 23029C   26275.73527911  .00000108  00000+0  23367-3 0  9999
2 55798  87.9146 253.0008 0002677  71.4797 288.6627 13.20772835175343
ONEWEB-0562             
1 55799U 23029D   26275.87332569  .00000036  00000+0  57433-4 0  9990
2 55799  87.9157 252.9618 0002820  84.4725 275.6730 13.20772729175361
ONEWEB-0563             
1 55800U 23029E   26275.41373249  .00000059  00000+0  11257-3 0  9991
2 55800  87.9146 253.0769 0001869  78.8066 281.3278 13.20770622175291
ONEWEB-0564             
1 55801U 23029F   26275.71002826 -.00000026  00000+0 -95338-4 0  9994
2 55801  87.9155 252.9963 0002351  86.4194 273.7208 13.20772232175343
ONEWEB-0638             
1 55802U 23029G   26275.71877864 -.00000059  00000+0 -19367-3 0  9990
2 55802  87.8887 268.2885 0002394  81.8163 278.3238 13.14502487173528
ONEWEB-0639             
1 55803U 23029H   26275.84339146  .00000037  00000+0  61001-4 0  9998
2 55803  87.9090 283.5162 0001331  52.4527 307.6727 13.19726490173102
ONEWEB-0640             
1 55804U 23029J   26275.95558960  .00000080  00000+0  18138-3 0  9998
2 55804  87.8884 268.2309 0002396  77.1248 283.0150 13.14503028173575
ONEWEB-0641             
1 55805U 23029K   26275.83866061  .00000037  00000+0  60094-4 0  9991
2 55805  87.9099 283.5132 0001835  86.3577 273.7765 13.19723336173112
ONEWEB-0642             
1 55806U 23029L   26275.83391916  .00000068  00000+0  13756-3 0  9990
2 55806  87.9092 283.5198 0001122  77.1454 282.9804 13.19725752173108
ONEWEB-0643             
1 55807U 23029M   26275.77460552 -.00000176  00000+0 -51056-3 0  9994
2 55807  87.8894 268.2561 0001235  84.2831 275.8440 13.14502010173523
ONEWEB-0644             
1 55808U 23029N   26275.98080615  .00000130  00000+0  29224-3 0  9996
2 55808  87.9095 283.4905 0001560  87.3998 272.7314 13.19727984173124
ONEWEB-0645             
1 55809U 23029P   26275.77548345 -.00000010  00000+0 -57652-4 0  9999
2 55809  87.9092 283.5292 0001798  76.5292 283.6041 13.19725646173099
ONEWEB-0646             
1 55810U 23029Q   26275.79283634  .00000003  00000+0 -24643-4 0  9995
2 55810  87.9092 283.5259 0001628  88.0425 272.0894 13.19723515173082
ONEWEB-0648             
1 55811U 23029R   26275.74244089  .00000259  00000+0  66411-3 0  9992
2 55811  87.8899 268.2468 0001620  59.9268 300.2022 13.14503295173525
ONEWEB-0649             
1 55812U 23029S   26275.96975744  .00000116  00000+0  25636-3 0  9992
2 55812  87.9093 283.4887 0001754  82.9856 277.1476 13.19727114173140
ONEWEB-0650             
1 55813U 23029T   26275.96500863  .00000114  00000+0  25355-3 0  9995
2 55813  87.9093 283.4914 0001338  80.1224 280.0060 13.19724176173113
ONEWEB-0652             
1 55814U 23029U   26275.79997065  .00000019  00000+0  16659-4 0  9993
2 55814  87.8896 268.2405 0002007  91.0952 269.0407 13.14502943173509
ONEWEB-0653             
1 55815U 23029V   26275.70859975 -.00000223  00000+0 -63568-3 0  9991
2 55815  87.8895 268.2571 0002010  86.0003 274.1356 13.14505932173521
ONEWEB-0654             
1 55816U 23029W   26275.93189569 -.00000188  00000+0 -54134-3 0  9991
2 55816  87.8897 268.2087 0002264  89.1332 271.0057 13.14504756173578
ONEWEB-0656             
1 55817U 23029X   26275.93056258 -.00000006  00000+0 -47322-4 0  9991
2 55817  87.9164 252.9362 0002345  90.6079 269.5323 13.20770623175371
ONEWEB-0657             
1 55818U 23029Y   26275.42957103  .00000048  00000+0  87213-4 0  9992
2 55818  87.9096 283.5979 0002284 109.0193 251.1188 13.19726417173053
ONEWEB-0658             
1 55819U 23029Z   26275.80391343  .00000022  00000+0  23229-4 0  9992
2 55819  87.9101 283.5079 0001496  86.4634 273.6670 13.19725892173112
ONEWEB-0660             
1 55820U 23029AA  26275.75766365  .00000104  00000+0  24488-3 0  9996
2 55820  87.8902 268.2439 0001920  80.2444 279.8903 13.14505045173539
ONEWEB-0661             
1 55821U 23029AB  26275.79151913 -.00000090  00000+0 -27652-3 0  9990
2 55821  87.8888 268.2657 0002056  81.5608 278.5755 13.14502775173529
ONEWEB-0662             
1 55822U 23029AC  26275.97923638  .00010068  00000+0  27120-1 0  9994
2 55822  87.8890 268.2341 0001393  83.4162 276.7127 13.14433374173590
ONEWEB-0663             
1 55823U 23029AD  26275.72876821  .00000091  00000+0  19085-3 0  9997
2 55823  87.9158 253.0441 0001775  71.8634 288.2693 13.20875389175345
ONEWEB-0664             
1 55824U 23029AE  26275.91708917 -.00000019  00000+0 -78899-4 0  9990
2 55824  87.9150 252.9784 0002258  79.1490 280.9898 13.20771328175360
ONEWEB-0665             
1 55825U 23029AF  26275.78898344 -.00000123  00000+0 -36532-3 0  9993
2 55825  87.8899 268.2510 0001838  80.1457 279.9880 13.14502821173545
ONEWEB-0666             
1 55826U 23029AG  26275.91034654  .00000028  00000+0  37947-4 0  9999
2 55826  87.9147 252.9691 0002001 105.2229 254.9126 13.20773183175379
ONEWEB-0667             
1 55827U 23029AH  26275.90530054  .00000064  00000+0  12658-3 0  9995
2 55827  87.9160 252.9431 0001963  79.5086 280.6268 13.20769671175366
ONEWEB-0669             
1 55828U 23029AJ  26275.90024180  .00000104  00000+0  22288-3 0  9999
2 55828  87.9154 252.9499 0002503  87.7647 272.3773 13.20773649175368
ONEWEB-0670             
1 55829U 23029AK  26275.92005853 -.00000072  00000+0 -23005-3 0  9992
2 55829  87.8887 268.2373 0002190  80.8160 279.3218 13.14504386173584
ONEWEB-0671             
1 55830U 23029AL  26275.95081225  .00000084  00000+0  17754-3 0  9999
2 55830  87.9093 283.4947 0001856  84.4002 275.7342 13.19726331173113
ONEWEB-0672             
1 55831U 23029AM  26275.89522287  .00000136  00000+0  30252-3 0  9997
2 55831  87.9158 252.9450 0002080  90.8202 269.3169 13.20771549175367
ONEWEB-0673             
1 55832U 23029AN  26275.77626093 -.00000026  00000+0 -98330-4 0  9997
2 55832  87.9095 283.5265 0001946  87.1834 272.9522 13.19725883173091
ONEWEB-0674             
1 55833U 23029AP  26275.96236099  .00000183  00000+0  45985-3 0  9991
2 55833  87.8897 268.2109 0002236  81.0891 279.0492 13.14502364173576
ONEWEB-0675             
1 55834U 23029AQ  26275.79125933 -.00000028  00000+0 -10154-3 0  9997
2 55834  87.9090 283.5279 0001754 101.3503 258.7827 13.19722322173110
ONEWEB-0720             
1 55835U 23029AR  26275.25266387  .00000001  00000+0 -29664-4 0  9995
2 55835  87.9090 283.6356 0001681  84.3427 275.7897 13.19726206172965
ONEWEB-0537             
1 56046U 23043A   26275.50230823  .00000136  00000+0  32186-3 0  9990
2 56046  87.9175 207.4732 0001875  79.5635 280.5707 13.16594548173085
ONEWEB-0538             
1 56047U 23043B   26275.57196830  .00000086  00000+0  19110-3 0  9993
2 56047  87.9175 207.4620 0001639  75.7356 284.3957 13.16595346173107
ONEWEB-0546             
1 56048U 23043C   26275.63528877 -.00000015  00000+0 -72637-4 0  9999
2 56048  87.9172 207.4492 0002082  94.1550 265.9819 13.16592509173106
ONEWEB-0547             
1 56049U 23043D   26275.58562564 -.00000115  00000+0 -31114-3 0  9990
2 56049  87.9307 222.6053 0001835  73.5212 286.6124 13.21825030172416
ONEWEB-0548             
1 56050U 23043E   26275.50783955  .00000059  00000+0  12056-3 0  9992
2 56050  87.9175 207.4695 0002340  73.0828 287.0559 13.16594749173089
ONEWEB-0549             
1 56051U 23043F   26275.57975192  .00000067  00000+0  13167-3 0  9999
2 56051  87.9304 222.6076 0001662  78.3375 281.7945 13.21824578172415
ONEWEB-0550             
1 56052U 23043G   26275.64200147  .00000074  00000+0  14856-3 0  9993
2 56052  87.9306 222.5955 0002147  72.2746 287.8622 13.21826755172426
ONEWEB-0551             
1 56053U 23043H   26275.85242144 -.00000057  00000+0 -18488-3 0  9998
2 56053  87.9006 237.7577 0001645  76.8588 283.2726 13.15548802170552
ONEWEB-0552             
1 56054U 23043J   26275.86403955  .00000036  00000+0  55298-4 0  9995
2 56054  87.9304 222.5531 0001964  70.3059 289.8286 13.21827018172452
ONEWEB-0553             
1 56055U 23043K   26275.56562657  .00000132  00000+0  31075-3 0  9991
2 56055  87.9174 207.4634 0002074  86.8445 273.2923 13.16593019173101
ONEWEB-0554             
1 56056U 23043L   26275.55296261  .00000055  00000+0  11010-3 0  9997
2 56056  87.9165 207.4729 0002431  71.1440 288.9955 13.16592936173088
ONEWEB-0555             
1 56057U 23043M   26275.51497376  .00000108  00000+0  24942-3 0  9991
2 56057  87.9176 207.4707 0002104  88.6326 271.5046 13.16595077173088
ONEWEB-0557             
1 56058U 23043N   26275.52921534 -.00000037  00000+0 -13045-3 0  9996
2 56058  87.9176 207.4787 0001750  87.3075 272.8256 13.16594240173088
ONEWEB-0558             
1 56059U 23043P   26275.85731819  .00000045  00000+0  77091-4 0  9997
2 56059  87.9305 222.5518 0001684  81.2540 278.8785 13.21826080172469
ONEWEB-0559             
1 56060U 23043Q   26275.16427278  .00000026  00000+0  30488-4 0  9992
2 56060  87.9305 222.6872 0001813  73.2385 286.8948 13.21824500172383
ONEWEB-0566             
1 56061U 23043R   26275.61170501  .00000029  00000+0  39568-4 0  9998
2 56061  87.9308 222.5971 0001713  70.8618 289.2701 13.21827804172426
ONEWEB-0568             
1 56062U 23043S   26275.54661565  .00000040  00000+0  70839-4 0  9995
2 56062  87.9174 207.4633 0001957  82.2435 277.8918 13.16596138173105
ONEWEB-0574             
1 56063U 23043T   26275.68067973 -.00000031  00000+0 -10738-3 0  9997
2 56063  87.9309 222.5883 0002179  76.9982 283.1395 13.21827304172471
ONEWEB-0575             
1 56064U 23043U   26275.54030426 -.00000030  00000+0 -11254-3 0  9999
2 56064  87.9172 207.4606 0002227  76.5024 283.6355 13.16592896173091
ONEWEB-0576             
1 56065U 23043V   26275.52128720  .00000016  00000+0  93024-5 0  9992
2 56065  87.9178 207.4745 0002130  76.5934 283.5435 13.16596400173087
ONEWEB-0577             
1 56066U 23043W   26275.52763963  .00000024  00000+0  29983-4 0  9998
2 56066  87.9177 207.4709 0002700  74.5809 285.5620 13.16595641173117
ONEWEB-0578             
1 56067U 23043X   26275.59153485  .00000077  00000+0  15519-3 0  9995
2 56067  87.9307 222.6017 0002080  84.6008 275.5363 13.21826470172427
ONEWEB-0579             
1 56068U 23043Y   26275.65882449  .00000085  00000+0  17389-3 0  9998
2 56068  87.9311 222.5907 0001949  68.9633 291.1709 13.21827282172444
ONEWEB-0581             
1 56069U 23043Z   26275.53396706 -.00000047  00000+0 -15622-3 0  9990
2 56069  87.9169 207.4746 0002494  72.4121 287.7282 13.16595493173085
ONEWEB-0609             
1 56070U 23043AA  26275.87855445  .00000147  00000+0  35639-3 0  9998
2 56070  87.9004 237.7362 0001912  80.5988 279.5358 13.15548633170599
ONEWEB-0613             
1 56071U 23043AB  26275.87619185  .00000114  00000+0  26907-3 0  9990
2 56071  87.9004 237.7495 0001764  74.5869 285.5456 13.15547643170599
ONEWEB-0630             
1 56072U 23043AC  26275.64325458  .00000064  00000+0  13469-3 0  9996
2 56072  87.9014 237.7752 0001869  74.4505 285.6831 13.15549813170554
ONEWEB-0632             
1 56073U 23043AD  26275.86668430  .00000022  00000+0  24033-4 0  9995
2 56073  87.9007 237.7431 0002119  78.5660 281.5708 13.15548750170587
ONEWEB-0633             
1 56074U 23043AE  26275.86032595 -.00000038  00000+0 -13385-3 0  9999
2 56074  87.9015 237.7284 0001587  73.8442 286.2863 13.15549240170564
ONEWEB-0634             
1 56075U 23043AF  26275.16156715 -.00000081  00000+0 -24962-3 0  9995
2 56075  87.9004 237.8991 0001891  89.1825 270.9522 13.15548210170469
ONEWEB-0635             
1 56076U 23043AG  26275.68921273 -.00000054  00000+0 -17641-3 0  9998
2 56076  87.9018 237.7656 0002236  78.6776 281.4606 13.15547860170565
ONEWEB-0636             
1 56077U 23043AH  26275.68128962  .00000016  00000+0  95376-5 0  9992
2 56077  87.9015 237.7708 0002175  79.7577 280.3799 13.15547959170542
ONEWEB-0637             
1 56078U 23043AJ  26275.90313244  .00000095  00000+0  21942-3 0  9990
2 56078  87.9009 237.7361 0002161  85.4145 274.7232 13.15548479170593
ONEWEB-0647             
1 56079U 23043AK  26275.89837976  .00000140  00000+0  33809-3 0  9998
2 56079  87.9009 237.7496 0002109  76.9951 283.1414 13.15548217170580
ONEWEB-0651             
1 56080U 23043AL  26275.89361068  .00000192  00000+0  47504-3 0  9998
2 56080  87.9007 237.7429 0002192  84.5357 275.6024 13.15549422171788
ONEWEB-0718             
1 56081U 23043AM  26275.66067352  .00000235  00000+0  59093-3 0  9997
2 56081  87.9014 237.7762 0001657  92.5873 267.5447 13.15550168170567
ONEWEB-0561             
1 56710U 23068A   26275.92382993  .00000005  00000+0 -20488-4 0  9996
2 56710  87.9158 252.9482 0002196  77.3112 282.8267 13.20770671163728
ONEWEB-0668             
1 56711U 23068B   26275.50863669  .00000047  00000+0  88644-4 0  9998
2 56711  87.9175 207.4729 0001917  90.5968 269.5382 13.16596082165902
ONEWEB-0676             
1 56712U 23068C   26275.59254207  .00000099  00000+0  22481-3 0  9993
2 56712  87.9172 207.4637 0002262  73.5724 286.5656 13.16596045165837
ONEWEB-0677             
1 56713U 23068D   26275.68476719 -.00000039  00000+0 -12794-3 0  9990
2 56713  87.9156 252.9864 0002326  90.7063 269.4337 13.20773119163990
ONEWEB-0678             
1 56714U 23068E   26275.70505620 -.00000026  00000+0 -10424-3 0  9992
2 56714  87.9015 237.7636 0001921  72.5269 287.6071 13.15548391163420
ONEWEB-0679             
1 56715U 23068F   26275.55138402  .00000078  00000+0  17107-3 0  9996
2 56715  87.9173 207.4621 0002277  86.0925 274.0466 13.16594876165855
ONEWEB-0680             
1 56716U 23068G   26275.58480472  .00000092  00000+0  19181-3 0  9997
2 56716  87.9310 222.6068 0002140  92.1924 267.9455 13.21827052165286
ONEWEB-0681             
1 56717U 23068H   26275.58828627  .00000074  00000+0  14887-3 0  9994
2 56717  87.9309 222.6150 0002885  71.9459 288.1989 13.21301788165270
ONEWEB-0682             
1 56718U 23068J   26275.88093794  .00000139  00000+0  33643-3 0  9990
2 56718  87.9013 237.7270 0002132  93.9550 266.1824 13.15548781163613
ONEWEB-0683             
1 56719U 23068K   26275.67652876  .00000049  00000+0  95872-4 0  9993
2 56719  87.9019 237.7707 0001900  87.1029 273.0319 13.15549025163554
ONEWEB-0684             
1 56720U 23068L   26275.68445293 -.00000027  00000+0 -10568-3 0  9995
2 56720  87.9016 237.7563 0001293  37.8438 322.2783 13.15549419163384
ONEWEB-0686             
1 56721U 23068M   26274.82783032  .00000075  00000+0  16338-3 0  9999
2 56721  87.9165 207.6188 0001610  77.5657 282.5654 13.16594989165746
ONEWEB-0694             
1 56722U 23068N   26275.51812787  .00000099  00000+0  22492-3 0  9991
2 56722  87.9174 207.4629 0001941  87.9313 272.2040 13.16596451165893
ONEWEB-0696             
1 56723U 23068P   26275.64165915  .00000105  00000+0  24475-3 0  9991
2 56723  87.9006 237.7956 0001980  66.3226 293.8112 13.15549939163495
ONEWEB-0703             
1 56724U 23068Q   26275.87935398  .00000156  00000+0  38104-3 0  9997
2 56724  87.9013 237.7332 0002364  58.8764 301.2598 13.15548609163419
ONEWEB-0721             
1 56725U 23068R   26275.72698983  .00000136  00000+0  29208-3 0  9991
2 56725  86.6767  51.1574 0001614  96.9875 263.1442 13.22476068172153
ONEWEB-0015             
1 61594U 24188A   26275.50642178 -.00000359  00000+0 -10487-2 0  9993
2 61594  87.8960 359.7620 0002355 101.9442 258.1951 13.11419361 98528
ONEWEB-0687             
1 61595U 24188B   26275.90826945 -.00000029  00000+0 -10789-3 0  9994
2 61595  87.9183 344.4854 0002253 109.9319 250.2056 13.17647761100082
ONEWEB-0688             
1 61596U 24188C   26275.93696585 -.00000032  00000+0 -11552-3 0  9996
2 61596  87.9181 344.4804 0003173  98.9153 261.2338 13.17647095100086
ONEWEB-0689             
1 61597U 24188D   26275.54033782  .00000536  00000+0  14770-2 0  9999
2 61597  87.8973 359.7255 0001814 111.9000 248.2321 13.11417382 98521
ONEWEB-0690             
1 61598U 24188E   26275.93200598  .00000242  00000+0  64622-3 0  9990
2 61598  87.8972 359.6575 0001794  82.8254 277.3077 13.11415486 98758
ONEWEB-0691             
1 61599U 24188F   26275.92692889  .00000465  00000+0  12772-2 0  9993
2 61599  87.8981 359.5775 0002223 105.3641 254.7733 13.11415478 98602
ONEWEB-0692             
1 61600U 24188G   26275.94725823 -.00000407  00000+0 -11841-2 0  9997
2 61600  87.8959 359.6667 0001203 120.0502 240.0746 13.11415438 98594
ONEWEB-0693             
1 61601U 24188H   26275.94875349  .00000009  00000+0 -94348-5 0  9990
2 61601  87.9176 344.4914 0002077  77.6803 282.4561 13.17651715100073
ONEWEB-0695             
1 61602U 24188J   26275.46573659  .00000479  00000+0  13143-2 0  9998
2 61602  87.8960 359.7538 0001607 118.6770 241.4520 13.11416876 98529
ONEWEB-0697             
1 61603U 24188K   26275.49793291 -.00000506  00000+0 -14624-2 0  9996
2 61603  87.8967 359.7411 0001140 114.9728 245.1518 13.11418724 98512
ONEWEB-0698             
1 61604U 24188L   26275.93369458  .00000205  00000+0  54395-3 0  9994
2 61604  87.8960 359.6659 0000954  69.7174 290.4057 13.11415683 98593
ONEWEB-0699             
1 61605U 24188M   26275.57390649  .00000748  00000+0  21052-2 0  9996
2 61605  87.8921  14.8977 0001122 109.1283 250.9966 13.10374407 97374
ONEWEB-0700             
1 61606U 24188N   26275.57560275  .00000788  00000+0  22207-2 0  9998
2 61606  87.8933  14.8223 0001219 107.3716 252.7545 13.10374044 97369
ONEWEB-0701             
1 61607U 24188P   26275.59255572  .00000236  00000+0  64072-3 0  9997
2 61607  87.8919  14.8966 0001039 110.0938 250.0301 13.10369065 97374
ONEWEB-0702             
1 61608U 24188Q   26275.52170143  .00000263  00000+0  70748-3 0  9998
2 61608  87.8980 359.6729 0001197 141.6417 218.4796 13.11418245 98550
ONEWEB-0704             
1 61609U 24188R   26275.58068994  .00000612  00000+0  17155-2 0  9995
2 61609  87.8920  14.8899 0001240 137.0341 223.0884 13.10372464 97355
ONEWEB-0705             
1 61610U 24188S   26275.66214482  .00000578  00000+0  16206-2 0  9998
2 61610  87.8919  14.8799 0001995 132.9437 227.1858 13.10370544 89535
ONEWEB-0706             
1 61611U 24188T   26275.57051775  .00000591  00000+0  16578-2 0  9990
2 61611  87.8921  14.8999 0001502 120.1776 239.9500 13.10374694 97444
ONEWEB-0707             
1 61612U 24188U   26275.57730494  .00000748  00000+0  21055-2 0  9993
2 61612  87.8922  14.8956 0001477 119.9561 240.1713 13.10372443 97381
ONEWEB-0708             
1 61613U 24188V   26275.51960433  .00000032  00000+0  55182-4 0  9992
2 61613  87.8909  14.9164 0002169 115.1765 244.9588 13.10370570 97350
