ONEWEB-0012             
1 44057U 19010A   26254.58571838  .00000046  00000+0  86316-4 0  9992
2 44057  87.9131 211.6253 0002431  88.9498 271.1912 13.16593737362938
ONEWEB-0010             
1 44058U 19010B   26254.61104851 -.00000060  00000+0 -19017-3 0  9995
2 44058  87.9137 211.6199 0002005  71.2802 288.8546 13.16592219362982
ONEWEB-0008             
1 44059U 19010C   26254.40839482  .00000112  00000+0  26066-3 0  9996
2 44059  87.9141 211.6543 0001842  91.8413 268.2929 13.16593879363076
ONEWEB-0007             
1 44060U 19010D   26254.51199087  .00000026  00000+0  35976-4 0  9995
2 44060  87.8971 242.0062 0002246  81.8454 278.2931 13.15547829362723
ONEWEB-0006             
1 44061U 19010E   26254.43988797  .00000018  00000+0  13603-4 0  9995
2 44061  87.8979 241.9937 0001892  83.6099 276.5247 13.15549999362767
ONEWEB-0011             
1 44062U 19010F   26254.48426321  .00000049  00000+0  96419-4 0  9991
2 44062  87.8980 241.9957 0001809  85.0992 275.0344 13.15549076362766
ONEWEB-0013             
1 45131U 20008A   26254.43771910 -.00000203  00000+0 -62745-3 0  9998
2 45131  87.8554  35.4107 0002592 109.5646 250.5761 13.09466604317356
ONEWEB-0017             
1 45132U 20008B   26254.43644444 -.00000112  00000+0 -35573-3 0  9998
2 45132  87.8892  19.0934 0001571  98.7147 261.4159 13.10369522319244
ONEWEB-0020             
1 45133U 20008C   26254.78770124  .00000370  00000+0  10241-2 0  9990
2 45133  87.8896  19.0255 0001742  99.8633 260.2691 13.10374210319683
ONEWEB-0021             
1 45134U 20008D   26254.42119048  .00000627  00000+0  17586-2 0  9998
2 45134  87.8887  19.1079 0001830  97.8203 262.3132 13.10371991319943
ONEWEB-0023             
1 45136U 20008F   26254.73764419  .00000202  00000+0  54218-3 0  9995
2 45136  87.8893  19.0329 0001726 106.4813 253.6505 13.10370604319416
ONEWEB-0024             
1 45137U 20008G   26254.63343328  .00000380  00000+0  10528-2 0  9999
2 45137  87.8908  19.0512 0001729  97.2179 262.9145 13.10375832319560
ONEWEB-0025             
1 45138U 20008H   26254.78586111  .00000279  00000+0  76163-3 0  9990
2 45138  87.8906  19.0102 0001337 108.4634 251.6639 13.10375476319916
ONEWEB-0026             
1 45139U 20008J   26254.75554573  .00000530  00000+0  14610-2 0  9993
2 45139  87.8966   3.8538 0001699  98.8815 261.2505 13.11416022322457
ONEWEB-0028             
1 45140U 20008K   26254.72982141 -.00000333  00000+0 -97609-3 0  9991
2 45140  87.8960   3.8628 0002309 107.8265 252.3115 13.11417003319962
ONEWEB-0032             
1 45141U 20008L   26254.36191509 -.00000125  00000+0 -39552-3 0  9994
2 45141  87.8891  19.1103 0002088 110.3396 249.7956 13.10370989319583
ONEWEB-0033             
1 45142U 20008M   26254.79449110  .00000592  00000+0  16600-2 0  9990
2 45142  87.8893  19.0273 0001475  82.8046 277.3249 13.10373375319558
ONEWEB-0035             
1 45143U 20008N   26254.73862446  .00000208  00000+0  56077-3 0  9993
2 45143  87.8889  19.0338 0001745  98.0134 262.1191 13.10370917319279
ONEWEB-0036             
1 45144U 20008P   26254.79265036  .00000592  00000+0  16590-2 0  9993
2 45144  87.8913  19.0492 0001796 104.0334 256.0993 13.10374909319700
ONEWEB-0038             
1 45145U 20008Q   26254.30794148  .00000402  00000+0  10980-2 0  9999
2 45145  87.8976   3.9633 0003092  74.7832 285.3637 13.11414851321611
ONEWEB-0039             
1 45146U 20008R   26254.33974308  .00000674  00000+0  18944-2 0  9990
2 45146  87.8897  19.1121 0002248 104.8166 255.3211 13.10373128319445
ONEWEB-0040             
1 45147U 20008S   26254.40930383  .00000573  00000+0  16064-2 0  9993
2 45147  87.8890  19.1052 0001717 108.2502 251.8812 13.10375353319152
ONEWEB-0043             
1 45149U 20008U   26254.79293179  .00000567  00000+0  15868-2 0  9996
2 45149  87.8902  19.0238 0002204 106.6344 253.5026 13.10375116319525
ONEWEB-0044             
1 45150U 20008V   26254.36348188 -.00000204  00000+0 -62029-3 0  9994
2 45150  87.8886  19.1102 0001800 103.8980 256.2348 13.10370148319768
ONEWEB-0045             
1 45151U 20008W   26254.76049853  .00000555  00000+0  15308-2 0  9990
2 45151  87.8968   3.8503 0001927 100.9036 259.2309 13.11415757321754
ONEWEB-0047             
1 45152U 20008X   26254.73834206  .00000154  00000+0  40545-3 0  9999
2 45152  87.8899  19.0372 0001743  93.6583 266.4744 13.10370476319535
ONEWEB-0048             
1 45153U 20008Y   26254.73339967  .00000411  00000+0  11414-2 0  9992
2 45153  87.8887  19.0505 0001880  97.9688 262.1653 13.10369401319141
ONEWEB-0049             
1 45154U 20008Z   26254.73664895  .00000243  00000+0  65921-3 0  9990
2 45154  87.8888  19.0395 0001670 114.3243 245.8059 13.10370196319363
ONEWEB-0051             
1 45155U 20008AA  26254.75880692  .00000534  00000+0  14719-2 0  9999
2 45155  87.8967   3.8541 0001782 101.1970 258.9358 13.11416983322436
ONEWEB-0052             
1 45156U 20008AB  26254.37548906 -.00000642  00000+0 -18759-2 0  9997
2 45156  87.8898  19.1027 0001763 111.3857 248.7458 13.10374036319227
ONEWEB-0053             
1 45157U 20008AC  26254.78939728  .00000447  00000+0  12446-2 0  9997
2 45157  87.8891  19.0360 0002077 109.7702 250.3650 13.10374490319259
ONEWEB-0054             
1 45158U 20008AD  26254.74867317 -.00000386  00000+0 -11414-2 0  9996
2 45158  87.8888  19.0331 0001664 102.0061 258.1253 13.10369455319361
ONEWEB-0056             
1 45159U 20008AE  26254.33790054  .00000601  00000+0  16855-2 0  9997
2 45159  87.8903  19.1105 0001473 101.8526 258.2766 13.10373649319462
ONEWEB-0057             
1 45160U 20008AF  26254.73693564  .00000222  00000+0  59951-3 0  9995
2 45160  87.8895  19.0413 0002050 113.8443 246.2899 13.10370316319684
ONEWEB-0058             
1 45161U 20008AG  26254.34158330  .00000666  00000+0  18702-2 0  9990
2 45161  87.8886  19.1185 0001782  91.0406 269.0925 13.10371800319704
ONEWEB-0059             
1 45162U 20008AH  26254.79632482  .00000587  00000+0  16447-2 0  9991
2 45162  87.8894  19.0300 0002027 108.1015 252.0333 13.10374978319660
ONEWEB-0062             
1 45163U 20008AJ  26254.59071341 -.00000114  00000+0 -36252-3 0  9996
2 45163  87.8895  19.0641 0001610  89.7622 270.3690 13.10368872319503
ONEWEB-0065             
1 45164U 20008AK  26254.62465051 -.00000108  00000+0 -34469-3 0  9997
2 45164  87.8904  19.0648 0001709 110.0239 250.1073 13.10377122319209
ONEWEB-0066             
1 45424U 20020A   26254.36205550  .00000308  00000+0  83301-3 0  9996
2 45424  87.8965   3.9335 0001898  97.6878 262.4466 13.11417298313978
ONEWEB-0067             
1 45425U 20020B   26254.78081478 -.00000190  00000+0 -57137-3 0  9993
2 45425  87.8985   3.7905 0001901 105.1238 255.0101 13.11425190314089
ONEWEB-0080             
1 45426U 20020C   26254.78096279 -.00000238  00000+0 -70637-3 0  9992
2 45426  87.8972   3.8573 0001614  90.8081 269.3232 13.11413275314056
ONEWEB-0090             
1 45427U 20020D   26254.73350413 -.00000195  00000+0 -58660-3 0  9995
2 45427  87.8976   3.8702 0001735  99.0838 261.0486 13.11418971314014
ONEWEB-0061             
1 45428U 20020E   26254.76544475  .00000411  00000+0  11236-2 0  9998
2 45428  87.8967   3.8457 0001812 100.3640 259.7693 13.11414554313976
ONEWEB-0081             
1 45429U 20020F   26254.74692730  .00000377  00000+0  10292-2 0  9997
2 45429  87.8966   3.8577 0001945 105.5255 254.6088 13.11417195314084
ONEWEB-0069             
1 45430U 20020G   26254.74877062  .00000421  00000+0  11514-2 0  9990
2 45430  87.8972   3.8616 0002019  99.0396 261.0960 13.11417663314017
ONEWEB-0031             
1 45431U 20020H   26254.78422690 -.00000319  00000+0 -93451-3 0  9997
2 45431  87.8959   3.8519 0001682  95.9703 264.1617 13.11415822314004
ONEWEB-0027             
1 45432U 20020J   26254.75229862 -.00000023  00000+0 -91357-4 0  9997
2 45432  87.9207 348.6740 0001473  99.5336 260.5962 13.17647549317755
ONEWEB-0064             
1 45433U 20020K   26254.78252805 -.00000267  00000+0 -78806-3 0  9997
2 45433  87.8964   3.8487 0001618  97.8005 262.3307 13.11414994314039
ONEWEB-0018             
1 45434U 20020L   26254.58572737  .00000069  00000+0  15843-3 0  9995
2 45434  87.8968   3.8878 0002169  95.3005 264.8370 13.11419169313959
ONEWEB-0083             
1 45435U 20020M   26254.57581714 -.00000289  00000+0 -85131-3 0  9993
2 45435  87.8976   3.8881 0001814  98.2355 261.8979 13.11417685313996
ONEWEB-0095             
1 45436U 20020N   26254.79622653 -.00000559  00000+0 -16144-2 0  9993
2 45436  87.8960   3.8480 0001347 120.6686 239.4575 13.11417209314023
ONEWEB-0092             
1 45437U 20020P   26254.75045315  .00000450  00000+0  12331-2 0  9996
2 45437  87.8973   3.8524 0001970  95.3243 264.8110 13.11417198314132
ONEWEB-0085             
1 45438U 20020Q   26254.72812439 -.00000415  00000+0 -12068-2 0  9993
2 45438  87.8967   3.8591 0001790 101.4995 258.6334 13.11416770314014
ONEWEB-0096             
1 45439U 20020R   26254.57751007 -.00000257  00000+0 -76076-3 0  9994
2 45439  87.8970   3.8888 0001680 102.5159 257.6157 13.11417714313986
ONEWEB-0037             
1 45440U 20020S   26254.75527840  .00000522  00000+0  14383-2 0  9997
2 45440  87.8980   3.8312 0001651 104.1851 255.9461 13.11416377314047
ONEWEB-0042             
1 45441U 20020T   26254.79595932 -.00000553  00000+0 -15953-2 0  9999
2 45441  87.8969   3.8416 0001906 103.9432 256.1908 13.11416906314019
ONEWEB-0098             
1 45442U 20020U   26254.79184636 -.00000521  00000+0 -15072-2 0  9992
2 45442  87.8959   3.8504 0001761  98.7049 261.4278 13.11417333313991
ONEWEB-0055             
1 45443U 20020V   26254.77053392  .00000233  00000+0  62115-3 0  9994
2 45443  87.8969   3.8557 0001770 103.5068 256.6257 13.11414252313964
ONEWEB-0093             
1 45444U 20020W   26254.76374995  .00000477  00000+0  13100-2 0  9998
2 45444  87.8970   3.8564 0002085 100.8405 259.2958 13.11415627314022
ONEWEB-0029             
1 45445U 20020X   26254.39610387 -.00000116  00000+0 -36435-3 0  9995
2 45445  87.8960   3.9255 0002046 100.8816 259.2543 13.11414552313950
ONEWEB-0068             
1 45446U 20020Y   26254.75018928  .00000436  00000+0  11957-2 0  9993
2 45446  87.8973   3.8566 0002013 100.3303 259.8052 13.11416776313949
ONEWEB-0046             
1 45447U 20020Z   26254.66554630  .00000193  00000+0  50820-3 0  9992
2 45447  87.8966   3.8732 0001951 108.0469 252.0872 13.11417729313949
ONEWEB-0063             
1 45448U 20020AA  26254.54191357  .00000212  00000+0  56159-3 0  9996
2 45448  87.8971   3.9043 0001703 110.8715 249.2595 13.11414775314019
ONEWEB-0019             
1 45449U 20020AB  26254.58062728 -.00000141  00000+0 -43397-3 0  9993
2 45449  87.8969   3.8780 0001737  94.1706 265.9620 13.11417918313863
ONEWEB-0094             
1 45450U 20020AC  26254.77016344  .00000020  00000+0  19192-4 0  9990
2 45450  87.9210 348.6606 0001997  96.6121 263.5238 13.17649573317715
ONEWEB-0087             
1 45451U 20020AD  26254.78070559 -.00000148  00000+0 -45445-3 0  9992
2 45451  87.8968   3.8353 0002070  99.5036 260.6326 13.11414998313935
ONEWEB-0082             
1 45452U 20020AE  26254.70101121 -.00000059  00000+0 -20224-3 0  9994
2 45452  87.8970   3.8628 0002223 105.1901 254.9472 13.11414037314011
ONEWEB-0050             
1 45453U 20020AF  26254.41341003  .00001302  00000+0  13081-3 0  9991
2 45453  88.9322 221.4970 0005314  50.4517 309.7181 14.90606966353226
ONEWEB-0034             
1 45454U 20020AG  26254.73859050  .00000035  00000+0  63356-4 0  9996
2 45454  87.8975   3.8650 0001811 101.8925 258.2406 13.11417660313933
ONEWEB-0060             
1 45455U 20020AH  26254.54092686  .00000237  00000+0  63384-3 0  9994
2 45455  87.8965   3.8963 0002738  92.7450 267.3991 13.11415004313862
ONEWEB-0086             
1 45456U 20020AJ  26254.74849527  .00000410  00000+0  11209-2 0  9992
2 45456  87.8975   3.8567 0002232  82.9312 277.2070 13.11417429313952
ONEWEB-0088             
1 45457U 20020AK  26254.34509380 -.00000292  00000+0 -85938-3 0  9990
2 45457  87.8983   3.9154 0001929 113.2460 246.8872 13.11417515313834
ONEWEB-0102             
1 47258U 20100A   26254.73939348  .00000321  00000+0  85706-3 0  9998
2 47258  87.8987 333.4876 0001900  93.9229 266.2117 13.12443121276083
ONEWEB-0109             
1 47259U 20100B   26254.74785938  .00000404  00000+0  10864-2 0  9998
2 47259  87.8997 333.4773 0001743  98.2729 261.8597 13.12443373275912
ONEWEB-0110             
1 47260U 20100C   26254.69873093 -.00000218  00000+0 -64216-3 0  9990
2 47260  87.9000 333.4703 0002052  93.2043 266.9320 13.12441684276072
ONEWEB-0111             
1 47261U 20100D   26254.72923004 -.00000084  00000+0 -26771-3 0  9998
2 47261  87.8987 333.4833 0002005  99.4383 260.6973 13.12443055275914
ONEWEB-0114             
1 47262U 20100E   26254.75970756  .00000285  00000+0  75677-3 0  9998
2 47262  87.8996 333.4768 0001619  95.9607 264.1707 13.12440265275871
ONEWEB-0117             
1 47263U 20100F   26254.75126255  .00000378  00000+0  10148-2 0  9990
2 47263  87.8989 333.4675 0001884  95.9013 264.2330 13.12442394275885
ONEWEB-0118             
1 47264U 20100G   26254.70888593 -.00000372  00000+0 -10682-2 0  9995
2 47264  87.8998 333.4774 0001734 109.5882 250.5434 13.12441213276070
ONEWEB-0119             
1 47265U 20100H   26254.73431351  .00000134  00000+0  33712-3 0  9999
2 47265  87.8984 333.4815 0001863 100.1219 260.0120 13.12443511276055
ONEWEB-0120             
1 47266U 20100J   26254.91064187  .00000271  00000+0  71877-3 0  9995
2 47266  87.8985 333.4485 0001694  97.1651 262.9670 13.12441273276107
ONEWEB-0121             
1 47267U 20100K   26254.74617297  .00000421  00000+0  11347-2 0  9995
2 47267  87.8997 333.4753 0002204  99.9881 260.1497 13.12442319275997
ONEWEB-0122             
1 47268U 20100L   26254.74023465  .00000695  00000+0  18970-2 0  9996
2 47268  87.8985 333.4810 0001676  97.8949 262.2370 13.12446091275908
ONEWEB-0123             
1 47269U 20100M   26254.73601103 -.00003037  00000+0 -84803-2 0  9990
2 47269  87.8992 333.4807 0001886 112.3927 247.7401 13.12439625276049
ONEWEB-0124             
1 47270U 20100N   26254.72583498 -.00000196  00000+0 -58080-3 0  9999
2 47270  87.8985 333.4842 0002073  94.0229 266.1136 13.12442650275920
ONEWEB-0125             
1 47271U 20100P   26254.78005147 -.00000257  00000+0 -74902-3 0  9995
2 47271  87.8995 333.4673 0002069 106.5417 253.5939 13.12441739275992
ONEWEB-0126             
1 47272U 20100Q   26254.72427585 -.00000205  00000+0 -60457-3 0  9997
2 47272  87.8990 333.4877 0001776  99.3025 260.8304 13.12443205276057
ONEWEB-0127             
1 47273U 20100R   26254.91897976  .00000086  00000+0  20282-3 0  9991
2 47273  87.8983 333.4441 0001784  97.7452 262.3880 13.12440806276108
ONEWEB-0128             
1 47274U 20100S   26254.71228300 -.00000393  00000+0 -11286-2 0  9995
2 47274  87.8986 333.4984 0002091  93.4597 266.6771 13.12443247276095
ONEWEB-0129             
1 47275U 20100T   26254.76818944  .00000005  00000+0 -22649-4 0  9996
2 47275  87.8996 333.4702 0000805  84.3966 275.7254 13.12441104276036
ONEWEB-0130             
1 47276U 20100U   26254.71905028 -.00000337  00000+0 -97095-3 0  9997
2 47276  87.8995 333.4767 0001885  99.2346 260.8996 13.12442273275993
ONEWEB-0131             
1 47277U 20100V   26254.71566585 -.00000403  00000+0 -11564-2 0  9999
2 47277  87.8986 333.4859 0001983  96.5009 263.6345 13.12442173276035
ONEWEB-0132             
1 47278U 20100W   26254.74448284  .00000433  00000+0  11684-2 0  9992
2 47278  87.8987 333.4841 0001938 100.1244 260.0104 13.12446455275930
ONEWEB-0133             
1 47279U 20100X   26254.76128637  .00000228  00000+0  59967-3 0  9991
2 47279  87.8999 333.4667 0002001  96.8245 263.3111 13.12441300276090
ONEWEB-0134             
1 47280U 20100Y   26254.73092288  .00000071  00000+0  16222-3 0  9995
2 47280  87.8999 333.4698 0001790  91.9453 268.1881 13.12443977276063
ONEWEB-0135             
1 47281U 20100Z   26254.77835342 -.00000260  00000+0 -75867-3 0  9998
2 47281  87.8987 333.4722 0001920  90.9516 269.1833 13.12440855276096
ONEWEB-0136             
1 47282U 20100AA  26254.72075300 -.00000253  00000+0 -73854-3 0  9990
2 47282  87.8991 333.4725 0001760  92.2875 267.8456 13.12443375276018
ONEWEB-0137             
1 47283U 20100AB  26254.75464121  .00000338  00000+0  90424-3 0  9991
2 47283  87.8998 333.4795 0001886 101.7277 258.4063 13.12441059275920
ONEWEB-0138             
1 47284U 20100AC  26254.58013935  .00000215  00000+0  56312-3 0  9998
2 47284  87.8990 333.5155 0001745  93.6382 266.4946 13.12444737275985
ONEWEB-0139             
1 47285U 20100AD  26254.92589125 -.00000065  00000+0 -21673-3 0  9993
2 47285  87.8991 333.4332 0001843  99.0345 261.0993 13.12441149276103
ONEWEB-0140             
1 47286U 20100AE  26254.72753183 -.00000098  00000+0 -30703-3 0  9999
2 47286  87.8996 333.4650 0002032  97.0849 263.0511 13.12443652276042
ONEWEB-0141             
1 47287U 20100AF  26254.69689677 -.00000135  00000+0 -41050-3 0  9991
2 47287  87.8995 333.4748 0001682 102.9625 257.1692 13.12441025276022
ONEWEB-0142             
1 47288U 20100AG  26254.91401082  .00001549  00000+0  42691-2 0  9998
2 47288  87.8981 333.4489 0001568 103.1083 257.0221 13.12448830276044
ONEWEB-0143             
1 47289U 20100AH  26254.77158858 -.00000077  00000+0 -24881-3 0  9992
2 47289  87.8990 333.4766 0001664 108.0920 252.0390 13.12442303276001
ONEWEB-0144             
1 47290U 20100AJ  26254.66654581  .00000382  00000+0  10275-2 0  9994
2 47290  87.9001 333.4787 0001556  93.5243 266.6063 13.12443279275916
ONEWEB-0145             
1 47291U 20100AK  26254.71395882 -.00000367  00000+0 -10546-2 0  9993
2 47291  87.8991 333.4872 0001744  96.5229 263.6098 13.12441675276111
ONEWEB-0146             
1 47292U 20100AL  26254.71058995 -.00000402  00000+0 -11527-2 0  9995
2 47292  87.8997 333.4858 0002232 100.3147 259.8233 13.12442228276021
ONEWEB-0147             
1 47293U 20100AM  26254.75295299  .00000426  00000+0  11480-2 0  9992
2 47293  87.8991 333.4620 0001802  99.0785 261.0548 13.12441781275922
ONEWEB-0115             
1 48042U 21025A   26254.63727650 -.00000204  00000+0 -59336-3 0  9999
2 48042  87.8936 303.0264 0002005  95.0128 265.1230 13.13468334264941
ONEWEB-0152             
1 48043U 21025B   26254.87935796  .00000118  00000+0  28940-3 0  9997
2 48043  87.8934 302.9797 0002013  99.4167 260.7190 13.13469552264937
ONEWEB-0153             
1 48044U 21025C   26254.85734342 -.00012528  00000+0 -34359-1 0  9999
2 48044  87.8937 302.9819 0002088  87.3757 272.7611 13.13530271264926
ONEWEB-0154             
1 48045U 21025D   26254.62543786 -.00000294  00000+0 -84133-3 0  9999
2 48045  87.8937 303.0296 0001940  95.2131 264.9220 13.13470031264856
ONEWEB-0116             
1 48046U 21025E   26254.66437562  .00000325  00000+0  85483-3 0  9990
2 48046  87.8939 303.0192 0002054  95.2394 264.8969 13.13469184265006
ONEWEB-0150             
1 48047U 21025F   26254.64068019 -.00000121  00000+0 -36561-3 0  9995
2 48047  87.8937 303.0224 0001881 101.9320 258.2020 13.13470413264890
ONEWEB-0107             
1 48048U 21025G   26254.87090676 -.00000153  00000+0 -45357-3 0  9993
2 48048  87.8938 302.9718 0001760  96.6126 263.5203 13.13470583264900
ONEWEB-0101             
1 48049U 21025H   26254.68130995  .00000130  00000+0  32136-3 0  9996
2 48049  87.8926 303.0163 0001797  91.6645 268.4690 13.13469591264850
ONEWEB-0113             
1 48050U 21025J   26254.67793201  .00000178  00000+0  44866-3 0  9997
2 48050  87.8930 302.9176 0001883 100.9153 259.2188 13.13891424264969
ONEWEB-0112             
1 48051U 21025K   26254.87597771  .00000007  00000+0 -16162-4 0  9995
2 48051  87.8935 302.9694 0001769  89.9838 270.1494 13.13470040264979
ONEWEB-0156             
1 48052U 21025L   26254.88443436  .00000282  00000+0  73814-3 0  9995
2 48052  87.8935 302.9770 0001785  98.6054 261.5277 13.13469793264954
ONEWEB-0161             
1 48053U 21025M   26254.85904867 -.00000285  00000+0 -81615-3 0  9996
2 48053  87.8937 302.9825 0001701  97.7257 262.4066 13.13468963264887
ONEWEB-0158             
1 48054U 21025N   26254.66607578  .00000323  00000+0  85054-3 0  9997
2 48054  87.8942 303.0187 0002171  90.6432 269.4946 13.13470676264985
ONEWEB-0157             
1 48055U 21025P   26254.84381724 -.00000094  00000+0 -29273-3 0  9998
2 48055  87.8930 302.9857 0001519  94.0138 266.1165 13.13470315264944
ONEWEB-0162             
1 48056U 21025Q   26254.59144620  .00000964  00000+0  26037-2 0  9991
2 48056  87.8926 303.0349 0002097  99.7063 260.4303 13.13466336264881
ONEWEB-0155             
1 48057U 21025R   26254.67452895  .00000159  00000+0  40152-3 0  9998
2 48057  87.8938 303.0180 0001791  99.3691 260.7640 13.13470222265035
ONEWEB-0149             
1 48058U 21025S   26254.84888392 -.00000219  00000+0 -63451-3 0  9999
2 48058  87.8933 302.9867 0001953 101.8547 258.2801 13.13468166264865
ONEWEB-0148             
1 48059U 21025T   26254.88782583  .00000257  00000+0  66901-3 0  9992
2 48059  87.8926 302.9803 0001824 114.1264 246.0056 13.13470074264990
ONEWEB-0160             
1 48060U 21025U   26254.67621939  .00000224  00000+0  57878-3 0  9995
2 48060  87.8928 303.0188 0002592  93.9093 266.2332 13.13468940264911
ONEWEB-0163             
1 48061U 21025V   26254.88951121  .00000342  00000+0  90277-3 0  9999
2 48061  87.8933 302.9779 0001587  94.6756 265.4554 13.13468990265068
ONEWEB-0159             
1 48062U 21025W   26254.65252376  .00000297  00000+0  77913-3 0  9992
2 48062  87.8936 303.0198 0001701  93.3233 266.8091 13.13470525264958
ONEWEB-0164             
1 48063U 21025X   26254.86243238 -.00000273  00000+0 -78271-3 0  9997
2 48063  87.8933 302.9835 0002009  94.7959 265.3399 13.13469177264961
ONEWEB-0167             
1 48064U 21025Y   26254.66183536  .00000169  00000+0  42809-3 0  9990
2 48064  87.8930 303.0262 0001637  77.0612 283.0700 13.13470105264923
ONEWEB-0166             
1 48065U 21025Z   26254.53232474 -.00000033  00000+0 -12460-3 0  9995
2 48065  87.8937 303.0305 0001861  97.8298 262.3043 13.13468767264985
ONEWEB-0151             
1 48066U 21025AA  26254.83873094 -.00000053  00000+0 -17983-3 0  9995
2 48066  87.8932 302.9839 0001927  92.3044 267.8306 13.13469223264961
ONEWEB-0170             
1 48067U 21025AB  26254.84717913 -.00000167  00000+0 -49287-3 0  9992
2 48067  87.8936 302.9846 0002321  86.2609 273.8785 13.13467729264925
ONEWEB-0168             
1 48068U 21025AC  26254.83196233  .00000112  00000+0  27295-3 0  9991
2 48068  87.8933 302.9886 0001878  93.7883 266.3460 13.13468385264937
ONEWEB-0173             
1 48069U 21025AD  26254.89967498  .00000239  00000+0  62067-3 0  9993
2 48069  87.8931 302.9736 0001608  86.9951 273.1362 13.13468478265189
ONEWEB-0171             
1 48070U 21025AE  26254.86072807 -.00000077  00000+0 -24469-3 0  9999
2 48070  87.8930 302.9859 0001969  93.1792 266.9562 13.13473245264997
ONEWEB-0172             
1 48071U 21025AF  26254.68807626 -.00000059  00000+0 -19720-3 0  9999
2 48071  87.8931 303.0175 0001770  90.1271 270.0062 13.13470182265866
ONEWEB-0174             
1 48072U 21025AG  26254.66944276  .00000258  00000+0  67258-3 0  9999
2 48072  87.8934 303.0194 0001816 100.1410 259.9925 13.13468628265180
ONEWEB-0175             
1 48073U 21025AH  26254.85226883 -.00000236  00000+0 -68221-3 0  9997
2 48073  87.8937 302.9698 0002006  86.3835 273.7524 13.13468994264868
ONEWEB-0177             
1 48074U 21025AJ  26254.63558846 -.00000212  00000+0 -61678-3 0  9994
2 48074  87.8930 303.0278 0001694  98.6627 261.4694 13.13470074265028
ONEWEB-0178             
1 48075U 21025AK  26254.65435892  .00000182  00000+0  46327-3 0  9990
2 48075  87.8925 303.0300 0001811  89.5141 270.6196 13.13470423265072
ONEWEB-0108             
1 48076U 21025AL  26254.84212548 -.00000116  00000+0 -35289-3 0  9997
2 48076  87.8929 302.9812 0002037 103.1169 257.0188 13.13469802265021
ONEWEB-0169             
1 48077U 21025AM  26254.87428345 -.00000044  00000+0 -15628-3 0  9990
2 48077  87.8933 302.9798 0001840  99.4709 260.6629 13.13469969263682
ONEWEB-0176             
1 48210U 21031A   26254.57154930  .00000179  00000+0  44727-3 0  9998
2 48210  87.8897 272.4724 0001919  88.4004 271.7345 13.14501745259664
ONEWEB-0184             
1 48211U 21031B   26254.54620180 -.00000146  00000+0 -42820-3 0  9999
2 48211  87.8902 272.4831 0002080  71.7203 288.4153 13.14503935259639
ONEWEB-0179             
1 48212U 21031C   26254.56525957  .00001989  00000+0  18222-3 0  9991
2 48212  87.8936 265.7157 0348968 329.5813  28.5546 14.57886131261465
ONEWEB-0180             
1 48213U 21031D   26254.77794241 -.00000128  00000+0 -37892-3 0  9999
2 48213  87.8906 272.4358 0001634  83.6389 276.4927 13.14503692259591
ONEWEB-0218             
1 48214U 21031E   26254.79821465  .00000127  00000+0  30718-3 0  9998
2 48214  87.8903 272.4302 0001635  68.2447 291.8857 13.14501386259752
ONEWEB-0209             
1 48215U 21031F   26254.55971192  .00000000  00000+0 -34772-4 0  9992
2 48215  87.8900 272.4879 0001682  91.3948 268.7374 13.14501970259727
ONEWEB-0198             
1 48216U 21031G   26254.54464488 -.00000170  00000+0 -49340-3 0  9992
2 48216  87.8885 272.4828 0001614  80.3171 279.8141 13.14502165259839
ONEWEB-0189             
1 48217U 21031H   26254.78468125 -.00000064  00000+0 -20754-3 0  9991
2 48217  87.8904 272.4314 0001700  85.0867 275.0457 13.14501834259607
ONEWEB-0196             
1 48218U 21031J   26254.53605760 -.00000144  00000+0 -42304-3 0  9997
2 48218  87.8902 272.4888 0001773  90.4771 269.6562 13.14502410259579
ONEWEB-0183             
1 48219U 21031K   26254.81344021  .00000263  00000+0  67356-3 0  9993
2 48219  87.8898 272.4294 0001906  98.4420 261.6926 13.14501633259709
ONEWEB-0185             
1 48220U 21031L   26254.53541307 -.00000175  00000+0 -50740-3 0  9993
2 48220  87.8900 272.4839 0001635 102.1009 258.0304 13.14503023259597
ONEWEB-0187             
1 48221U 21031M   26254.74396894  .00000218  00000+0  55396-3 0  9994
2 48221  87.8895 272.4522 0001768  90.5971 269.5361 13.14503880259631
ONEWEB-0192             
1 48222U 21031N   26254.78976235  .00000000  00000+0 -33603-4 0  9990
2 48222  87.8896 272.4324 0001858  89.6708 270.4635 13.14501558259556
ONEWEB-0219             
1 48223U 21031P   26254.54111646 -.00000160  00000+0 -46612-3 0  9993
2 48223  87.8905 272.4818 0001651  95.1001 265.0317 13.14502506259725
ONEWEB-0202             
1 48224U 21031Q   26254.59864253  .00000043  00000+0  81491-4 0  9991
2 48224  87.8902 272.4782 0001725  69.6955 290.4360 13.14503170259716
ONEWEB-0204             
1 48225U 21031R   26254.78383570 -.00000087  00000+0 -26902-3 0  9996
2 48225  87.8897 272.4354 0002060 101.4541 258.6820 13.14502505259633
ONEWEB-0205             
1 48226U 21031S   26254.60878914 -.00000164  00000+0 -47634-3 0  9990
2 48226  87.8899 272.4695 0001663  94.7980 265.3339 13.14503309259625
ONEWEB-0206             
1 48227U 21031T   26254.58001819  .00000280  00000+0  71992-3 0  9991
2 48227  87.8899 272.4726 0002061  91.3376 268.7990 13.14501351259575
ONEWEB-0182             
1 48228U 21031U   26254.57495054  .00000261  00000+0  66866-3 0  9992
2 48228  87.8896 272.4782 0002007  96.5606 263.5752 13.14501868259783
ONEWEB-0186             
1 48229U 21031V   26254.58678205  .00000191  00000+0  48186-3 0  9992
2 48229  87.8905 272.4741 0001902  87.8128 272.3219 13.14501311259739
ONEWEB-0181             
1 48230U 21031W   26254.79315748  .00000176  00000+0  43979-3 0  9995
2 48230  87.8892 272.4477 0001545  93.1447 266.9860 13.14504703259615
ONEWEB-0188             
1 48231U 21031X   26254.60370526 -.00000032  00000+0 -12047-3 0  9996
2 48231  87.8890 272.4858 0001836  96.2298 263.9041 13.14501861259494
ONEWEB-0220             
1 48232U 21031Y   26254.79397118 -.00000005  00000+0 -47519-4 0  9996
2 48232  87.8900 272.4322 0001773  97.8975 262.2356 13.14500455259783
ONEWEB-0165             
1 48233U 21031Z   26254.59524840  .00000115  00000+0  27519-3 0  9996
2 48233  87.8902 272.4809 0001657  82.1788 277.9529 13.14501230259716
ONEWEB-0199             
1 48234U 21031AA  26254.57832287  .00000323  00000+0  83735-3 0  9995
2 48234  87.8904 272.4736 0002132  90.8195 269.3179 13.14502070259613
ONEWEB-0203             
1 48235U 21031AB  26254.79652562  .00000104  00000+0  24488-3 0  9993
2 48235  87.8901 272.4320 0002076  85.1881 274.9486 13.14501821259656
ONEWEB-0197             
1 48236U 21031AC  26254.54437660 -.00000296  00000+0 -83192-3 0  9998
2 48236  87.8896 272.4634 0002037  96.2407 263.8955 13.14503884259538
ONEWEB-0194             
1 48237U 21031AD  26254.75256990  .00000065  00000+0  14133-3 0  9998
2 48237  87.8900 272.4465 0002109  88.5736 271.5635 13.14504123259736
ONEWEB-0193             
1 48238U 21031AE  26254.53943216 -.00000178  00000+0 -51423-3 0  9999
2 48238  87.8908 272.4811 0002338  88.5263 271.6134 13.14501964259655
ONEWEB-0191             
1 48239U 21031AF  26254.77963379 -.00000157  00000+0 -45902-3 0  9990
2 48239  87.8901 272.4352 0001937  94.9987 265.1364 13.14503189259549
ONEWEB-0195             
1 48240U 21031AG  26254.60456151 -.00000103  00000+0 -31241-3 0  9991
2 48240  87.8901 272.4698 0001633  82.9458 277.1857 13.14503345259507
ONEWEB-0201             
1 48241U 21031AH  26254.74423222  .00000231  00000+0  58784-3 0  9991
2 48241  87.8901 272.4531 0001712 100.8384 259.2938 13.14502785259755
ONEWEB-0207             
1 48242U 21031AJ  26254.57070753  .00000229  00000+0  58226-3 0  9998
2 48242  87.8903 272.4762 0001938 101.3228 258.8120 13.14501853259648
ONEWEB-0208             
1 48243U 21031AK  26254.78131298 -.00000138  00000+0 -40587-3 0  9996
2 48243  87.8898 272.4369 0001651  85.5780 274.5538 13.14501925259685
ONEWEB-0200             
1 48244U 21031AL  26254.74580217  .00000180  00000+0  45138-3 0  9994
2 48244  87.8906 272.4396 0001620  94.9736 265.1578 13.14503274259608
ONEWEB-0217             
1 48245U 21031AM  26254.61047903 -.00000105  00000+0 -31644-3 0  9997
2 48245  87.8903 272.4698 0001805  81.4789 278.6546 13.14502403259534
ONEWEB-0211             
1 48767U 21045A   26254.92958804 -.00000053  00000+0 -17436-3 0  9991
2 48767  87.8972 241.7669 0001833  65.4016 294.7306 13.16197906255856
ONEWEB-0223             
1 48768U 21045B   26254.51832786  .00000058  00000+0  11980-3 0  9998
2 48768  87.8977 241.9811 0002061  73.7774 286.3583 13.15547993255757
ONEWEB-0230             
1 48769U 21045C   26254.94615455  .00000111  00000+0  25976-3 0  9998
2 48769  87.8977 241.9041 0002095  89.6720 270.4650 13.15547974256071
ONEWEB-0237             
1 48770U 21045D   26254.47872988  .00000110  00000+0  25743-3 0  9995
2 48770  87.8972 241.9965 0001669  82.7488 277.3832 13.15549620255734
ONEWEB-0235             
1 48771U 21045E   26254.45337479 -.00000153  00000+0 -44104-3 0  9996
2 48771  87.8981 241.9952 0002183  74.8021 285.3351 13.15549353255725
ONEWEB-0242             
1 48772U 21045F   26254.52308822 -.00000397  00000+0 -10898-2 0  9997
2 48772  87.9003 241.9767 0002210  80.8038 279.3342 13.15546037255776
ONEWEB-0241             
1 48773U 21045G   26254.43435004  .00000060  00000+0  12515-3 0  9995
2 48773  87.8977 242.0068 0002014  75.6583 284.4771 13.15548748255674
ONEWEB-0243             
1 48774U 21045H   26254.92239343 -.00000132  00000+0 -38384-3 0  9992
2 48774  87.8974 241.9215 0002478  80.3942 279.7468 13.15547084255762
ONEWEB-0222             
1 48775U 21045J   26254.67758769 -.00000035  00000+0 -12771-3 0  9997
2 48775  87.8977 241.9449 0002016  78.8933 281.2424 13.15549300255779
ONEWEB-0244             
1 48776U 21045K   26254.93188928 -.00000044  00000+0 -15134-3 0  9997
2 48776  87.8980 241.8940 0002092  82.4440 277.6928 13.15547332256375
ONEWEB-0247             
1 48777U 21045L   26254.92872690 -.00000071  00000+0 -22214-3 0  9990
2 48777  87.8968 241.9147 0002627  72.0968 288.0448 13.15547332255817
ONEWEB-0245             
1 48778U 21045M   26254.46763918 -.00000092  00000+0 -27772-3 0  9999
2 48778  87.8982 241.9935 0001828  82.0511 278.0827 13.15549240255726
ONEWEB-0229             
1 48779U 21045N   26254.46286246 -.00000117  00000+0 -34360-3 0  9993
2 48779  87.8977 241.9920 0002123  84.6953 275.4420 13.15547167255751
ONEWEB-0228             
1 48780U 21045P   26254.95263774  .00000144  00000+0  34738-3 0  9997
2 48780  87.8983 241.8918 0002038  83.9898 276.1465 13.15547602255730
ONEWEB-0232             
1 48781U 21045Q   26254.92713338 -.00000075  00000+0 -23303-3 0  9992
2 48781  87.8981 241.8958 0001942  85.1944 274.9408 13.15547104256058
ONEWEB-0231             
1 48782U 21045R   26254.52467348 -.00000065  00000+0 -20644-3 0  9990
2 48782  87.8978 241.9844 0002038  78.7681 281.3679 13.15547396255697
ONEWEB-0234             
1 48783U 21045S   26254.48649821  .00000034  00000+0  56720-4 0  9993
2 48783  87.8982 241.9787 0001194  92.5989 267.5278 13.15546767255823
ONEWEB-0238             
1 48784U 21045T   26254.48678407  .00000089  00000+0  20140-3 0  9992
2 48784  87.8984 241.9746 0001578  89.2973 270.8339 13.15547397255727
ONEWEB-0240             
1 48785U 21045U   26254.50803392  .00000073  00000+0  15881-3 0  9998
2 48785  87.8982 241.9790 0001920  76.1766 283.9578 13.15549410255752
ONEWEB-0246             
1 48786U 21045V   26254.50247877  .00000057  00000+0  11742-3 0  9993
2 48786  87.8981 241.9829 0002106  85.5702 274.5669 13.15547457255628
ONEWEB-0210             
1 48787U 21045W   26254.47713072  .00000033  00000+0  52701-4 0  9990
2 48787  87.8976 241.9860 0002805  78.1762 281.9683 13.15547078255669
ONEWEB-0214             
1 48788U 21045X   26254.48584451  .00000137  00000+0  32984-3 0  9994
2 48788  87.8983 241.9805 0002305  90.1907 269.9487 13.15547293255631
ONEWEB-0221             
1 48789U 21045Y   26254.94932432  .00000111  00000+0  26164-3 0  9997
2 48789  87.8979 241.8960 0002036  80.7466 279.3894 13.15547866255783
ONEWEB-0213             
1 48790U 21045Z   26254.93823485  .00000019  00000+0  15341-4 0  9998
2 48790  87.8977 241.9013 0002198  79.8067 280.3311 13.15548310255846
ONEWEB-0212             
1 48791U 21045AA  26254.91526142 -.00000081  00000+0 -24880-3 0  9995
2 48791  87.8975 241.9003 0002158  85.0214 275.1163 13.15550748255837
ONEWEB-0227             
1 48792U 21045AB  26254.91447322 -.00000068  00000+0 -21359-3 0  9991
2 48792  87.8978 241.8994 0002010  82.5640 277.5719 13.15548109255786
ONEWEB-0226             
1 48793U 21045AC  26254.52784444 -.00000098  00000+0 -29553-3 0  9995
2 48793  87.8981 241.9817 0002257  82.1796 277.9590 13.15548317255701
ONEWEB-0224             
1 48794U 21045AD  26254.94773963  .00000101  00000+0  23299-3 0  9990
2 48794  87.8969 241.9259 0001347  66.1069 294.0202 13.15548653255682
ONEWEB-0233             
1 48795U 21045AE  26254.49600811  .00000127  00000+0  30253-3 0  9998
2 48795  87.8967 242.0225 0002015  78.0184 282.1172 13.15547792255642
ONEWEB-0190             
1 48796U 21045AF  26254.93981876  .00000016  00000+0  71737-5 0  9992
2 48796  87.8972 241.9023 0002412  71.1725 288.9667 13.15548470255770
ONEWEB-0236             
1 48797U 21045AG  26254.50089902  .00000154  00000+0  37536-3 0  9995
2 48797  87.8973 241.9927 0001891  86.3763 273.7584 13.15548168255601
ONEWEB-0248             
1 48798U 21045AH  26254.51358673  .00000025  00000+0  31769-4 0  9991
2 48798  87.8979 241.9827 0002026  71.5598 288.5753 13.15549128255766
ONEWEB-0225             
1 48799U 21045AJ  26254.38363265 -.00000116  00000+0 -34141-3 0  9999
2 48799  87.8977 242.0139 0002304  72.6917 287.4465 13.15546972255750
ONEWEB-0215             
1 48800U 21045AK  26254.50566013  .00000122  00000+0  29091-3 0  9995
2 48800  87.8982 241.9758 0002277  67.1081 293.0290 13.15549478255645
ONEWEB-0216             
1 48801U 21045AL  26254.89544010  .00000077  00000+0  17060-3 0  9993
2 48801  87.8978 241.9102 0002073  87.0647 273.0720 13.15546992255708
ONEWEB-0239             
1 48802U 21045AM  26254.67202803  .00000052  00000+0  10292-3 0  9994
2 48802  87.8979 241.9583 0002093  61.6978 298.4363 13.15548161255715
ONEWEB-0249             
1 48967U 21060A   26254.38542207 -.00000307  00000+0 -83567-3 0  9996
2 48967  87.9138 211.6610 0002016  76.2950 283.8406 13.16594144250957
ONEWEB-0250             
1 48968U 21060B   26254.79344720 -.00000015  00000+0 -64737-4 0  9997
2 48968  87.9148 209.0565 0001094  67.7899 292.3353 13.25837652251693
ONEWEB-0252             
1 48970U 21060D   26254.79632837  .00000067  00000+0  14290-3 0  9992
2 48970  87.9140 211.5722 0002024  89.7463 270.3900 13.16597791251057
ONEWEB-0253             
1 48971U 21060E   26254.40523513  .00000064  00000+0  13412-3 0  9993
2 48971  87.9138 211.6545 0001952  79.4974 280.6377 13.16592960250932
ONEWEB-0254             
1 48972U 21060F   26254.79471558  .00000051  00000+0  99121-4 0  9995
2 48972  87.9140 211.5763 0002024  70.2304 289.9045 13.16594017250988
ONEWEB-0255             
1 48973U 21060G   26254.37673210 -.00000012  00000+0 -65569-4 0  9997
2 48973  87.9140 211.6647 0002061  74.6401 285.4958 13.16593652251000
ONEWEB-0256             
1 48974U 21060H   26254.78284453  .00000026  00000+0  33870-4 0  9993
2 48974  87.9138 211.5849 0002124  82.9871 277.1501 13.16593288251023
ONEWEB-0257             
1 48975U 21060J   26254.43532289 -.00000037  00000+0 -13007-3 0  9992
2 48975  87.9144 211.6439 0002166  80.8868 279.2508 13.16594023250933
ONEWEB-0258             
1 48976U 21060K   26254.81688888  .00000014  00000+0  35383-5 0  9998
2 48976  87.9134 211.5792 0002020  78.2903 281.8455 13.16594203250990
ONEWEB-0259             
1 48977U 21060L   26254.81054430 -.00000034  00000+0 -12142-3 0  9999
2 48977  87.9145 211.5806 0001927  73.1865 286.9478 13.16593331251022
ONEWEB-0260             
1 48978U 21060M   26254.80182891  .00000066  00000+0  13828-3 0  9997
2 48978  87.9138 211.5802 0002369  84.5150 275.6251 13.16595844251008
ONEWEB-0261             
1 48979U 21060N   26254.61974727  .00000049  00000+0  95453-4 0  9990
2 48979  87.9126 211.6180 0002241  73.4443 286.6934 13.16594104251038
ONEWEB-0262             
1 48980U 21060P   26254.37197810 -.00000041  00000+0 -14140-3 0  9992
2 48980  87.9140 211.6557 0001894  72.5203 287.6134 13.16593711250968
ONEWEB-0263             
1 48981U 21060Q   26254.78362946  .00000072  00000+0  15365-3 0  9994
2 48981  87.9129 211.5857 0002186  70.8848 289.2520 13.16593472250982
ONEWEB-0264             
1 48982U 21060R   26254.82083670 -.00000027  00000+0 -10534-3 0  9999
2 48982  87.9134 211.5773 0002223  78.2626 281.8754 13.16593100250990
ONEWEB-0266             
1 48984U 21060T   26254.38622358 -.00000434  00000+0 -11684-2 0  9992
2 48984  87.9141 211.6585 0001996  80.6809 279.4548 13.16595783250924
ONEWEB-0267             
1 48985U 21060U   26254.62530296 -.00000001  00000+0 -35380-4 0  9990
2 48985  87.9139 211.6082 0002186  76.1806 283.9568 13.16593110250961
ONEWEB-0268             
1 48986U 21060V   26254.82163070 -.00000016  00000+0 -75193-4 0  9997
2 48986  87.9140 211.5778 0002111  82.2980 277.8391 13.16593844251257
ONEWEB-0269             
1 48987U 21060W   26254.80263907  .00000055  00000+0  11158-3 0  9997
2 48987  87.9138 211.5792 0001959  86.9033 273.2322 13.16594795251025
ONEWEB-0270             
1 48988U 21060X   26254.82004770 -.00000025  00000+0 -98455-4 0  9996
2 48988  87.9131 211.5779 0002033  69.2487 290.8862 13.16593537251066
ONEWEB-0271             
1 48989U 21060Y   26254.80738611  .00000006  00000+0 -18131-4 0  9994
2 48989  87.9139 211.5716 0002155  72.6971 287.4395 13.16593441251064
ONEWEB-0272             
1 48990U 21060Z   26254.60154177 -.00000186  00000+0 -51995-3 0  9997
2 48990  87.9133 211.6205 0002522  80.4881 279.6535 13.16593601250986
ONEWEB-0273             
1 48991U 21060AA  26254.39573551 -.00000033  00000+0 -12115-3 0  9997
2 48991  87.9132 211.6624 0002061  75.3052 284.8307 13.16592291250936
ONEWEB-0274             
1 48992U 21060AB  26254.64905826  .00000097  00000+0  22133-3 0  9999
2 48992  87.9133 211.6103 0002330  82.7523 277.3872 13.16594892251006
ONEWEB-0275             
1 48993U 21060AC  26254.78997341  .00000056  00000+0  11361-3 0  9994
2 48993  87.9140 211.5793 0002770  92.0142 268.1306 13.16595367250959
ONEWEB-0276             
1 48994U 21060AD  26254.59521865 -.00000017  00000+0 -78520-4 0  9998
2 48994  87.9142 211.6164 0002206  80.8274 279.3106 13.16593191250944
ONEWEB-0277             
1 48995U 21060AE  26254.37989965 -.00000026  00000+0 -10179-3 0  9999
2 48995  87.9135 211.6635 0002090  75.7127 284.4236 13.16594958250900
ONEWEB-0278             
1 48996U 21060AF  26254.59838241 -.00000021  00000+0 -88092-4 0  9999
2 48996  87.9140 211.6150 0001849  80.9200 279.2140 13.16593474251066
ONEWEB-0279             
1 48997U 21060AG  26254.37830851 -.00000014  00000+0 -69945-4 0  9993
2 48997  87.9139 211.6577 0002252  75.9644 284.1737 13.16592855250960
ONEWEB-0280             
1 48998U 21060AH  26254.62135557 -.00000057  00000+0 -18328-3 0  9998
2 48998  87.9139 211.6129 0001806  72.2949 287.8379 13.16594075250931
ONEWEB-0281             
1 48999U 21060AJ  26254.62688028  .00000013  00000+0 -31719-6 0  9998
2 48999  87.9143 211.6087 0002114  83.2252 276.9120 13.16592765251008
ONEWEB-0282             
1 49000U 21060AK  26254.80897224  .00000051  00000+0  10033-3 0  9996
2 49000  87.9142 211.5782 0002020  75.1190 285.0165 13.16594736251009
ONEWEB-0283             
1 49001U 21060AL  26254.79787810  .00000031  00000+0  48233-4 0  9996
2 49001  87.9141 211.5798 0002161  76.3799 283.7573 13.16593144251011
ONEWEB-0284             
1 49002U 21060AM  26254.79154424  .00000070  00000+0  15075-3 0  9996
2 49002  87.9139 211.5762 0001733  75.9996 284.1327 13.16593837250995
ONEWEB-0285             
1 49075U 21075A   26254.74193238  .00000359  00000+0  96120-3 0  9993
2 49075  87.8989 333.4798 0001883 107.0607 253.0728 13.12445139246567
ONEWEB-0286             
1 49076U 21075B   26254.72399727 -.00000218  00000+0 -64269-3 0  9998
2 49076  87.8986 333.4922 0001963 106.1396 253.9949 13.12442663245919
ONEWEB-0287             
1 49077U 21075C   26254.65796246  .00000015  00000+0  44504-5 0  9993
2 49077  87.9206 348.6915 0001895 113.2717 246.8614 13.17648696245016
ONEWEB-0288             
1 49078U 21075D   26254.77664694 -.00000257  00000+0 -75086-3 0  9995
2 49078  87.8995 333.4662 0001767 105.7239 254.4085 13.12439988246548
ONEWEB-0289             
1 49079U 21075E   26254.77270090  .00000000  00000+0 -32294-4 0  9999
2 49079  87.9194 348.6858 0001521  93.8851 266.2454 13.17649594245609
ONEWEB-0290             
1 49080U 21075F   26254.74570071  .00000026  00000+0  32762-4 0  9997
2 49080  87.9211 348.6702 0001453  89.8530 270.2768 13.17649897245016
ONEWEB-0291             
1 49081U 21075G   26254.65458674  .00000028  00000+0  39626-4 0  9990
2 49081  87.9206 348.6894 0001573 108.0996 252.0307 13.17649023244990
ONEWEB-0293             
1 49082U 21075H   26254.75582562 -.00000029  00000+0 -10833-3 0  9997
2 49082  87.9200 348.6715 0001666  99.5262 260.6058 13.17650195245036
ONEWEB-0294             
1 49083U 21075J   26254.78344566 -.00000279  00000+0 -81173-3 0  9993
2 49083  87.8999 333.4691 0001592  95.6732 264.4578 13.12440933245933
ONEWEB-0295             
1 49084U 21075K   26254.75498351 -.00000353  00000+0 -94174-3 0  9991
2 49084  87.9209 348.6763 0001941 108.5552 251.5790 13.17649322244995
ONEWEB-0296             
1 49085U 21075L   26254.91558950  .00000305  00000+0  81303-3 0  9997
2 49085  87.8989 333.4489 0001635 106.7461 253.3848 13.12441902245956
ONEWEB-0297             
1 49086U 21075M   26254.71736420 -.00000336  00000+0 -96915-3 0  9997
2 49086  87.8985 333.4919 0001863 103.3674 256.7662 13.12443145246530
ONEWEB-0298             
1 49087U 21075N   26254.75935073  .00000049  00000+0  94165-4 0  9992
2 49087  87.9203 348.6734 0001950 103.1152 257.0197 13.17649376245023
ONEWEB-0299             
1 49088U 21075P   26254.76088807  .00000023  00000+0  25476-4 0  9999
2 49088  87.9211 348.6610 0001855 106.5682 253.5654 13.17649594245004
ONEWEB-0300             
1 49089U 21075Q   26254.70974318 -.00000406  00000+0 -11638-2 0  9995
2 49089  87.8998 333.4821 0002268 103.1915 256.9467 13.12442719246558
ONEWEB-0301             
1 49090U 21075R   26254.76989759 -.00000048  00000+0 -16758-3 0  9999
2 49090  87.8994 333.4669 0002231 100.2498 259.8883 13.12440118245925
ONEWEB-0302             
1 49091U 21075S   26254.75633592  .00000334  00000+0  89381-3 0  9998
2 49091  87.8988 333.4788 0001569  99.3800 260.7506 13.12441483245906
ONEWEB-0304             
1 49092U 21075T   26254.65965312  .00000032  00000+0  49929-4 0  9996
2 49092  87.9201 348.6952 0001814 105.5468 254.5864 13.17649998244969
ONEWEB-0305             
1 49093U 21075U   26254.65289291 -.00000006  00000+0 -49207-4 0  9994
2 49093  87.9208 348.6882 0001812 114.2037 245.9284 13.17650169244991
ONEWEB-0308             
1 49094U 21075V   26254.74955985  .00000434  00000+0  11706-2 0  9999
2 49094  87.8996 333.4771 0001880  98.7186 261.4155 13.12442376245917
ONEWEB-0309             
1 49095U 21075W   26254.65625600  .00000015  00000+0  62266-5 0  9993
2 49095  87.9202 348.6893 0001395  94.5253 265.6038 13.17647976244960
ONEWEB-0310             
1 49096U 21075X   26254.91728789  .00000253  00000+0  66885-3 0  9998
2 49096  87.8986 333.4574 0001850  98.9162 261.2176 13.12441541246568
ONEWEB-0311             
1 49097U 21075Y   26254.66301653 -.00000017  00000+0 -77060-4 0  9996
2 49097  87.9203 348.6878 0001967 114.6208 245.5129 13.17649329245014
ONEWEB-0312             
1 49098U 21075Z   26254.75412399  .00000000  00000+0 -32139-4 0  9996
2 49098  87.9207 348.6801 0001708 108.3948 251.7369 13.17647111245000
ONEWEB-0313             
1 49099U 21075AA  26254.75907596 -.00000020  00000+0 -85941-4 0  9997
2 49099  87.9201 348.6829 0001846 105.1062 255.0274 13.17649689244991
ONEWEB-0314             
1 49100U 21075AB  26254.64952593  .00000066  00000+0  13641-3 0  9990
2 49100  87.9214 348.6875 0001612 110.8309 249.2996 13.17650037244958
ONEWEB-0315             
1 49101U 21075AC  26254.58522726  .00000333  00000+0  88922-3 0  9996
2 49101  87.8996 333.4944 0002093 109.5026 250.6329 13.12443950246507
ONEWEB-0316             
1 49102U 21075AD  26254.65816103  .00000018  00000+0  12270-4 0  9994
2 49102  87.9178 318.2759 0001840  97.6176 262.5165 13.18685510248607
ONEWEB-0317             
1 49103U 21075AE  26254.74109420  .00000311  00000+0  82826-3 0  9991
2 49103  87.8988 333.4832 0001624  81.1897 278.9415 13.12446055246548
ONEWEB-0318             
1 49104U 21075AF  26254.73053133 -.00001202  00000+0 -30826-2 0  9994
2 49104  87.9129 318.2706 0001998  89.8978 270.2383 13.18677039248575
ONEWEB-0319             
1 49105U 21075AG  26254.74063860  .00000060  00000+0  12191-3 0  9999
2 49105  87.9206 348.6771 0002231 112.4408 247.6960 13.17650997245000
ONEWEB-0323             
1 49106U 21075AH  26254.72244911 -.00000280  00000+0 -81464-3 0  9991
2 49106  87.8995 333.4729 0002074 115.8970 244.2372 13.12443511245902
ONEWEB-0329             
1 49107U 21075AJ  26254.74908102 -.00000026  00000+0 -99053-4 0  9995
2 49107  87.9205 348.6770 0001790 105.4181 254.7149 13.17649702244985
ONEWEB-0330             
1 49108U 21075AK  26254.75257670 -.00000020  00000+0 -83548-4 0  9990
2 49108  87.9208 348.6895 0001714 103.3631 256.7692 13.17647553245023
ONEWEB-0292             
1 49186U 21083A   26254.62713200 -.00000302  00000+0 -86274-3 0  9998
2 49186  87.8926 303.0398 0002012 100.0825 260.0532 13.13468979242273
ONEWEB-0303             
1 49187U 21083B   26254.72714870 -.00000083  00000+0 -24379-3 0  9998
2 49187  87.9174 318.2643 0001955 102.2230 257.9121 13.18685494241388
ONEWEB-0306             
1 49188U 21083C   26254.86878142 -.00000013  00000+0 -64478-4 0  9995
2 49188  87.9180 318.2267 0001763  91.6448 268.4886 13.18687777241445
ONEWEB-0307             
1 49189U 21083D   26254.69736326 -.00000116  00000+0 -35145-3 0  9996
2 49189  87.8931 303.0229 0001886 101.2526 258.8815 13.13471853242289
ONEWEB-0320             
1 49190U 21083E   26254.73727974  .00000069  00000+0  14265-3 0  9997
2 49190  87.9172 318.2616 0001920  97.7693 262.3657 13.18686710241389
ONEWEB-0321             
1 49191U 21083F   26254.71528703  .00000067  00000+0  13370-3 0  9999
2 49191  87.9134 257.1743 0002072  83.6693 276.4676 13.20773554248259
ONEWEB-0322             
1 49192U 21083G   26254.84550430 -.00000108  00000+0 -33131-3 0  9991
2 49192  87.8925 302.9939 0002104  84.5669 275.5700 13.13469158242292
ONEWEB-0324             
1 49193U 21083H   26254.71031333  .00000001  00000+0 -31034-4 0  9996
2 49193  87.9183 318.2639 0001765 100.7946 259.3385 13.18686779241404
ONEWEB-0325             
1 49194U 21083J   26254.71367020 -.00000026  00000+0 -97987-4 0  9999
2 49194  87.9174 318.2639 0002026  97.9076 262.2286 13.18687246241411
ONEWEB-0326             
1 49195U 21083K   26254.88074791  .00000029  00000+0  41427-4 0  9997
2 49195  87.9177 318.2338 0002116 103.6580 256.4788 13.18686320241421
ONEWEB-0327             
1 49196U 21083L   26254.72872631  .00000116  00000+0  26051-3 0  9992
2 49196  87.9167 318.2629 0002325 103.2215 256.9176 13.18685878241420
ONEWEB-0328             
1 49197U 21083M   26254.83534531  .00000099  00000+0  23725-3 0  9994
2 49197  87.8936 302.9778 0001751  98.1519 261.9809 13.13468896242277
ONEWEB-0331             
1 49198U 21083N   26254.72211614 -.00000062  00000+0 -18936-3 0  9997
2 49198  87.9181 318.2607 0002036 107.5072 252.6282 13.18686212241414
ONEWEB-0333             
1 49199U 21083P   26254.67792398  .00000144  00000+0  35826-3 0  9991
2 49199  87.8930 303.0268 0001985  98.1699 261.9656 13.13469862242260
ONEWEB-0334             
1 49200U 21083Q   26254.72961284  .00000085  00000+0  17825-3 0  9995
2 49200  87.9139 257.1818 0002301  70.4815 289.6567 13.20772334248219
ONEWEB-0335             
1 49201U 21083R   26254.90137203  .00000347  00000+0  91521-3 0  9998
2 49201  87.8926 302.9799 0001943 101.0670 259.0677 13.13469096242308
ONEWEB-0336             
1 49202U 21083S   26254.87259059 -.00000073  00000+0 -23384-3 0  9999
2 49202  87.8928 302.9797 0001977 106.0440 254.0907 13.13468434242290
ONEWEB-0337             
1 49203U 21083T   26254.88261652  .00000148  00000+0  37057-3 0  9996
2 49203  87.8927 302.9840 0001763  99.7299 260.4029 13.13468808242293
ONEWEB-0338             
1 49204U 21083U   26254.55535170 -.00000004  00000+0 -42459-4 0  9996
2 49204  87.9138 257.2179 0002079  79.8976 280.2392 13.20770615248219
ONEWEB-0339             
1 49205U 21083V   26254.66267738  .00000326  00000+0  85892-3 0  9993
2 49205  87.8927 303.0210 0001986  91.7630 268.3727 13.13468924242242
ONEWEB-0340             
1 49206U 21083W   26254.70860422 -.00000001  00000+0 -35956-4 0  9997
2 49206  87.9175 318.2675 0001882 102.7360 257.3983 13.18687476241375
ONEWEB-0341             
1 49207U 21083X   26254.71535544 -.00000090  00000+0 -26179-3 0  9997
2 49207  87.9179 318.2652 0001463 106.7354 253.3939 13.18687152241397
ONEWEB-0342             
1 49208U 21083Y   26254.94086563  .00000058  00000+0  11082-3 0  9994
2 49208  87.9131 257.1315 0001985  86.4224 273.7136 13.20770558248233
ONEWEB-0343             
1 49209U 21083Z   26254.87554355  .00000001  00000+0 -30647-4 0  9994
2 49209  87.9173 318.2330 0001835  86.1227 274.0115 13.18687205241462
ONEWEB-0344             
1 49210U 21083AA  26254.58141556  .00000252  00000+0  65445-3 0  9999
2 49210  87.8926 303.0496 0001507 101.7586 258.3712 13.13469024242238
ONEWEB-0345             
1 49211U 21083AB  26254.87767006  .00000114  00000+0  27851-3 0  9992
2 49211  87.8931 302.9797 0001591  97.9637 262.1673 13.13469970242287
ONEWEB-0346             
1 49212U 21083AC  26254.72040961 -.00000018  00000+0 -78897-4 0  9993
2 49212  87.9179 318.2628 0002248 114.2943 245.8424 13.18687348241387
ONEWEB-0348             
1 49213U 21083AD  26254.55200519 -.00000046  00000+0 -14450-3 0  9997
2 49213  87.9134 257.2147 0001836 103.9892 256.1445 13.20771654248211
ONEWEB-0350             
1 49214U 21083AE  26254.89643869  .00000376  00000+0  99433-3 0  9992
2 49214  87.8928 302.9787 0002875  85.5347 274.6111 13.13469420242311
ONEWEB-0351             
1 49215U 21083AF  26254.77237876  .00000018  00000+0  12406-4 0  9996
2 49215  87.9135 257.1695 0001690  72.6831 287.4487 13.20770707248204
ONEWEB-0352             
1 49216U 21083AG  26254.86750371 -.00000159  00000+0 -46898-3 0  9996
2 49216  87.8926 302.9878 0001789  84.0396 276.0937 13.13469343242409
ONEWEB-0354             
1 49217U 21083AH  26254.95098600  .00000091  00000+0  19205-3 0  9992
2 49217  87.9134 257.1319 0001678 101.1021 259.0301 13.20770916248261
ONEWEB-0355             
1 49218U 21083AJ  26254.66859664  .00000325  00000+0  85487-3 0  9991
2 49218  87.8930 303.0277 0001737  93.9401 266.1927 13.13469058242255
ONEWEB-0357             
1 49219U 21083AK  26254.94759681  .00000088  00000+0  18411-3 0  9990
2 49219  87.9137 257.1261 0001752  85.5472 274.5861 13.20774586248260
ONEWEB-0332             
1 49279U 21090A   26254.53690008 -.00000157  00000+0 -45686-3 0  9999
2 49279  87.8898 272.4894 0002003  87.1463 272.9896 13.14503252238924
ONEWEB-0347             
1 49280U 21090B   26254.55871180  .00000065  00000+0  12675-3 0  9993
2 49280  87.9136 257.2119 0002189  84.9536 275.1847 13.20770497242441
ONEWEB-0349             
1 49281U 21090C   26254.51498543  .00000089  00000+0  18635-3 0  9996
2 49281  87.9134 257.2211 0001978  90.2240 269.9120 13.20773337241226
ONEWEB-0353             
1 49282U 21090D   26254.75764564 -.00000028  00000+0 -11136-3 0  9996
2 49282  87.8900 272.4422 0002120  86.1408 273.9964 13.14503825238953
ONEWEB-0356             
1 49283U 21090E   26254.74055194  .00000024  00000+0  27511-4 0  9997
2 49283  87.9137 257.1699 0002706  99.8884 260.2555 13.20771885241254
ONEWEB-0358             
1 49284U 21090F   26254.77672548 -.00000016  00000+0 -72222-4 0  9991
2 49284  87.9137 257.1705 0002025  94.1672 265.9693 13.20770162241982
ONEWEB-0359             
1 49285U 21090G   26254.76746741 -.00000003  00000+0 -39531-4 0  9990
2 49285  87.9136 257.1640 0001952  96.0434 264.0922 13.20769952241963
ONEWEB-0360             
1 49286U 21090H   26254.75739045 -.00000054  00000+0 -16403-3 0  9997
2 49286  87.9135 257.1723 0001880  89.0571 271.0778 13.20771397241276
ONEWEB-0361             
1 49287U 21090J   26254.51159156  .00000052  00000+0  95503-4 0  9996
2 49287  87.9138 257.2201 0001990  93.4570 266.6791 13.20772578241695
ONEWEB-0362             
1 49288U 21090K   26254.53256237  .00000027  00000+0  34817-4 0  9990
2 49288  87.9113 287.7765 0001665  88.3426 271.7898 13.19726689238303
ONEWEB-0363             
1 49289U 21090L   26254.52675321  .00000010  00000+0 -76253-5 0  9993
2 49289  87.9135 257.2172 0002229  95.2510 264.8878 13.20770921241709
ONEWEB-0364             
1 49290U 21090M   26254.71695653  .00000082  00000+0  16979-3 0  9991
2 49290  87.9135 257.1860 0001975  86.8622 273.2738 13.20773957242860
ONEWEB-0365             
1 49291U 21090N   26254.84529944 -.00000008  00000+0 -51614-4 0  9991
2 49291  87.9116 287.7078 0001886  93.6074 266.5275 13.19726726237852
ONEWEB-0366             
1 49292U 21090P   26254.75426273 -.00000029  00000+0 -11271-3 0  9990
2 49292  87.8898 272.4445 0001907  92.5631 267.5717 13.14503344238935
ONEWEB-0367             
1 49293U 21090Q   26254.52589866  .00000026  00000+0  32567-4 0  9991
2 49293  87.9134 257.2196 0001981  84.8747 275.2612 13.20772515241229
ONEWEB-0368             
1 49294U 21090R   26254.72709229  .00000102  00000+0  21960-3 0  9990
2 49294  87.9135 257.1831 0002712  86.2341 273.9103 13.20772053242403
ONEWEB-0369             
1 49295U 21090S   26254.84057725 -.00000059  00000+0 -18029-3 0  9996
2 49295  87.9116 287.7115 0002387  96.8765 263.2640 13.19725677237840
ONEWEB-0370             
1 49296U 21090T   26254.76244287 -.00000045  00000+0 -14298-3 0  9998
2 49296  87.9133 257.1706 0001729  89.1830 270.9501 13.20771561241294
ONEWEB-0371             
1 49297U 21090U   26254.84847253  .00000014  00000+0  23907-5 0  9993
2 49297  87.9117 287.7065 0002185  95.5267 264.6115 13.19726224237881
ONEWEB-0372             
1 49298U 21090V   26254.75218049 -.00000016  00000+0 -71378-4 0  9997
2 49298  87.9135 257.1750 0002037  89.2178 270.9188 13.20770172241261
ONEWEB-0373             
1 49299U 21090W   26254.55030649  .00000048  00000+0  85072-4 0  9993
2 49299  87.9134 257.2145 0001957  91.6500 268.4858 13.20773198242422
ONEWEB-0374             
1 49300U 21090X   26254.81683626  .00000160  00000+0  39569-3 0  9998
2 49300  87.8905 272.4258 0002263 106.0205 254.1174 13.14501918238945
ONEWEB-0375             
1 49301U 21090Y   26254.46276496  .00000011  00000+0 -47301-5 0  9994
2 49301  87.9131 257.2245 0002257 103.3760 256.7626 13.20773244241915
ONEWEB-0376             
1 49302U 21090Z   26254.61942350 -.00000107  00000+0 -30016-3 0  9991
2 49302  87.9117 287.7517 0002008  88.1536 271.9827 13.19726067237854
ONEWEB-0377             
1 49303U 21090AA  26254.75248095  .00000039  00000+0  64011-4 0  9997
2 49303  87.9135 257.1686 0002150  96.6664 263.4714 13.20772809241940
ONEWEB-0378             
1 49304U 21090AB  26254.54540870 -.00000001  00000+0 -34926-4 0  9994
2 49304  87.9135 257.2129 0002101  91.3461 268.7913 13.20772235241185
ONEWEB-0379             
1 49305U 21090AC  26254.81175695  .00000283  00000+0  72916-3 0  9994
2 49305  87.8897 272.4345 0002060  92.9894 267.1471 13.14499948238942
ONEWEB-0380             
1 49306U 21090AD  26254.61627886  .00000073  00000+0  15095-3 0  9999
2 49306  87.9112 287.7534 0001874  99.2150 260.9195 13.19725732237828
ONEWEB-0381             
1 49307U 21090AE  26254.52169895  .00000015  00000+0  46039-5 0  9991
2 49307  87.9136 257.2198 0002087  96.6305 263.5066 13.20771786241220
ONEWEB-0382             
1 49308U 21090AF  26254.96277184  .00000087  00000+0  18242-3 0  9993
2 49308  87.9136 257.1260 0002235  95.4500 264.6889 13.20772969241273
ONEWEB-0383             
1 49309U 21090AG  26254.80497717  .00000267  00000+0  68477-3 0  9998
2 49309  87.8899 272.4292 0002087  93.8572 266.2796 13.14502119238979
ONEWEB-0384             
1 49310U 21090AH  26254.72126138  .00000000  00000+0 -31583-4 0  9992
2 49310  87.9132 257.2168 0002477  95.7723 264.3692 13.20818162241251
ONEWEB-0385             
1 49311U 21090AJ  26254.57722987  .00000123  00000+0  27052-3 0  9990
2 49311  87.9137 257.2066 0002118  92.2249 267.9127 13.20770545241200
ONEWEB-0386             
1 49312U 21090AK  26254.51830966  .00001755  00000+0  42825-2 0  9998
2 49312  87.9152 257.2122 0001876 110.8945 249.2389 13.20788841241213
ONEWEB-0387             
1 49313U 21090AL  26254.95771835  .00000076  00000+0  15458-3 0  9994
2 49313  87.9136 257.1400 0001975  98.9837 261.1520 13.20772253241276
ONEWEB-0388             
1 49314U 21090AM  26254.83897361 -.00000024  00000+0 -93274-4 0  9993
2 49314  87.9113 287.7067 0002036  96.1673 263.9691 13.19726365237845
ONEWEB-0389             
1 50469U 21132A   26254.69003408  .00000177  00000+0  42373-3 0  9998
2 50469  87.9206 348.6880 0002124 103.9084 256.2284 13.17649484229479
ONEWEB-0390             
1 50470U 21132B   26254.76763735 -.00000056  00000+0 -17624-3 0  9993
2 50470  87.9199 348.6739 0001651 103.4503 256.6813 13.17649855229485
ONEWEB-0391             
1 50471U 21132C   26254.76933632  .00000097  00000+0  21619-3 0  9991
2 50471  87.9200 348.6831 0001856 126.3670 233.7633 13.17649553229489
ONEWEB-0392             
1 50472U 21132D   26254.79969845 -.00000023  00000+0 -91568-4 0  9992
2 50472  87.9213 348.6520 0001958 112.7732 247.3607 13.17650190229526
ONEWEB-0393             
1 50473U 21132E   26254.77521100  .00002956  00000+0  75759-2 0  9996
2 50473  87.9248 348.6610 0002396  97.3228 262.8176 13.17673923229511
ONEWEB-0394             
1 50474U 21132F   26254.67321928  .00000065  00000+0  13163-3 0  9993
2 50474  87.9179 318.2623 0002107  99.0561 261.0809 13.18685881232998
ONEWEB-0395             
1 50475U 21132G   26254.76402921  .00000493  00000+0  13554-2 0  9995
2 50475  87.8962   3.8506 0001601 101.2789 258.8519 13.11415849227063
ONEWEB-0396             
1 50476U 21132H   26254.74235123  .00000093  00000+0  20435-3 0  9995
2 50476  87.9176 318.2602 0002050 103.1372 256.9990 13.18687372233046
ONEWEB-0397             
1 50477U 21132J   26254.68165167  .00000069  00000+0  14192-3 0  9995
2 50477  87.9180 318.2724 0002184  99.8057 260.3322 13.18685549233015
ONEWEB-0398             
1 50478U 21132K   26254.57907039 -.00000103  00000+0 -32686-3 0  9995
2 50478  87.8970   3.8845 0001499 100.7087 259.4210 13.11418532226933
ONEWEB-0399             
1 50479U 21132L   26254.79439557 -.00000558  00000+0 -16094-2 0  9993
2 50479  87.8964   3.8488 0002100 112.8008 247.3342 13.11417287226957
ONEWEB-0400             
1 50480U 21132M   26254.88735792  .00000021  00000+0  20790-4 0  9998
2 50480  87.9181 318.2230 0001812  98.1476 261.9861 13.18686009233035
ONEWEB-0401             
1 50481U 21132N   26254.70524217 -.00000029  00000+0 -10573-3 0  9995
2 50481  87.9179 318.2575 0002127  96.5083 263.6291 13.18684265233017
ONEWEB-0402             
1 50482U 21132P   26254.89578110  .00000146  00000+0  33776-3 0  9995
2 50482  87.9180 318.2070 0002424  94.4890 265.6519 13.18687717233068
ONEWEB-0403             
1 50483U 21132Q   26254.92108168  .00000027  00000+0  35591-4 0  9998
2 50483  87.9177 318.2256 0001981 102.5269 257.6085 13.18686247233021
ONEWEB-0404             
1 50484U 21132R   26254.77574816  .00000029  00000+0  44853-4 0  9992
2 50484  87.8966   3.8513 0001797 112.0462 248.0857 13.11414757227040
ONEWEB-0405             
1 50485U 21132S   26254.93456951 -.00000027  00000+0 -10092-3 0  9997
2 50485  87.9182 318.2110 0001499  94.3896 265.7407 13.18685780233429
ONEWEB-0406             
1 50486U 21132T   26254.69851137  .00000030  00000+0  44607-4 0  9998
2 50486  87.9179 318.2687 0002057 115.0869 245.0477 13.18686926233024
ONEWEB-0407             
1 50487U 21132U   26254.91938607  .00000022  00000+0  21792-4 0  9993
2 50487  87.9182 318.2208 0001966  92.2970 267.8388 13.18686521232994
ONEWEB-0409             
1 50488U 21132V   26254.77405279  .00000074  00000+0  17347-3 0  9999
2 50488  87.8967   3.8432 0001671 109.6269 250.5040 13.11414155226934
ONEWEB-0412             
1 50489U 21132W   26254.67996351  .00000059  00000+0  11768-3 0  9999
2 50489  87.9175 318.2725 0002264  95.5135 264.6256 13.18685513233050
ONEWEB-0413             
1 50490U 21132X   26254.68499683  .00000024  00000+0  26982-4 0  9995
2 50490  87.9183 318.2697 0002169  90.6811 269.4570 13.18687371232998
ONEWEB-0414             
1 50491U 21132Y   26254.66984384  .00000029  00000+0  41629-4 0  9991
2 50491  87.9180 318.2586 0002161  99.5032 260.6344 13.18686023233028
ONEWEB-0417             
1 50492U 21132Z   26254.90589265 -.00000015  00000+0 -71783-4 0  9999
2 50492  87.9177 318.2262 0001926 105.7444 254.3901 13.18686559233035
ONEWEB-0418             
1 50493U 21132AA  26254.68825094  .00000036  00000+0  58839-4 0  9996
2 50493  87.9169 318.2725 0001960 110.2753 249.8590 13.18686897233064
ONEWEB-0419             
1 50494U 21132AB  26254.71461439  .00000020  00000+0  17542-4 0  9999
2 50494  87.9181 318.2728 0001729 103.4892 256.6432 13.17085174232984
ONEWEB-0420             
1 50495U 21132AC  26254.74740761  .00000071  00000+0  14734-3 0  9996
2 50495  87.9173 318.2581 0001993  92.5681 267.5679 13.18686119232981
ONEWEB-0421             
1 50496U 21132AD  26254.89242013  .00000063  00000+0  12624-3 0  9997
2 50496  87.9175 318.2289 0002348 100.4243 259.7154 13.18686496233044
ONEWEB-0424             
1 50497U 21132AE  26254.70187955 -.00000050  00000+0 -15973-3 0  9999
2 50497  87.9175 318.2682 0001591 100.5619 259.5692 13.18685542233045
ONEWEB-0426             
1 50498U 21132AF  26254.88291721 -.00045599  00000+0 -11448+0 0  9992
2 50498  87.9251 318.2199 0002720 105.6388 254.5045 13.19739263233013
ONEWEB-0427             
1 50499U 21132AG  26254.54844242 -.00000164  00000+0 -44776-3 0  9991
2 50499  87.9181 318.2809 0001936 106.4149 253.7197 13.18685824232993
ONEWEB-0429             
1 50500U 21132AH  26254.68668840  .00000059  00000+0  11622-3 0  9992
2 50500  87.9174 318.2712 0001954  93.8797 266.2559 13.18687323232985
ONEWEB-0430             
1 50501U 21132AJ  26254.67489262  .00000004  00000+0 -22696-4 0  9996
2 50501  87.9174 318.2723 0001891  90.6942 269.4407 13.18686624233021
ONEWEB-0432             
1 50502U 21132AK  26254.73377688  .00000039  00000+0  65693-4 0  9993
2 50502  87.9185 318.2506 0001494  95.1498 264.9805 13.18686139232985
ONEWEB-0440             
1 50503U 21132AL  26254.61923972  .00000012  00000+0 -25080-5 0  9993
2 50503  87.9178 318.2843 0002244  94.4663 265.6726 13.18687206232966
ONEWEB-0450             
1 50504U 21132AM  26254.68853109 -.00000004  00000+0 -41839-4 0  9996
2 50504  87.9176 318.2684 0001959  92.8362 267.2994 13.18685774233007
ONEWEB-0410             
1 51622U 22012A   26254.78450889 -.00000013  00000+0 -67672-4 0  9998
2 51622  87.9205 348.6643 0002489 132.2387 227.8956 13.17650331225101
ONEWEB-0411             
1 51623U 22012B   26254.75542981 -.00000616  00000+0 -18019-2 0  9999
2 51623  87.8894  19.0342 0001413  85.2017 274.9272 13.10370681220629
ONEWEB-0415             
1 51624U 22012C   26254.75204220 -.00000499  00000+0 -14664-2 0  9992
2 51624  87.8896  19.0308 0001352 103.5616 256.5662 13.10369713220628
ONEWEB-0416             
1 51625U 22012D   26254.76393411 -.00000667  00000+0 -19480-2 0  9993
2 51625  87.8892  19.0408 0001350 102.1999 257.9279 13.10373133220667
ONEWEB-0422             
1 51626U 22012E   26254.79463015  .00000009  00000+0 -10461-4 0  9996
2 51626  87.9204 348.6602 0002156  84.9997 275.1381 13.17647709225215
ONEWEB-0423             
1 51627U 22012F   26254.78788410  .00000009  00000+0 -10880-4 0  9990
2 51627  87.9204 348.6650 0001903 103.5667 256.5676 13.17647859225104
ONEWEB-0425             
1 51628U 22012G   26254.77410504 -.00000369  00000+0 -10937-2 0  9997
2 51628  87.8907  19.0268 0001789 114.3704 245.7610 13.10376477220664
ONEWEB-0428             
1 51629U 22012H   26254.60104156 -.00000580  00000+0 -16985-2 0  9997
2 51629  87.8888  19.0638 0001720  99.5079 260.6243 13.10370782220603
ONEWEB-0431             
1 51630U 22012J   26254.64672170  .00000618  00000+0  17348-2 0  9993
2 51630  87.8896  19.0507 0001388  81.0771 279.0514 13.10373066220663
ONEWEB-0434             
1 51631U 22012K   26254.39586381 -.00000001  00000+0 -40224-4 0  9993
2 51631  87.8898  19.1270 0001964 119.3614 240.7710 13.10375504220612
ONEWEB-0435             
1 51632U 22012L   26254.40251915  .00000381  00000+0  10553-2 0  9997
2 51632  87.8892  19.1070 0001820  88.2405 271.8931 13.10376512220607
ONEWEB-0436             
1 51633U 22012M   26254.77945771 -.00000026  00000+0 -10098-3 0  9991
2 51633  87.9213 348.6546 0002041  96.2740 263.8624 13.17649589225082
ONEWEB-0438             
1 51634U 22012N   26254.38721248  .00000445  00000+0  12382-2 0  9990
2 51634  87.8921  19.1101 0001587  84.4827 275.6482 13.10386825220637
ONEWEB-0439             
1 51635U 22012P   26254.77241197 -.00000427  00000+0 -12596-2 0  9993
2 51635  87.8900  19.0269 0001819 102.8873 257.2457 13.10375230220662
ONEWEB-0442             
1 51636U 22012Q   26254.77185927 -.00000006  00000+0 -49174-4 0  9999
2 51636  87.9204 348.6815 0002039 117.9857 242.1481 13.17650475225077
ONEWEB-0443             
1 51637U 22012R   26254.79126136  .00000125  00000+0  28761-3 0  9997
2 51637  87.9200 348.6783 0002198 100.9718 259.1661 13.17650040225124
ONEWEB-0444             
1 51638U 22012S   26254.76222142 -.00000674  00000+0 -19683-2 0  9992
2 51638  87.8897  19.0282 0001886  98.8050 261.3291 13.10372415220675
ONEWEB-0445             
1 51639U 22012T   26254.78259712  .00000162  00000+0  42693-3 0  9996
2 51639  87.8903  19.0162 0001601 100.8521 259.2786 13.10376749220683
ONEWEB-0446             
1 51640U 22012U   26254.76052406 -.00000666  00000+0 -19438-2 0  9998
2 51640  87.8890  19.0426 0001413 105.4496 254.6787 13.10372027220669
ONEWEB-0448             
1 51641U 22012V   26254.76562854 -.00000638  00000+0 -18632-2 0  9996
2 51641  87.8891  19.0368 0001724 100.8742 259.2580 13.10373398220635
ONEWEB-0449             
1 51642U 22012W   26254.77069611 -.00000474  00000+0 -13935-2 0  9990
2 51642  87.8902  19.0270 0001752 116.8347 243.2960 13.10373725220640
ONEWEB-0451             
1 51643U 22012X   26254.77607257 -.00000003  00000+0 -39631-4 0  9996
2 51643  87.9213 348.6539 0001984 105.8568 254.2782 13.17648705225061
ONEWEB-0452             
1 51644U 22012Y   26254.77439125  .00000016  00000+0  89655-5 0  9998
2 51644  87.9197 348.6815 0002182 107.2207 252.9164 13.17647840225076
ONEWEB-0456             
1 51646U 22012AA  26254.77920716 -.00000056  00000+0 -19606-3 0  9994
2 51646  87.8903  19.0181 0001790  95.3395 264.7936 13.10376436220689
ONEWEB-0457             
1 51647U 22012AB  26254.75699646 -.00000660  00000+0 -19283-2 0  9999
2 51647  87.8895  19.0330 0001424 109.8342 250.2940 13.10372284220685
ONEWEB-0458             
1 51648U 22012AC  26255.00002315 -.00042320  00000+0 -11911+0 0  9996
2 51648  87.8909  18.9709 0001971 102.2845 255.1009 13.11920356  5245
ONEWEB-0461             
1 51649U 22012AD  26254.79632862  .00000047  00000+0  87200-4 0  9995
2 51649  87.9204 348.6606 0001740 103.3005 256.8321 13.17650676225293
ONEWEB-0463             
1 51650U 22012AE  26254.77776452  .00000008  00000+0 -11928-4 0  9991
2 51650  87.9201 348.6807 0001730 103.4519 256.6806 13.17649612225075
ONEWEB-0464             
1 51651U 22012AF  26254.77580790 -.00000261  00000+0 -78428-3 0  9999
2 51651  87.8892  19.0362 0002016  95.9590 264.1767 13.10376622220669
ONEWEB-0468             
1 51652U 22012AG  26254.78090832  .00000023  00000+0  29285-4 0  9996
2 51652  87.8895  19.0284 0001924  95.2768 264.8579 13.10376154220649
ONEWEB-0473             
1 51653U 22012AH  26254.76731174 -.00000613  00000+0 -17930-2 0  9995
2 51653  87.8891  19.0322 0001727  97.3616 262.7708 13.10373776220643
ONEWEB-0474             
1 51654U 22012AJ  26254.75885119 -.00000045  00000+0 -16595-3 0  9990
2 51654  87.8900  19.0274 0001964  96.4484 263.6867 13.10360349220634
ONEWEB-0475             
1 51655U 22012AK  26254.78958352 -.00000003  00000+0 -40081-4 0  9996
2 51655  87.9203 348.6736 0002425  93.3520 266.7889 13.17648159225094
ONEWEB-0490             
1 54113U 22138A   26254.56571476  .00000071  00000+0  14594-3 0  9993
2 54113  87.9126 287.7628 0002847  72.2429 287.9015 13.19727533188220
ONEWEB-0492             
1 54114U 22138B   26254.59100457  .00000077  00000+0  16048-3 0  9996
2 54114  87.9125 287.7574 0001827  87.3321 272.8021 13.19725855188231
ONEWEB-0495             
1 54115U 22138C   26254.64471239  .00000028  00000+0  36946-4 0  9998
2 54115  87.9113 287.7466 0002263  77.2808 282.8578 13.19725649188220
ONEWEB-0497             
1 54116U 22138D   26254.80897714  .00000081  00000+0  17016-3 0  9992
2 54116  87.9124 287.7117 0001995  90.6288 269.5073 13.19726821188234
ONEWEB-0499             
1 54117U 22138E   26254.79237215 -.00000021  00000+0 -84771-4 0  9994
2 54117  87.9116 287.7188 0002100  88.2627 271.8746 13.19727299188247
ONEWEB-0500             
1 54118U 22138F   26254.49145997  .00001664  00000+0  41209-2 0  9996
2 54118  87.9123 287.7773 0001747  94.0972 266.0360 13.19745576188213
ONEWEB-0501             
1 54119U 22138G   26254.59733061  .00000054  00000+0  10155-3 0  9992
2 54119  87.9118 287.7570 0002152  83.4501 276.6877 13.19725606188205
ONEWEB-0502             
1 54120U 22138H   26254.81054925  .00000072  00000+0  14667-3 0  9996
2 54120  87.9121 287.7050 0002207  88.6936 271.4450 13.19726554188252
ONEWEB-0503             
1 54121U 22138J   26254.79949042  .00000116  00000+0  25646-3 0  9995
2 54121  87.9123 287.7136 0002176  97.7782 262.3598 13.19727508188246
ONEWEB-0504             
1 54122U 22138K   26254.78687087  .00000020  00000+0  16779-4 0  9995
2 54122  87.9117 287.7193 0002159  89.1500 270.9881 13.19725421188250
ONEWEB-0505             
1 54123U 22138L   26254.85953018 -.00000007  00000+0 -50548-4 0  9993
2 54123  87.9115 287.7044 0002229  82.8762 277.2624 13.19725925188245
ONEWEB-0506             
1 54124U 22138M   26254.60680900  .00000030  00000+0  42570-4 0  9994
2 54124  87.9120 287.7544 0002121  85.7125 274.4251 13.19725217188208
ONEWEB-0507             
1 54125U 22138N   26254.85477966  .00000027  00000+0  34232-4 0  9990
2 54125  87.9111 287.7098 0002013  87.0730 273.0633 13.19725996188281
ONEWEB-0508             
1 54126U 22138P   26254.62415017 -.00000043  00000+0 -13957-3 0  9995
2 54126  87.9114 287.7555 0002048  84.1810 275.9557 13.19727164188238
ONEWEB-0509             
1 54127U 22138Q   26254.59888873  .00000037  00000+0  60580-4 0  9992
2 54127  87.9121 287.7575 0001913  89.5340 270.6012 13.19723717188201
ONEWEB-0510             
1 54128U 22138R   26254.72200902  .00000129  00000+0  28587-3 0  9991
2 54128  87.9135 257.1743 0001880 101.5977 258.5368 13.20773557190705
ONEWEB-0511             
1 54129U 22138S   26254.59572256  .00000074  00000+0  15147-3 0  9998
2 54129  87.9124 287.7561 0002214  95.5668 264.5717 13.19726850188234
ONEWEB-0512             
1 54130U 22138T   26254.58782679  .00000040  00000+0  66833-4 0  9993
2 54130  87.9117 287.7602 0002181  86.8346 273.3036 13.19727518188204
ONEWEB-0513             
1 54131U 22138U   26254.86112832 -.00000015  00000+0 -70150-4 0  9994
2 54131  87.9114 287.6374 0002809  84.4564 275.6889 13.20260365188159
ONEWEB-0514             
1 54132U 22138V   26254.60362911  .00000025  00000+0  31134-4 0  9990
2 54132  87.9124 287.7549 0001902  96.1829 263.9521 13.19726471188227
ONEWEB-0515             
1 54133U 22138W   26254.55705443  .00000018  00000+0  11833-4 0  9992
2 54133  87.9141 257.2054 0001132  96.6601 263.4661 13.20771480190706
ONEWEB-0516             
1 54134U 22138X   26254.57836489  .00000080  00000+0  16699-3 0  9993
2 54134  87.9116 287.7625 0001873  89.0877 271.0470 13.19725672188221
ONEWEB-0517             
1 54135U 22138Y   26254.78529375 -.00000010  00000+0 -57711-4 0  9996
2 54135  87.9120 287.7184 0002187  98.7097 261.4284 13.19725064188251
ONEWEB-0518             
1 54136U 22138Z   26254.80421753 -.00000038  00000+0 -12792-3 0  9990
2 54136  87.9115 287.7186 0001803  88.7385 271.3954 13.19725909188253
ONEWEB-0519             
1 54137U 22138AA  26254.60205969  .00000044  00000+0  76435-4 0  9998
2 54137  87.9117 287.7553 0002078  97.9313 262.2056 13.19726472188238
ONEWEB-0520             
1 54138U 22138AB  26254.78845007  .00000036  00000+0  57555-4 0  9994
2 54138  87.9118 287.7197 0002042  85.7472 274.3894 13.19725745188243
ONEWEB-0521             
1 54139U 22138AC  26254.59417048  .00000063  00000+0  12458-3 0  9996
2 54139  87.9125 287.7497 0002062  99.1484 260.9882 13.19725361188162
ONEWEB-0522             
1 54140U 22138AD  26254.80108364  .00000032  00000+0  47940-4 0  9991
2 54140  87.9123 287.7104 0002091  90.4730 269.6642 13.19726179188233
ONEWEB-0523             
1 54141U 22138AE  26254.77085116 -.00000094  00000+0 -26211-3 0  9994
2 54141  87.9136 257.1705 0001683 112.5290 247.6022 13.20772518190735
ONEWEB-0524             
1 54142U 22138AF  26254.53347536  .00000031  00000+0  44390-4 0  9994
2 54142  87.9134 257.2140 0001098  83.7731 276.3528 13.20772795190701
ONEWEB-0525             
1 54143U 22138AG  26254.82001369 -.00000197  00000+0 -52352-3 0  9999
2 54143  87.9121 287.7123 0001991  82.3922 277.7437 13.19725203188257
ONEWEB-0526             
1 54144U 22138AH  26254.54991698  .00000028  00000+0  38229-4 0  9991
2 54144  87.9120 287.7660 0001871  90.2412 269.8935 13.19724252188193
ONEWEB-0529             
1 54145U 22138AJ  26254.85636560 -.00000007  00000+0 -50678-4 0  9991
2 54145  87.9116 287.7082 0002009  88.1435 271.9928 13.19725130188251
ONEWEB-0531             
1 54146U 22138AK  26254.74728965  .00000006  00000+0 -17273-4 0  9993
2 54146  87.9136 257.1690 0001689 105.4760 254.6560 13.20772325190733
ONEWEB-0535             
1 54147U 22138AL  26254.66208881  .00000051  00000+0  95125-4 0  9996
2 54147  87.9125 287.7387 0001883 103.1249 257.0094 13.19725604188245
ONEWEB-0536             
1 54148U 22138AM  26254.96107730  .00000094  00000+0  19945-3 0  9993
2 54148  87.9137 257.1407 0001192 111.7896 248.3364 13.20772788190758
ONEWEB-0527             
1 54642U 22166A   26254.92473194 -.00000033  00000+0 -11199-3 0  9997
2 54642  87.9259 226.7279 0002100  80.7608 279.3763 13.21825862182994
ONEWEB-0528             
1 54643U 22166B   26254.47138894  .00000022  00000+0  22371-4 0  9994
2 54643  87.9261 226.8215 0002120  76.2362 283.9008 13.21825970182946
ONEWEB-0539             
1 54644U 22166C   26254.43354462  .00000022  00000+0  22926-4 0  9998
2 54644  87.9269 226.8063 0002238  85.6658 274.4731 13.21826657182938
ONEWEB-0540             
1 54645U 22166D   26254.89457200 -.00000029  00000+0 -10118-3 0  9991
2 54645  87.9262 226.7390 0002086  85.2853 274.8519 13.21823675182988
ONEWEB-0542             
1 54646U 22166E   26254.44364011  .00000001  00000+0 -28095-4 0  9993
2 54646  87.9271 226.8042 0002319  87.0826 273.0573 13.21826554182938
ONEWEB-0545             
1 54647U 22166F   26254.93818678 -.00000389  00000+0 -97228-3 0  9994
2 54647  87.9263 226.7110 0002422  96.8413 263.2996 13.21822990182963
ONEWEB-0580             
1 54648U 22166G   26254.45877357  .00000008  00000+0 -12583-4 0  9990
2 54648  87.9262 226.8058 0002173  93.3103 266.8280 13.21824952182949
ONEWEB-0582             
1 54649U 22166H   26254.42512713  .00000050  00000+0  90106-4 0  9993
2 54649  87.9264 226.8075 0002418  92.1734 267.9677 13.21827024182912
ONEWEB-0583             
1 54650U 22166J   26254.89108082  .00000005  00000+0 -20090-4 0  9992
2 54650  87.9262 226.7360 0002149  85.0874 275.0505 13.21824588182984
ONEWEB-0584             
1 54651U 22166K   26254.45707854 -.00000031  00000+0 -10755-3 0  9993
2 54651  87.9258 226.8053 0002088  86.3907 273.7466 13.21824205182913
ONEWEB-0585             
1 54652U 22166L   26254.63202742  .00000040  00000+0  64289-4 0  9990
2 54652  87.9266 226.7631 0001996  78.0314 282.1044 13.21827599182949
ONEWEB-0586             
1 54653U 22166M   26254.41840129  .00000102  00000+0  21499-3 0  9998
2 54653  87.9262 226.8283 0002282  88.3688 271.7707 13.21824766182917
ONEWEB-0587             
1 54654U 22166N   26254.42850360  .00000062  00000+0  11853-3 0  9996
2 54654  87.9273 226.8081 0001880  74.6557 285.4784 13.21826090183079
ONEWEB-0589             
1 54655U 22166P   26254.49073958  .00000113  00000+0  24137-3 0  9990
2 54655  87.9260 226.7975 0002564 101.0365 259.1057 13.21826446182940
ONEWEB-0590             
1 54656U 22166Q   26254.66720942 -.00000001  00000+0 -35025-4 0  9999
2 54656  87.9270 226.7607 0001691  91.4632 268.6696 13.21823878182954
ONEWEB-0591             
1 54657U 22166R   26254.45204719 -.00000045  00000+0 -14059-3 0  9997
2 54657  87.9259 226.8104 0002048  86.0069 274.1300 13.21827122182956
ONEWEB-0592             
1 54658U 22166S   26254.45539078  .00000022  00000+0  21629-4 0  9992
2 54658  87.9268 226.7961 0002096  82.9706 277.1666 13.21828433182834
ONEWEB-0593             
1 54659U 22166T   26254.62867442 -.00000059  00000+0 -17501-3 0  9996
2 54659  87.9265 226.7685 0002249  83.0610 277.0779 13.21825321182962
ONEWEB-0594             
1 54660U 22166U   26254.64884364  .00000074  00000+0  14858-3 0  9999
2 54660  87.9259 226.7780 0002066  78.0635 282.0731 13.21827505182983
ONEWEB-0595             
1 54661U 22166V   26254.92809412 -.00000003  00000+0 -39042-4 0  9999
2 54661  87.9268 226.7101 0001901  79.1177 281.0171 13.21826423182997
ONEWEB-0596             
1 54662U 22166W   26254.90284785 -.00000034  00000+0 -11475-3 0  9991
2 54662  87.9264 226.7212 0001999  82.1517 277.9844 13.21827364182992
ONEWEB-0597             
1 54663U 22166X   26254.65727420  .00000123  00000+0  26734-3 0  9993
2 54663  87.9260 226.7719 0002140  85.1026 275.0352 13.21826516182966
ONEWEB-0600             
1 54664U 22166Y   26254.63876678 -.00000016  00000+0 -71101-4 0  9994
2 54664  87.9262 226.7676 0002275  80.8050 279.3342 13.21826001182931
ONEWEB-0601             
1 54665U 22166Z   26254.47896470  .00000069  00000+0  13559-3 0  9997
2 54665  87.9259 226.8141 0002271  88.3741 271.7653 13.21825405183100
ONEWEB-0602             
1 54666U 22166AA  26254.44446377 -.00000028  00000+0 -98306-4 0  9993
2 54666  87.9258 226.8264 0002322  80.8327 279.3069 13.21827469182948
ONEWEB-0603             
1 54667U 22166AB  26254.90453024 -.00000037  00000+0 -12140-3 0  9993
2 54667  87.9271 226.7008 0002175  83.3080 276.8301 13.21823803182937
ONEWEB-0604             
1 54668U 22166AC  26254.89276915  .00000003  00000+0 -25335-4 0  9997
2 54668  87.9260 226.7181 0002086  80.1624 279.9746 13.21826806182896
ONEWEB-0605             
1 54669U 22166AD  26254.43184317  .00000046  00000+0  80384-4 0  9993
2 54669  87.9264 226.8171 0002067 100.3265 259.8102 13.21824328182908
ONEWEB-0606             
1 54670U 22166AE  26254.45371622  .00000053  00000+0  95616-4 0  9996
2 54670  87.9261 226.8247 0002065  78.4200 281.7165 13.21824959182962
ONEWEB-0607             
1 54671U 22166AF  26254.64716239  .00000031  00000+0  42937-4 0  9999
2 54671  87.9268 226.7630 0002127  84.7346 275.4030 13.21825832182967
ONEWEB-0608             
1 54672U 22166AG  26254.65390099  .00000025  00000+0  29801-4 0  9991
2 54672  87.9272 226.7612 0002294  95.4585 264.6811 13.21826717182973
ONEWEB-0610             
1 54673U 22166AH  26254.40663193  .00000071  00000+0  14071-3 0  9996
2 54673  87.9261 226.8159 0002575  92.3312 267.8117 13.21826183182842
ONEWEB-0611             
1 54674U 22166AJ  26254.47558777 -.00000014  00000+0 -65592-4 0  9999
2 54674  87.9265 226.7988 0002003  80.5449 279.5912 13.21827246182846
ONEWEB-0612             
1 54675U 22166AK  26254.64044638  .00000096  00000+0  20068-3 0  9991
2 54675  87.9268 226.7684 0002177  85.9348 274.2035 13.21826367182854
ONEWEB-0615             
1 54676U 22166AL  26254.62024059  .00000064  00000+0  12412-3 0  9994
2 54676  87.9262 226.7805 0002070  74.9375 285.1988 13.21824189182863
ONEWEB-0655             
1 54677U 22166AM  26254.44532480 -.00000042  00000+0 -13223-3 0  9996
2 54677  87.9261 226.8155 0002303  82.4601 277.6795 13.21826197182837
ONEWEB-0659             
1 54678U 22166AN  26254.46213445 -.00000043  00000+0 -13673-3 0  9996
2 54678  87.9261 226.8112 0002053  82.8677 277.2690 13.21827752182928
ONEWEB-0685             
1 54679U 22166AP  26254.63571372  .00000063  00000+0  11945-3 0  9992
2 54679  87.9257 226.7415 0002016 100.3520 259.7842 13.23187482182847
ONEWEB-0712             
1 54680U 22166AQ  26254.39256604  .00000034  00000+0  54694-4 0  9992
2 54680  87.9137 211.6570 0002519  75.4551 284.6860 13.16593015183400
ONEWEB-0714             
1 54681U 22166AR  26254.61858200 -.00000008  00000+0 -49878-4 0  9999
2 54681  87.9267 226.7714 0002301  76.8638 283.2753 13.21826236182957
ONEWEB-0532             
1 55140U 23004A   26254.75160783  .00000014  00000+0  27058-5 0  9991
2 55140  87.9202 348.6709 0001647 108.7841 251.3469 13.17650913178988
ONEWEB-0533             
1 55141U 23004B   26254.75788700  .00000366  00000+0  98125-3 0  9998
2 55141  87.8986 333.4824 0002045 103.8147 256.3210 13.12440909179410
ONEWEB-0541             
1 55142U 23004C   26254.77915219 -.00000157  00000+0 -47873-3 0  9992
2 55142  87.8966   3.8452 0001521 101.0035 259.1264 13.11417204177293
ONEWEB-0543             
1 55143U 23004D   26254.73897789  .00000043  00000+0  76363-4 0  9999
2 55143  87.9170 318.2694 0002054  91.7873 268.3494 13.18687187181108
ONEWEB-0544             
1 55144U 23004E   26254.88397355  .00000031  00000+0  46566-4 0  9999
2 55144  87.9170 318.2401 0001851  91.8706 268.2638 13.18687190181120
ONEWEB-0560             
1 55145U 23004F   26254.64961192  .00000058  00000+0  11376-3 0  9999
2 55145  87.9181 318.2749 0001929  89.3070 270.8284 13.18686363181105
ONEWEB-0565             
1 55146U 23004G   26254.87047024  .00000003  00000+0 -26312-4 0  9992
2 55146  87.9160 318.2529 0001553  97.2639 262.8670 13.18687941181126
ONEWEB-0567             
1 55147U 23004H   26254.71199893  .00000009  00000+0 -10624-4 0  9993
2 55147  87.9169 318.2759 0001615  93.6397 266.4920 13.18686121181106
ONEWEB-0569             
1 55148U 23004J   26254.62204860 -.00000242  00000+0 -69673-3 0  9992
2 55148  87.8938 303.0304 0001722  68.3146 291.8167 13.13469308181520
ONEWEB-0570             
1 55149U 23004K   26254.70356597 -.00000004  00000+0 -43735-4 0  9995
2 55149  87.9172 318.2747 0001825 112.7564 247.3761 13.18686351181095
ONEWEB-0571             
1 55150U 23004L   26254.69682058  .00000084  00000+0  17933-3 0  9995
2 55150  87.9169 318.2756 0000995  62.0688 298.0545 13.18686103181104
ONEWEB-0572             
1 55151U 23004M   26254.78282218  .00000022  00000+0  24690-4 0  9991
2 55151  87.9207 348.6664 0001708 101.1451 258.9872 13.17649881178889
ONEWEB-0573             
1 55152U 23004N   26254.91770761 -.00000064  00000+0 -19502-3 0  9995
2 55152  87.9162 318.2352 0001228  84.0406 276.0866 13.18685829181121
ONEWEB-0588             
1 55153U 23004P   26254.91096180  .00000093  00000+0  20323-3 0  9995
2 55153  87.9169 318.2336 0001649 110.7770 249.3539 13.18685949181122
ONEWEB-0598             
1 55154U 23004Q   26254.75711663  .00001054  00000+0  29384-2 0  9991
2 55154  87.8966   3.8548 0001405  79.9217 280.2070 13.11414514177244
ONEWEB-0599             
1 55155U 23004R   26254.74401463  .00000005  00000+0 -19823-4 0  9990
2 55155  87.9206 348.6730 0001928  93.8324 266.3028 13.17650263178888
ONEWEB-0614             
1 55156U 23004S   26254.75201223  .00000452  00000+0  12397-2 0  9996
2 55156  87.8960   3.8617 0001846 114.3643 245.7678 13.11416824177182
ONEWEB-0616             
1 55157U 23004T   26254.78619648 -.00000052  00000+0 -16671-3 0  9992
2 55157  87.9202 348.6694 0002483  82.9586 277.1828 13.17649879179106
ONEWEB-0617             
1 55158U 23004U   26254.28237030  .00000265  00000+0  71119-3 0  9991
2 55158  87.8966   3.9516 0001707 114.0171 246.1136 13.11418058177149
ONEWEB-0618             
1 55159U 23004V   26254.73730864  .00003020  00000+0  16498-3 0  9996
2 55159  86.9103 142.4900 0011448 345.3612  14.7295 15.13873115195352
ONEWEB-0619             
1 55160U 23004W   26254.74232680 -.00000007  00000+0 -52218-4 0  9997
2 55160  87.9213 348.6660 0002246 105.6210 254.5169 13.17650024178996
ONEWEB-0620             
1 55161U 23004X   26254.73505524 -.00000150  00000+0 -45936-3 0  9994
2 55161  87.8963   3.8645 0001502  99.3022 260.8275 13.11418515177173
ONEWEB-0621             
1 55162U 23004Y   26254.68589284  .00000481  00000+0  13221-2 0  9990
2 55162  87.8970   3.8710 0001883 107.6674 252.4660 13.11415008177149
ONEWEB-0622             
1 55163U 23004Z   26254.76727732  .00000341  00000+0  92774-3 0  9998
2 55163  87.8961   3.8565 0001574 131.3682 228.7582 13.11415378177147
ONEWEB-0623             
1 55164U 23004AA  26254.66132738 -.00000012  00000+0 -62924-4 0  9996
2 55164  87.9202 348.7022 0002103 124.1028 236.0304 13.17648936178979
ONEWEB-0624             
1 55165U 23004AB  26254.92067330  .00000058  00000+0  12518-3 0  9992
2 55165  87.8991 333.3504 0001798 105.1107 255.0221 13.12929367179453
ONEWEB-0625             
1 55166U 23004AC  26254.72712829  .00000020  00000+0  17246-4 0  9994
2 55166  87.9207 348.6873 0001983  97.9595 262.1762 13.17650512178971
ONEWEB-0626             
1 55167U 23004AD  26254.79295620  .00000010  00000+0 -85072-5 0  9990
2 55167  87.9205 348.6732 0001620  92.2266 267.9052 13.17648203178985
ONEWEB-0627             
1 55168U 23004AE  26254.78115075  .00000008  00000+0 -13599-4 0  9996
2 55168  87.9207 348.6764 0002033 114.0900 246.0444 13.17648713178989
ONEWEB-0628             
1 55169U 23004AF  26254.78173391 -.00000351  00000+0 -10116-2 0  9994
2 55169  87.8993 333.4627 0002291 114.6432 245.4935 13.12440687179392
ONEWEB-0629             
1 55170U 23004AG  26254.91668981 -.00043350  00000+0 -10957+0 0  9991
2 55170  87.9212 348.6471 0002168 102.8654 310.4286 13.19267622  5159
ONEWEB-0631             
1 55171U 23004AH  26254.67656007  .00000009  00000+0 -91728-5 0  9995
2 55171  87.9181 318.2548 0001441 102.8363 257.2930 13.18684103181079
ONEWEB-0709             
1 55172U 23004AJ  26254.80117432 -.00000474  00000+0 -13737-2 0  9993
2 55172  87.8959   3.8541 0001202  74.5655 285.5606 13.11416373177227
ONEWEB-0710             
1 55173U 23004AK  26254.77102355 -.00000026  00000+0 -10124-3 0  9999
2 55173  87.9206 348.6688 0001813 105.8225 254.3106 13.17649069178984
ONEWEB-0711             
1 55174U 23004AL  26254.77235782  .00000149  00000+0  38350-3 0  9996
2 55174  87.8964   3.8501 0001853 124.2528 235.8776 13.11414724177184
ONEWEB-0713             
1 55175U 23004AM  26254.79099700 -.00000502  00000+0 -14531-2 0  9996
2 55175  87.8968   3.8491 0001788 113.4742 246.6574 13.11415606177177
ONEWEB-0715             
1 55176U 23004AN  26254.78591569 -.00000456  00000+0 -13232-2 0  9991
2 55176  87.8964   3.8499 0001120  93.2500 266.8756 13.11414962177214
ONEWEB-0716             
1 55177U 23004AP  26254.76427454 -.00000024  00000+0 -95049-4 0  9990
2 55177  87.9200 348.6737 0002004  96.4487 263.6873 13.17649413178982
ONEWEB-0717             
1 55178U 23004AQ  26254.74738644  .00000020  00000+0  19174-4 0  9994
2 55178  87.9209 348.6716 0001704 118.4984 241.6320 13.17650401179031
ONEWEB-0719             
1 55179U 23004AR  26254.75751016 -.00000028  00000+0 -10472-3 0  9995
2 55179  87.9214 348.6505 0002059 100.1280 260.0084 13.17650603178984
ONEWEB-0530             
1 55796U 23029A   26254.75569418  .00000011  00000+0 -41156-5 0  9996
2 55796  87.9124 257.1924 0002076 102.1880 257.9486 13.20772607172578
ONEWEB-0534             
1 55797U 23029B   26254.51665053  .00000067  00000+0  13206-3 0  9996
2 55797  87.9126 257.2425 0002058  86.2239 273.9129 13.20772211172548
ONEWEB-0556             
1 55798U 23029C   26254.75065969 -.00000026  00000+0 -95202-4 0  9997
2 55798  87.9125 257.1933 0002864  92.0810 268.0652 13.20771574172576
ONEWEB-0562             
1 55799U 23029D   26254.50991903  .00000096  00000+0  20385-3 0  9991
2 55799  87.9134 257.2284 0002560 105.5153 254.6263 13.20771793172549
ONEWEB-0563             
1 55800U 23029E   26254.50484326  .00000088  00000+0  18539-3 0  9999
2 55800  87.9126 257.2544 0002103  83.6719 276.4654 13.20773364172530
ONEWEB-0564             
1 55801U 23029F   26254.95267708  .00000073  00000+0  14659-3 0  9995
2 55801  87.9137 257.1416 0002188  99.0470 261.0911 13.20771587172607
ONEWEB-0638             
1 55802U 23029G   26254.55801990 -.00000043  00000+0 -15104-3 0  9994
2 55802  87.8888 272.5201 0002424  97.6147 262.5259 13.14501445170742
ONEWEB-0639             
1 55803U 23029H   26254.53888645 -.00000031  00000+0 -11105-3 0  9999
2 55803  87.9115 287.7731 0002425  65.0564 295.0820 13.19725608170295
ONEWEB-0640             
1 55804U 23029J   26254.56648489  .00000165  00000+0  40926-3 0  9992
2 55804  87.8889 272.5080 0002570  93.7237 266.4187 13.14501533170762
ONEWEB-0641             
1 55805U 23029K   26254.60996196  .00000013  00000+0 -84367-6 0  9992
2 55805  87.9118 287.7539 0002028  90.7810 269.3556 13.19725548170310
ONEWEB-0642             
1 55806U 23029L   26254.60522345  .00000034  00000+0  53702-4 0  9993
2 55806  87.9113 287.7614 0001863  68.4844 291.6487 13.19725569170308
ONEWEB-0643             
1 55807U 23029M   26254.53772933 -.00000174  00000+0 -50463-3 0  9993
2 55807  87.8891 272.5025 0001710  71.8077 288.3239 13.14501194170732
ONEWEB-0644             
1 55808U 23029N   26254.82793857  .00000024  00000+0  26670-4 0  9990
2 55808  87.9112 287.7171 0001859  83.5063 276.6282 13.19724154170331
ONEWEB-0645             
1 55809U 23029P   26254.85004846  .00000046  00000+0  81491-4 0  9993
2 55809  87.9118 287.7097 0002205  85.4960 274.6424 13.19725258170330
ONEWEB-0646             
1 55810U 23029Q   26254.79159597 -.00000003  00000+0 -38715-4 0  9998
2 55810  87.9114 287.7222 0001849  85.0551 275.0793 13.19726932170315
ONEWEB-0648             
1 55811U 23029R   26254.58170161  .00000213  00000+0  54109-3 0  9991
2 55811  87.8900 272.4761 0002427  70.8504 289.2888 13.14502281170743
ONEWEB-0649             
1 55812U 23029S   26254.81687160  .00000122  00000+0  27361-3 0  9999
2 55812  87.9114 287.7149 0002025  86.1771 273.9593 13.19723579170351
ONEWEB-0650             
1 55813U 23029T   26254.58467484  .00000099  00000+0  21612-3 0  9995
2 55813  87.9112 287.7634 0001937  74.1911 285.9435 13.19726655170292
ONEWEB-0652             
1 55814U 23029U   26254.56310104  .00000052  00000+0  10579-3 0  9999
2 55814  87.8888 272.4868 0002023  92.3228 267.8133 13.14501608170717
ONEWEB-0653             
1 55815U 23029V   26254.54789615 -.00000303  00000+0 -85255-3 0  9999
2 55815  87.8901 272.4871 0002104  91.7767 268.3604 13.14505012170744
ONEWEB-0654             
1 55816U 23029W   26254.77117352 -.00000237  00000+0 -67501-3 0  9998
2 55816  87.8897 272.4389 0002152 100.0962 260.0411 13.14503154170792
ONEWEB-0656             
1 55817U 23029X   26254.94591422  .00000047  00000+0  83163-4 0  9992
2 55817  87.9138 257.1259 0002054 100.8687 259.2678 13.20773885172605
ONEWEB-0657             
1 55818U 23029Y   26254.57995422  .00000031  00000+0  44121-4 0  9994
2 55818  87.9115 287.7634 0001675 116.3075 243.8230 13.19724922170302
ONEWEB-0658             
1 55819U 23029Z   26254.80266640  .00000005  00000+0 -19516-4 0  9996
2 55819  87.9121 287.7024 0001824  80.8273 279.3066 13.19724717170341
ONEWEB-0660             
1 55820U 23029AA  26254.52083336  .00000047  00000+0  90943-4 0  9994
2 55820  87.8907 272.4875 0002117  88.7362 271.4010 13.14504052170740
ONEWEB-0661             
1 55821U 23029AB  26254.55464818 -.00000124  00000+0 -36809-3 0  9994
2 55821  87.8892 272.5122 0002213  91.0590 269.0793 13.14501584170734
ONEWEB-0662             
1 55822U 23029AC  26254.74241502  .00000227  00000+0  57782-3 0  9994
2 55822  87.8891 272.4807 0002220  86.1766 273.9618 13.14501969170806
ONEWEB-0663             
1 55823U 23029AD  26254.74577880 -.00000010  00000+0 -56432-4 0  9990
2 55823  87.9137 257.2348 0002163  78.3404 281.7972 13.20874427172575
ONEWEB-0664             
1 55824U 23029AE  26254.70523296  .00000022  00000+0  22714-4 0  9996
2 55824  87.9124 257.2160 0002326  91.0593 269.0807 13.20774046172567
ONEWEB-0665             
1 55825U 23029AF  26254.55211843 -.00000123  00000+0 -36539-3 0  9995
2 55825  87.8899 272.4957 0002118  86.4216 273.7156 13.14502191170759
ONEWEB-0666             
1 55826U 23029AG  26254.77422197 -.00000004  00000+0 -40645-4 0  9998
2 55826  87.9126 257.1918 0001420 105.2566 254.8724 13.20772442172583
ONEWEB-0667             
1 55827U 23029AH  26254.76917591 -.00000037  00000+0 -12358-3 0  9990
2 55827  87.9139 257.1634 0002136  86.8833 273.2545 13.20772191172575
ONEWEB-0669             
1 55828U 23029AJ  26254.53685073 -.00000012  00000+0 -61506-4 0  9996
2 55828  87.9134 257.2164 0002236 102.5160 257.6224 13.20772806172540
ONEWEB-0670             
1 55829U 23029AK  26254.60709696 -.00000096  00000+0 -29372-3 0  9999
2 55829  87.8891 272.4993 0002301  93.0486 267.0907 13.14503137170786
ONEWEB-0671             
1 55830U 23029AL  26254.79790111  .00000070  00000+0  14277-3 0  9991
2 55830  87.9118 287.7207 0002033  89.2849 270.8517 13.19724520170325
ONEWEB-0672             
1 55831U 23029AM  26254.53179561  .00000024  00000+0  28261-4 0  9992
2 55831  87.9140 257.2106 0001842  96.9219 263.2124 13.20770533172547
ONEWEB-0673             
1 55832U 23029AN  26254.62338204  .00000008  00000+0 -13415-4 0  9992
2 55832  87.9120 287.7524 0002087  92.2663 267.8708 13.19724978170302
ONEWEB-0674             
1 55833U 23029AP  26254.49713005  .00000290  00000+0  74846-3 0  9990
2 55833  87.8895 272.5013 0002316  95.7190 264.4204 13.14501400170755
ONEWEB-0675             
1 55834U 23029AQ  26254.63839714 -.00000072  00000+0 -21274-3 0  9990
2 55834  87.9116 287.7541 0001697  94.7948 265.3378 13.19725806170326
ONEWEB-0720             
1 55835U 23029AR  26254.85794952 -.00000004  00000+0 -42661-4 0  9998
2 55835  87.9115 287.7109 0001984  84.8750 275.2609 13.19724937170271
ONEWEB-0537             
1 56046U 23043A   26254.37514029 -.00000009  00000+0 -55859-4 0  9999
2 56046  87.9139 211.6565 0001885  82.3020 277.8325 13.16593175170309
ONEWEB-0538             
1 56047U 23043B   26254.90079269 -.00000073  00000+0 -22518-3 0  9997
2 56047  87.9141 211.5554 0001865  73.8412 286.2924 13.16593954170380
ONEWEB-0546             
1 56048U 23043C   26254.81213369 -.00000015  00000+0 -72172-4 0  9997
2 56048  87.9140 211.5723 0001613  96.0420 264.0895 13.16595613170368
ONEWEB-0547             
1 56049U 23043D   26254.61773426 -.00000022  00000+0 -84658-4 0  9991
2 56049  87.9265 226.7705 0002062  77.8883 282.2482 13.21826960169645
ONEWEB-0548             
1 56050U 23043E   26254.60866515 -.00000281  00000+0 -76769-3 0  9994
2 56050  87.9136 211.6077 0002423  86.2565 273.8843 13.16593701170334
ONEWEB-0549             
1 56051U 23043F   26254.46044823  .00000015  00000+0  37435-5 0  9991
2 56051  87.9263 226.8033 0001809  75.5454 284.5880 13.21827402169625
ONEWEB-0550             
1 56052U 23043G   26254.44701061  .00000017  00000+0  10221-4 0  9999
2 56052  87.9263 226.8061 0002307  83.3879 276.7517 13.21825814169624
ONEWEB-0551             
1 56053U 23043H   26254.93664907  .00000006  00000+0 -18237-4 0  9995
2 56053  87.8968 241.9267 0001882  75.9056 284.2283 13.15547387167804
ONEWEB-0552             
1 56054U 23043J   26254.66905065 -.00000061  00000+0 -17850-3 0  9990
2 56054  87.9259 226.7646 0002224  78.5587 281.5797 13.21826085169657
ONEWEB-0553             
1 56055U 23043K   26254.81846969 -.00000003  00000+0 -40879-4 0  9999
2 56055  87.9143 211.5717 0001810  91.3909 268.7429 13.16595481170379
ONEWEB-0554             
1 56056U 23043L   26254.80579669  .00000063  00000+0  13201-3 0  9991
2 56056  87.9137 211.5819 0002469  86.2021 273.9392 13.16593052170352
ONEWEB-0555             
1 56057U 23043M   26254.38781182  .00000033  00000+0  53195-4 0  9994
2 56057  87.9137 211.6546 0001766  93.9627 266.1706 13.16593521170306
ONEWEB-0557             
1 56058U 23043N   26254.63005373  .00000058  00000+0  11739-3 0  9998
2 56058  87.9138 211.6170 0002727 106.5174 253.6257 13.16594657170333
ONEWEB-0558             
1 56059U 23043P   26254.88940945  .00000065  00000+0  12575-3 0  9996
2 56059  87.9263 226.7176 0001770  79.1094 281.0239 13.21825529169692
ONEWEB-0559             
1 56060U 23043Q   26254.42343136 -.00000229  00000+0 -58574-3 0  9990
2 56060  87.9264 226.8076 0002086  76.9168 283.2199 13.21825415169641
ONEWEB-0566             
1 56061U 23043R   26254.41672567  .00000075  00000+0  15101-3 0  9999
2 56061  87.9266 226.8072 0002060  73.6535 286.4825 13.21826504169623
ONEWEB-0568             
1 56062U 23043S   26254.64746825  .00000056  00000+0  11283-3 0  9990
2 56062  87.9141 211.6019 0001863  85.1823 274.9521 13.16594962170358
ONEWEB-0574             
1 56063U 23043T   26254.63708726  .00000049  00000+0  87213-4 0  9997
2 56063  87.9264 226.7685 0002197  86.5003 273.6382 13.21826175169693
ONEWEB-0575             
1 56064U 23043U   26254.79313674  .00000107  00000+0  24695-3 0  9998
2 56064  87.9141 211.5690 0002200  90.3802 269.7581 13.16594523170367
ONEWEB-0576             
1 56065U 23043V   26254.39414909  .00000047  00000+0  89780-4 0  9998
2 56065  87.9137 211.6580 0002112  85.5988 274.5384 13.16595134170303
ONEWEB-0577             
1 56066U 23043W   26254.40049095  .00000095  00000+0  21450-3 0  9993
2 56066  87.9139 211.6543 0002604  94.4433 265.6995 13.16594302170333
ONEWEB-0578             
1 56067U 23043X   26254.62362999  .00000004  00000+0 -21336-4 0  9994
2 56067  87.9264 226.7668 0001911  89.5412 270.5941 13.21825913169650
ONEWEB-0579             
1 56068U 23043Y   26254.91800285 -.00000023  00000+0 -86002-4 0  9995
2 56068  87.9270 226.7097 0002237  77.2705 282.8679 13.21824431169709
ONEWEB-0581             
1 56069U 23043Z   26254.78680723  .00000023  00000+0  26390-4 0  9996
2 56069  87.9132 211.5838 0002494  88.4404 271.7012 13.16594065170359
ONEWEB-0609             
1 56070U 23043AA  26254.96278285  .00000088  00000+0  19923-3 0  9998
2 56070  87.8967 241.9056 0001940  84.6741 275.4610 13.15547167167847
ONEWEB-0613             
1 56071U 23043AB  26254.50406304  .00000099  00000+0  22929-3 0  9996
2 56071  87.8968 242.0098 0002031  78.1041 282.0317 13.15547300167780
ONEWEB-0630             
1 56072U 23043AC  26254.72750015  .00000081  00000+0  18213-3 0  9994
2 56072  87.8977 241.9423 0002077  80.6995 279.4370 13.15548727167803
ONEWEB-0632             
1 56073U 23043AD  26254.95091898  .00000128  00000+0  30634-3 0  9990
2 56073  87.8969 241.9119 0002152  87.9973 272.1404 13.15548040167836
ONEWEB-0633             
1 56074U 23043AE  26254.94457050  .00000070  00000+0  15239-3 0  9996
2 56074  87.8977 241.8955 0001925  73.4291 286.7051 13.15548291167818
ONEWEB-0634             
1 56075U 23043AF  26254.47396117  .00000006  00000+0 -18612-4 0  9990
2 56075  87.8974 242.0224 0001687  90.9413 269.1911 13.15547084167744
ONEWEB-0635             
1 56076U 23043AG  26254.46920163 -.00000115  00000+0 -33850-3 0  9996
2 56076  87.8979 241.9935 0002242  90.2995 269.8393 13.15547041167770
ONEWEB-0636             
1 56077U 23043AH  26254.91762472 -.00000104  00000+0 -30909-3 0  9994
2 56077  87.8974 241.9082 0002168  89.4283 270.7096 13.15547384167812
ONEWEB-0637             
1 56078U 23043AJ  26254.45495735 -.00000107  00000+0 -31804-3 0  9997
2 56078  87.8972 242.0106 0001970  95.6152 264.5203 13.15547589167777
ONEWEB-0647             
1 56079U 23043AK  26254.90654564 -.00000064  00000+0 -20380-3 0  9994
2 56079  87.8971 241.9335 0002205  87.0997 273.0385 13.15547769167825
ONEWEB-0651             
1 56080U 23043AL  26254.90179205 -.00000020  00000+0 -86007-4 0  9991
2 56080  87.8970 241.9272 0002033  93.5943 266.5420 13.15548497169028
ONEWEB-0718             
1 56081U 23043AM  26254.66886538 -.00000018  00000+0 -80616-4 0  9996
2 56081  87.8978 241.9590 0001534  83.5612 276.5693 13.15548670167807
ONEWEB-0561             
1 56710U 23068A   26254.71191191  .00000086  00000+0  17903-3 0  9993
2 56710  87.9134 257.1843 0002368  89.8727 270.2678 13.20770272160924
ONEWEB-0668             
1 56711U 23068B   26254.38148956  .00000003  00000+0 -26197-4 0  9994
2 56711  87.9139 211.6567 0001608  89.4365 270.6950 13.16594672163123
ONEWEB-0676             
1 56712U 23068C   26254.38940623  .00000049  00000+0  94600-4 0  9999
2 56712  87.9139 211.6623 0002300  86.1488 273.9906 13.16594817163046
ONEWEB-0677             
1 56713U 23068D   26254.70014870  .00000008  00000+0 -12763-4 0  9998
2 56713  87.9136 257.1776 0002076  99.9130 260.2238 13.20771741161227
ONEWEB-0678             
1 56714U 23068E   26254.48505101  .00000087  00000+0  19704-3 0  9993
2 56714  87.8977 241.9913 0002172  81.1539 278.9838 13.15547644160630
ONEWEB-0679             
1 56715U 23068F   26254.80421356  .00000091  00000+0  20343-3 0  9995
2 56715  87.9140 211.5703 0001960  94.8371 265.2983 13.16593989163124
ONEWEB-0680             
1 56716U 23068G   26254.69259999 -.00000087  00000+0 -24160-3 0  9993
2 56716  87.9270 226.7559 0001712  96.3689 263.7640 13.21825607162527
ONEWEB-0681             
1 56717U 23068H   26254.68778907 -.00000082  00000+0 -23125-3 0  9993
2 56717  87.9266 226.7625 0002881  93.5803 266.5660 13.21300350162517
ONEWEB-0682             
1 56718U 23068J   26254.66093740  .00000035  00000+0  57928-4 0  9992
2 56718  87.8976 241.9553 0001724  98.4199 261.7127 13.15547700160823
ONEWEB-0683             
1 56719U 23068K   26254.68470538 -.00000089  00000+0 -26962-3 0  9993
2 56719  87.8980 241.9529 0001789  88.4358 271.6978 13.15548233160791
ONEWEB-0684             
1 56720U 23068L   26254.92081330 -.00000089  00000+0 -26961-3 0  9999
2 56720  87.8976 241.8935 0002436  52.3660 307.7691 13.15548803160655
ONEWEB-0686             
1 56721U 23068M   26254.38464509 -.00000033  00000+0 -11887-3 0  9993
2 56721  87.9127 211.6689 0001789  73.4307 286.7021 13.16593576163056
ONEWEB-0694             
1 56722U 23068N   26254.39099216  .00000015  00000+0  61562-5 0  9999
2 56722  87.9137 211.6471 0001680  88.5147 271.6177 13.16594941163115
ONEWEB-0696             
1 56723U 23068P   26254.49774018  .00000183  00000+0  45114-3 0  9990
2 56723  87.8970 242.0101 0002366  77.5516 282.5879 13.15549168160711
ONEWEB-0703             
1 56724U 23068Q   26254.96358545  .00000141  00000+0  33977-3 0  9994
2 56724  87.8977 241.9006 0002860  78.3101 281.8350 13.15547835160668
ONEWEB-0721             
1 56725U 23068R   26254.69383962  .00000118  00000+0  24933-3 0  9992
2 56725  86.6729  57.8751 0001711  93.4541 266.6787 13.22475521169374
ONEWEB-0015             
1 61594U 24188A   26254.75372345  .00000503  00000+0  13828-2 0  9994
2 61594  87.8959   3.8770 0002112 113.1639 246.9712 13.11417681 95804
ONEWEB-0687             
1 61595U 24188B   26254.79801050 -.00000042  00000+0 -14073-3 0  9993
2 61595  87.9201 348.6712 0001779 117.3575 242.7737 13.17650395 97300
ONEWEB-0688             
1 61596U 24188C   26254.75075611 -.00000002  00000+0 -37579-4 0  9999
2 61596  87.9202 348.6811 0002854 122.2052 237.9357 13.17650100 97298
ONEWEB-0689             
1 61597U 24188D   26254.78761548 -.00000446  00000+0 -12949-2 0  9998
2 61597  87.8970   3.8383 0001503 106.2076 253.9218 13.11416116 95802
ONEWEB-0690             
1 61598U 24188E   26254.79778700 -.00000539  00000+0 -15557-2 0  9999
2 61598  87.8969   3.8460 0002291  90.1655 269.9735 13.11416259 95984
ONEWEB-0691             
1 61599U 24188F   26254.79270057 -.00000560  00000+0 -16160-2 0  9997
2 61599  87.8980   3.7648 0001952 111.8483 248.2853 13.11415088 95832
ONEWEB-0692             
1 61600U 24188G   26254.27897687  .00000115  00000+0  28806-3 0  9992
2 61600  87.8960   3.9635 0001178  82.0776 278.0486 13.11417945 95753
ONEWEB-0693             
1 61601U 24188H   26254.76258371 -.00005277  00000+0 -13630-1 0  9991
2 61601  87.9158 348.6973 0002349 101.1079 259.0317 13.17661647 97286
ONEWEB-0695             
1 61602U 24188J   26254.78931129 -.00000469  00000+0 -13580-2 0  9996
2 61602  87.8960   3.8536 0001258 100.9364 259.1906 13.11416119 95812
ONEWEB-0697             
1 61603U 24188K   26254.74523820  .00000266  00000+0  71545-3 0  9997
2 61603  87.8965   3.8547 0001281  79.6428 280.4844 13.11419095 95790
ONEWEB-0698             
1 61604U 24188L   26254.79948455 -.00000541  00000+0 -15617-2 0  9993
2 61604  87.8964   3.8565 0002034  66.6406 293.4936 13.11416832 95825
ONEWEB-0699             
1 61605U 24188M   26254.72830399  .00000645  00000+0  18118-2 0  9996
2 61605  87.8894  19.0334 0001369  79.5544 280.5738 13.10371025 94646
ONEWEB-0700             
1 61606U 24188N   26254.73000201  .00000656  00000+0  18440-2 0  9999
2 61606  87.8909  18.9556 0001426  84.1459 275.9831 13.10371132 94639
ONEWEB-0701             
1 61607U 24188P   26254.74695694 -.00000305  00000+0 -91044-3 0  9992
2 61607  87.8896  19.0320 0001333  74.4900 285.6375 13.10372657 94641
ONEWEB-0702             
1 61608U 24188Q   26254.54007750  .00000308  00000+0  83239-3 0  9999
2 61608  87.8978   3.8292 0000734  74.6809 285.4400 13.11414041 95807
ONEWEB-0704             
1 61609U 24188R   26254.73509560  .00000293  00000+0  80281-3 0  9994
2 61609  87.8898  19.0255 0000782  80.2505 279.8711 13.10370216 94621
ONEWEB-0705             
1 61610U 24188S   26254.74017822  .00000010  00000+0 -73444-5 0  9995
2 61610  87.8898  19.0305 0000982 128.2862 231.8354 13.10369481 86792
ONEWEB-0706             
1 61611U 24188T   26254.80127620  .00000621  00000+0  17426-2 0  9993
2 61611  87.8898  19.0200 0001170  99.4092 260.7168 13.10372494 94725
ONEWEB-0707             
1 61612U 24188U   26254.73170081  .00000461  00000+0  12857-2 0  9990
2 61612  87.8898  19.0309 0001151  97.2418 262.8840 13.10371248 94651
ONEWEB-0708             
1 61613U 24188V   26254.75035259 -.00000484  00000+0 -14222-2 0  9995
2 61613  87.8886  19.0387 0001611 120.0201 240.1086 13.10369257 94637
